k,s,t,n1,n2,sol1,sc,sort,,1.0,2.0,3.0,4.0,5.0,6.0,7.0,8.0,9.0,10.0,11.0,12.0,13.0,14.0,15.0,16.0,17.0,18.0,19.0,20.0,21.0,22.0,23.0,24.0,25.0,26.0,27.0,28.0,29.0,30.0,31.0,32.0,33.0,34.0,35.0,36.0,37.0,38.0,39.0,40.0,41.0,42.0,43.0,44.0,45.0,46.0,47.0,48.0,49.0,50.0,51.0,52.0,53.0,54.0
1.0,2.0,6.0,2.0,1.0,0.3333333333,0.6666666667,2.0,1.0,#N/A,0.6666666667,1.5,1.8,2.333333333,2.571428571,2.75,2.888888889,3.2,3.363636364,3.5,3.615384615,3.714285714,3.8,3.875,3.941176471,4.111111111,4.210526316,4.3,4.380952381,4.454545455,4.52173913,4.583333333,4.64,4.692307692,4.740740741,4.785714286,4.827586207,4.866666667,4.903225806,4.9375,4.96969697,5.058823529,5.114285714,5.166666667,5.216216216,5.263157895,5.307692308,5.35,5.390243902,5.428571429,5.465116279,5.5,5.533333333,5.565217391,5.595744681,5.625,5.653061224,5.68,5.705882353,5.730769231,5.754716981,5.777777778,5.8
2.0,5.0,9.0,2.0,2.0,0.5555555556,1.444444444,3.0,2.0,0.6666666667,1.444444444,1.833333333,2.266666667,2.555555556,2.761904762,2.916666667,3.148148148,3.333333333,3.484848485,3.611111111,3.717948718,3.80952381,3.888888889,3.958333333,4.078431373,4.185185185,4.280701754,4.366666667,4.444444444,4.515151515,4.579710145,4.638888889,4.693333333,4.743589744,4.790123457,4.833333333,4.873563218,4.911111111,4.946236559,4.979166667,5.04040404,5.098039216,5.152380952,5.203703704,5.252252252,5.298245614,5.341880342,5.383333333,5.422764228,5.46031746,5.496124031,5.53030303,5.562962963,5.594202899,5.624113475,5.652777778,5.680272109,5.706666667,5.732026144,5.756410256,5.779874214,5.802469136,5.824242424
2.0,4.0,8.0,3.0,1.0,0.5,1.5,4.0,3.0,1.5,1.833333333,2.25,2.6,2.833333333,3.142857143,3.25,3.444444444,3.6,3.727272727,3.833333333,3.884615385,4.071428571,4.133333333,4.1875,4.294117647,4.388888889,4.473684211,4.55,4.619047619,4.681818182,4.739130435,4.791666667,4.84,4.884615385,4.907407407,4.928571429,5.034482759,5.066666667,5.096774194,5.125,5.181818182,5.235294118,5.285714286,5.333333333,5.378378378,5.421052632,5.461538462,5.5,5.536585366,5.571428571,5.604651163,5.636363636,5.666666667,5.695652174,5.723404255,5.75,5.775510204,5.8,5.823529412,5.846153846,5.867924528,5.888888889,5.909090909
2.0,2.0,12.0,3.0,2.0,0.1666666667,1.833333333,5.0,4.0,1.8,2.266666667,2.6,2.84,3.133333333,3.342857143,3.5,3.666666667,3.8,3.909090909,4.066666667,4.123076923,4.228571429,4.32,4.4,4.494117647,4.577777778,4.652631579,4.72,4.780952381,4.836363636,4.869565217,4.9,4.96,5.030769231,5.059259259,5.085714286,5.137931034,5.186666667,5.232258065,5.275,5.327272727,5.376470588,5.422857143,5.466666667,5.508108108,5.547368421,5.584615385,5.62,5.653658537,5.685714286,5.71627907,5.745454545,5.773333333,5.8,5.825531915,5.85,5.873469388,5.896,5.909803922,5.923076923,5.935849057,5.948148148,5.974545455
2.0,2.0,10.0,4.0,1.0,0.2,1.8,6.0,5.0,2.333333333,2.555555556,2.833333333,3.133333333,3.333333333,3.571428571,3.75,3.851851852,3.933333333,4.060606061,4.166666667,4.256410256,4.380952381,4.488888889,4.583333333,4.666666667,4.740740741,4.807017544,4.866666667,4.904761905,4.939393939,4.956521739,5.027777778,5.053333333,5.102564103,5.148148148,5.19047619,5.252873563,5.311111111,5.365591398,5.416666667,5.464646465,5.509803922,5.552380952,5.592592593,5.630630631,5.666666667,5.700854701,5.733333333,5.764227642,5.793650794,5.821705426,5.848484848,5.874074074,5.898550725,5.914893617,5.930555556,5.945578231,5.96,5.967320261,6.012820513,6.025157233,6.037037037,6.048484848
3.0,12.0,16.0,3.0,3.0,0.75,2.25,7.0,6.0,2.571428571,2.761904762,3.142857143,3.342857143,3.571428571,3.734693878,3.857142857,4.063492063,4.114285714,4.207792208,4.333333333,4.43956044,4.551020408,4.647619048,4.732142857,4.789915966,4.841269841,4.887218045,4.942857143,5.027210884,5.051948052,5.074534161,5.119047619,5.16,5.21978022,5.275132275,5.326530612,5.384236453,5.438095238,5.488479263,5.535714286,5.58008658,5.621848739,5.66122449,5.698412698,5.733590734,5.766917293,5.798534799,5.828571429,5.850174216,5.870748299,5.890365449,5.909090909,5.926984127,5.944099379,5.987841945,6.011904762,6.023323615,6.034285714,6.044817927,6.065934066,6.086253369,6.105820106,6.124675325
3.0,11.0,15.0,4.0,2.0,0.7333333333,2.266666667,8.0,7.0,2.75,2.916666667,3.25,3.5,3.75,3.857142857,4.0625,4.166666667,4.25,4.363636364,4.5,4.615384615,4.714285714,4.783333333,4.84375,4.882352941,4.972222222,5.026315789,5.05,5.095238095,5.136363636,5.173913043,5.229166667,5.28,5.346153846,5.407407407,5.464285714,5.517241379,5.566666667,5.612903226,5.65625,5.696969697,5.735294118,5.771428571,5.805555556,5.831081081,5.855263158,5.878205128,5.9,5.920731707,5.958333333,5.98255814,6.011363636,6.022222222,6.032608696,6.042553191,6.0625,6.081632653,6.1,6.117647059,6.144230769,6.169811321,6.194444444,6.218181818
3.0,8.0,20.0,4.0,3.0,0.4,2.6,9.0,8.0,2.888888889,3.148148148,3.444444444,3.666666667,3.851851852,4.063492063,4.166666667,4.296296296,4.4,4.525252525,4.648148148,4.735042735,4.80952381,4.859259259,4.930555556,5.026143791,5.049382716,5.093567251,5.133333333,5.19047619,5.242424242,5.289855072,5.351851852,5.408888889,5.47008547,5.526748971,5.579365079,5.62835249,5.674074074,5.716845878,5.756944444,5.787878788,5.816993464,5.844444444,5.87037037,5.888888889,5.912280702,5.945868946,6.011111111,6.021680217,6.031746032,6.041343669,6.060606061,6.079012346,6.096618357,6.113475177,6.138888889,6.163265306,6.186666667,6.209150327,6.239316239,6.268343816,6.296296296,6.323232323
3.0,4.0,25.0,4.0,4.0,0.16,2.84,10.0,9.0,3.2,3.333333333,3.6,3.8,3.933333333,4.114285714,4.25,4.4,4.52,4.654545455,4.766666667,4.830769231,4.9,4.973333333,5.025,5.070588235,5.111111111,5.168421053,5.22,5.285714286,5.345454545,5.4,5.466666667,5.528,5.584615385,5.637037037,5.685714286,5.731034483,5.773333333,5.806451613,5.8375,5.860606061,5.882352941,5.908571429,5.95,5.994594595,6.010526316,6.020512821,6.04,6.058536585,6.076190476,6.093023256,6.118181818,6.142222222,6.165217391,6.187234043,6.216666667,6.244897959,6.272,6.298039216,6.330769231,6.362264151,6.392592593,6.421818182
3.0,8.0,12.0,5.0,1.0,0.6666666667,2.333333333,11.0,10.0,3.363636364,3.484848485,3.727272727,3.909090909,4.060606061,4.207792208,4.363636364,4.525252525,4.654545455,4.760330579,4.848484848,4.895104895,5.025974026,5.048484848,5.090909091,5.14973262,5.202020202,5.267942584,5.327272727,5.398268398,5.462809917,5.52173913,5.583333333,5.64,5.692307692,5.734006734,5.772727273,5.808777429,5.842424242,5.868035191,5.897727273,5.920110193,5.978609626,6.01038961,6.02020202,6.029484029,6.04784689,6.065268065,6.090909091,6.115299335,6.138528139,6.160676533,6.190082645,6.218181818,6.245059289,6.270793037,6.303030303,6.333951763,6.363636364,6.392156863,6.423076923,6.452830189,6.481481481,6.509090909
3.0,8.0,18.0,5.0,2.0,0.4444444444,2.555555556,12.0,11.0,3.5,3.611111111,3.833333333,4.066666667,4.166666667,4.333333333,4.5,4.648148148,4.766666667,4.848484848,4.916666667,5.025641026,5.071428571,5.111111111,5.166666667,5.235294118,5.296296296,5.368421053,5.433333333,5.507936508,5.575757576,5.637681159,5.694444444,5.74,5.782051282,5.814814815,5.845238095,5.873563218,5.9,5.930107527,5.984375,6.01010101,6.019607843,6.038095238,6.055555556,6.072072072,6.096491228,6.11965812,6.15,6.178861789,6.206349206,6.23255814,6.265151515,6.296296296,6.326086957,6.354609929,6.388888889,6.421768707,6.453333333,6.483660131,6.512820513,6.540880503,6.567901235,6.593939394
3.0,4.0,24.0,5.0,3.0,0.1666666667,2.833333333,13.0,12.0,3.615384615,3.717948718,3.884615385,4.123076923,4.256410256,4.43956044,4.615384615,4.735042735,4.830769231,4.895104895,5.025641026,5.071005917,5.131868132,5.184615385,5.25,5.325791855,5.393162393,5.469635628,5.538461538,5.608058608,5.671328671,5.722408027,5.769230769,5.806153846,5.840236686,5.866096866,5.89010989,5.917771883,5.984615385,6.009925558,6.019230769,6.037296037,6.054298643,6.079120879,6.102564103,6.124740125,6.153846154,6.181459566,6.215384615,6.247654784,6.278388278,6.307692308,6.342657343,6.376068376,6.408026756,6.438625205,6.471153846,6.502354788,6.532307692,6.561085973,6.588757396,6.615384615,6.641025641,6.665734266
3.0,6.0,14.0,6.0,1.0,0.4285714286,2.571428571,14.0,13.0,3.714285714,3.80952381,4.071428571,4.228571429,4.380952381,4.551020408,4.714285714,4.80952381,4.9,5.025974026,5.071428571,5.131868132,5.204081633,5.266666667,5.339285714,5.420168067,5.492063492,5.571428571,5.642857143,5.700680272,5.753246753,5.795031056,5.833333333,5.862857143,5.89010989,5.920634921,5.954081633,6.009852217,6.019047619,6.036866359,6.053571429,6.077922078,6.100840336,6.130612245,6.158730159,6.185328185,6.218045113,6.249084249,6.285714286,6.320557491,6.353741497,6.38538206,6.422077922,6.457142857,6.49068323,6.522796353,6.553571429,6.583090379,6.611428571,6.638655462,6.664835165,6.690026954,6.714285714,6.737662338
3.0,5.0,21.0,6.0,2.0,0.2380952381,2.761904762,15.0,14.0,3.8,3.888888889,4.133333333,4.32,4.488888889,4.647619048,4.783333333,4.859259259,4.973333333,5.048484848,5.111111111,5.184615385,5.266666667,5.337777778,5.416666667,5.501960784,5.577777778,5.652631579,5.72,5.768253968,5.812121212,5.846376812,5.877777778,5.906666667,5.938461538,6.009876543,6.019047619,6.036781609,6.053333333,6.077419355,6.1,6.129292929,6.156862745,6.19047619,6.222222222,6.252252252,6.287719298,6.321367521,6.36,6.396747967,6.431746032,6.465116279,6.5,6.533333333,6.565217391,6.595744681,6.625,6.653061224,6.68,6.705882353,6.730769231,6.752201258,6.772839506,6.792727273
3.0,4.0,16.0,7.0,1.0,0.25,2.75,16.0,15.0,3.875,3.958333333,4.1875,4.4,4.583333333,4.732142857,4.84375,4.930555556,5.025,5.090909091,5.166666667,5.25,5.339285714,5.416666667,5.5,5.588235294,5.666666667,5.730263158,5.7875,5.827380952,5.863636364,5.891304348,5.921875,5.97,6.009615385,6.027777778,6.044642857,6.068965517,6.091666667,6.120967742,6.1484375,6.181818182,6.213235294,6.25,6.284722222,6.317567568,6.355263158,6.391025641,6.43125,6.469512195,6.505952381,6.540697674,6.573863636,6.605555556,6.635869565,6.664893617,6.692708333,6.719387755,6.745,6.767156863,6.788461538,6.806603774,6.824074074,6.840909091
3.0,2.0,24.0,7.0,2.0,0.08333333333,2.916666667,17.0,16.0,3.941176471,4.078431373,4.294117647,4.494117647,4.666666667,4.789915966,4.882352941,5.026143791,5.070588235,5.14973262,5.235294118,5.325791855,5.420168067,5.501960784,5.588235294,5.664359862,5.732026144,5.786377709,5.835294118,5.868347339,5.898395722,5.941176471,6.009803922,6.018823529,6.036199095,6.061002179,6.084033613,6.113590264,6.141176471,6.174573055,6.205882353,6.242424242,6.276816609,6.315966387,6.352941176,6.387917329,6.427244582,6.464555053,6.502941176,6.539454806,6.574229692,6.607387141,6.639037433,6.669281046,6.698209719,6.723404255,6.74754902,6.770708283,6.792941176,6.811995386,6.830316742,6.84572697,6.860566449,6.87486631
3.0,2.0,18.0,8.0,1.0,0.1111111111,2.888888889,18.0,17.0,4.111111111,4.185185185,4.388888889,4.577777778,4.740740741,4.841269841,4.972222222,5.049382716,5.111111111,5.202020202,5.296296296,5.393162393,5.492063492,5.577777778,5.666666667,5.732026144,5.790123457,5.83625731,5.877777778,5.904761905,5.96969697,6.009661836,6.027777778,6.044444444,6.068376068,6.098765432,6.126984127,6.16091954,6.192592593,6.229390681,6.263888889,6.303030303,6.339869281,6.380952381,6.419753086,6.456456456,6.497076023,6.535612536,6.572222222,6.60704607,6.64021164,6.671834625,6.702020202,6.728395062,6.753623188,6.775413712,6.796296296,6.816326531,6.835555556,6.851851852,6.867521368,6.880503145,6.893004115,6.907070707
4.0,26.0,30.0,5.0,4.0,0.8666666667,3.133333333,19.0,18.0,4.210526316,4.280701754,4.473684211,4.652631579,4.807017544,4.887218045,5.026315789,5.093567251,5.168421053,5.267942584,5.368421053,5.469635628,5.571428571,5.652631579,5.730263158,5.786377709,5.83625731,5.87534626,5.910526316,5.989974937,6.009569378,6.027459954,6.052631579,6.075789474,6.105263158,6.140350877,6.172932331,6.210526316,6.245614035,6.285229202,6.322368421,6.363636364,6.40247678,6.445112782,6.485380117,6.523470839,6.56232687,6.599190283,6.634210526,6.667522465,6.69924812,6.727050184,6.753588517,6.776608187,6.798627002,6.817469205,6.835526316,6.852846402,6.869473684,6.883384933,6.896761134,6.911618669,6.931773879,6.955023923
4.0,24.0,36.0,5.0,5.0,0.6666666667,3.333333333,20.0,19.0,4.3,4.366666667,4.55,4.72,4.866666667,4.942857143,5.05,5.133333333,5.22,5.327272727,5.433333333,5.538461538,5.642857143,5.72,5.7875,5.835294118,5.877777778,5.910526316,5.985,6.00952381,6.027272727,6.052173913,6.083333333,6.112,6.146153846,6.185185185,6.221428571,6.262068966,6.3,6.341935484,6.38125,6.424242424,6.464705882,6.508571429,6.55,6.589189189,6.626315789,6.661538462,6.695,6.724390244,6.752380952,6.776744186,6.8,6.82,6.839130435,6.855319149,6.870833333,6.885714286,6.902,6.919607843,6.936538462,6.964150943,6.998148148,7.003636364
4.0,24.0,28.0,6.0,3.0,0.8571428571,3.142857143,21.0,20.0,4.380952381,4.444444444,4.619047619,4.780952381,4.904761905,5.027210884,5.095238095,5.19047619,5.285714286,5.398268398,5.507936508,5.608058608,5.700680272,5.768253968,5.827380952,5.868347339,5.904761905,5.989974937,6.00952381,6.027210884,6.051948052,6.082815735,6.119047619,6.152380952,6.19047619,6.232804233,6.272108844,6.315270936,6.355555556,6.399385561,6.44047619,6.484848485,6.526610644,6.568707483,6.608465608,6.646074646,6.681704261,6.713064713,6.742857143,6.768873403,6.793650794,6.815060908,6.835497835,6.852910053,6.869565217,6.883485309,6.898809524,6.91739553,6.937142857,6.97945845,6.998168498,7.00359389,7.007054674,7.013852814
4.0,23.0,35.0,6.0,4.0,0.6571428571,3.342857143,22.0,21.0,4.454545455,4.515151515,4.681818182,4.836363636,4.939393939,5.051948052,5.136363636,5.242424242,5.345454545,5.462809917,5.575757576,5.671328671,5.753246753,5.812121212,5.863636364,5.898395722,5.96969697,6.009569378,6.027272727,6.051948052,6.082644628,6.118577075,6.159090909,6.196363636,6.237762238,6.282828283,6.324675325,6.369905956,6.412121212,6.457478006,6.5,6.545454545,6.588235294,6.628571429,6.666666667,6.7002457,6.732057416,6.75990676,6.786363636,6.809312639,6.831168831,6.849894292,6.867768595,6.882828283,6.897233202,6.916827853,6.933712121,6.970315399,6.998181818,7.003565062,7.006993007,7.013722127,7.02020202,7.029752066
4.0,18.0,42.0,6.0,5.0,0.4285714286,3.571428571,23.0,22.0,4.52173913,4.579710145,4.739130435,4.869565217,4.956521739,5.074534161,5.173913043,5.289855072,5.4,5.52173913,5.637681159,5.722408027,5.795031056,5.846376812,5.891304348,5.941176471,6.009661836,6.027459954,6.052173913,6.082815735,6.118577075,6.15879017,6.202898551,6.243478261,6.287625418,6.334943639,6.378881988,6.425787106,6.469565217,6.516129032,6.559782609,6.60342556,6.644501279,6.680745342,6.714975845,6.745005875,6.773455378,6.798216276,6.82173913,6.841993637,6.861283644,6.877654196,6.893280632,6.912077295,6.93194707,6.964847364,6.996376812,7.003549246,7.006956522,7.013640239,7.02006689,7.029532404,7.038647343,7.050592885
4.0,13.0,49.0,6.0,6.0,0.2653061224,3.734693878,24.0,23.0,4.583333333,4.638888889,4.791666667,4.9,5.027777778,5.119047619,5.229166667,5.351851852,5.466666667,5.583333333,5.694444444,5.769230769,5.833333333,5.877777778,5.921875,6.009803922,6.027777778,6.052631579,6.083333333,6.119047619,6.159090909,6.202898551,6.25,6.293333333,6.33974359,6.388888889,6.43452381,6.482758621,6.527777778,6.575268817,6.619791667,6.659090909,6.696078431,6.728571429,6.759259259,6.786036036,6.811403509,6.833333333,6.854166667,6.87195122,6.888888889,6.906976744,6.926136364,6.95,6.994565217,7.003546099,7.006944444,7.013605442,7.02,7.029411765,7.038461538,7.050314465,7.061728395,7.075757576
4.0,24.0,32.0,7.0,3.0,0.75,3.25,25.0,24.0,4.64,4.693333333,4.84,4.96,5.053333333,5.16,5.28,5.408888889,5.528,5.64,5.74,5.806153846,5.862857143,5.906666667,5.97,6.018823529,6.044444444,6.075789474,6.112,6.152380952,6.196363636,6.243478261,6.293333333,6.3392,6.387692308,6.438518519,6.485714286,6.535172414,6.581333333,6.627096774,6.67,6.705454545,6.738823529,6.768,6.795555556,6.819459459,6.842105263,6.861538462,6.88,6.895609756,6.914285714,6.939534884,6.990909091,7.003555556,7.006956522,7.013617021,7.02,7.029387755,7.0384,7.050196078,7.061538462,7.075471698,7.088888889,7.104727273
4.0,20.0,40.0,7.0,4.0,0.5,3.5,26.0,25.0,4.692307692,4.743589744,4.884615385,5.030769231,5.102564103,5.21978022,5.346153846,5.47008547,5.584615385,5.692307692,5.782051282,5.840236686,5.89010989,5.938461538,6.009615385,6.036199095,6.068376068,6.105263158,6.146153846,6.19047619,6.237762238,6.287625418,6.33974359,6.387692308,6.437869822,6.49002849,6.538461538,6.588859416,6.635897436,6.677419355,6.716346154,6.748251748,6.778280543,6.804395604,6.829059829,6.85031185,6.870445344,6.887573964,6.903846154,6.930581614,6.954212454,7.003577818,7.006993007,7.013675214,7.02006689,7.029459902,7.038461538,7.050235479,7.061538462,7.075414781,7.088757396,7.104499274,7.11965812,7.137062937
4.0,12.0,48.0,7.0,5.0,0.25,3.75,27.0,26.0,4.740740741,4.790123457,4.907407407,5.059259259,5.148148148,5.275132275,5.407407407,5.526748971,5.637037037,5.734006734,5.814814815,5.866096866,5.920634921,6.009876543,6.027777778,6.061002179,6.098765432,6.140350877,6.185185185,6.232804233,6.282828283,6.334943639,6.388888889,6.438518519,6.49002849,6.543209877,6.592592593,6.638569604,6.681481481,6.719235364,6.75462963,6.78338945,6.810457516,6.833862434,6.855967078,6.874874875,6.892787524,6.913580247,6.938888889,6.996386631,7.003527337,7.010335917,7.016835017,7.026337449,7.035426731,7.047281324,7.058641975,7.072562358,7.085925926,7.101670298,7.116809117,7.134171908,7.150891632,7.16969697
4.0,8.0,56.0,7.0,6.0,0.1428571429,3.857142857,28.0,27.0,4.785714286,4.833333333,4.928571429,5.085714286,5.19047619,5.326530612,5.464285714,5.579365079,5.685714286,5.772727273,5.845238095,5.89010989,5.954081633,6.019047619,6.044642857,6.084033613,6.126984127,6.172932331,6.221428571,6.272108844,6.324675325,6.378881988,6.43452381,6.485714286,6.538461538,6.592592593,6.642857143,6.684729064,6.723809524,6.758064516,6.790178571,6.816017316,6.840336134,6.86122449,6.880952381,6.8996139,6.922932331,6.950549451,7.003571429,7.006968641,7.013605442,7.023255814,7.032467532,7.044444444,7.055900621,7.069908815,7.083333333,7.099125364,7.114285714,7.131652661,7.148351648,7.167115903,7.185185185,7.205194805
4.0,23.0,27.0,8.0,2.0,0.8518518519,3.148148148,29.0,28.0,4.827586207,4.873563218,5.034482759,5.137931034,5.252873563,5.384236453,5.517241379,5.62835249,5.731034483,5.808777429,5.873563218,5.917771883,6.009852217,6.036781609,6.068965517,6.113590264,6.16091954,6.210526316,6.262068966,6.315270936,6.369905956,6.425787106,6.482758621,6.535172414,6.588859416,6.638569604,6.684729064,6.72294887,6.75862069,6.789766407,6.818965517,6.842215256,6.864097363,6.882758621,6.904214559,6.930102516,6.969147005,7.003536693,7.010344828,7.016820858,7.026272578,7.038492382,7.05015674,7.064367816,7.077961019,7.093910492,7.109195402,7.126671358,7.143448276,7.162271805,7.180371353,7.200390371,7.219667944,7.240752351
4.0,20.0,36.0,8.0,3.0,0.5555555556,3.444444444,30.0,29.0,4.866666667,4.911111111,5.066666667,5.186666667,5.311111111,5.438095238,5.566666667,5.674074074,5.773333333,5.842424242,5.9,5.984615385,6.019047619,6.053333333,6.091666667,6.141176471,6.192592593,6.245614035,6.3,6.355555556,6.412121212,6.469565217,6.527777778,6.581333333,6.635897436,6.681481481,6.723809524,6.75862069,6.791111111,6.819354839,6.845833333,6.866666667,6.88627451,6.906666667,6.935185185,6.983783784,7.003508772,7.01025641,7.02,7.029268293,7.041269841,7.055813953,7.06969697,7.085925926,7.101449275,7.119148936,7.136111111,7.155102041,7.173333333,7.193464052,7.212820513,7.233962264,7.254320988,7.276363636
4.0,15.0,45.0,8.0,4.0,0.3333333333,3.666666667,31.0,30.0,4.903225806,4.946236559,5.096774194,5.232258065,5.365591398,5.488479263,5.612903226,5.716845878,5.806451613,5.868035191,5.930107527,6.009925558,6.036866359,6.077419355,6.120967742,6.174573055,6.229390681,6.285229202,6.341935484,6.399385561,6.457478006,6.516129032,6.575268817,6.627096774,6.677419355,6.719235364,6.758064516,6.789766407,6.819354839,6.844953174,6.868951613,6.887585533,6.910815939,6.940092166,6.989247312,7.003487358,7.010186757,7.019851117,7.032258065,7.044059795,7.058371736,7.075018755,7.090909091,7.108960573,7.126227209,7.145504461,7.163978495,7.184331797,7.203870968,7.225173941,7.245657568,7.2678028,7.289127838,7.31202346
4.0,8.0,54.0,8.0,5.0,0.1481481481,3.851851852,32.0,31.0,4.9375,4.979166667,5.125,5.275,5.416666667,5.535714286,5.65625,5.756944444,5.8375,5.897727273,5.984375,6.019230769,6.053571429,6.1,6.1484375,6.205882353,6.263888889,6.322368421,6.38125,6.44047619,6.5,6.559782609,6.619791667,6.67,6.716346154,6.75462963,6.790178571,6.818965517,6.845833333,6.868951613,6.892578125,6.912878788,6.948529412,6.991071429,7.003472222,7.010135135,7.019736842,7.032051282,7.046875,7.06097561,7.077380952,7.095930233,7.113636364,7.133333333,7.152173913,7.17287234,7.192708333,7.214285714,7.235,7.257352941,7.278846154,7.301886792,7.324074074,7.347727273
4.0,16.0,20.0,9.0,1.0,0.8,3.2,33.0,32.0,4.96969697,5.04040404,5.181818182,5.327272727,5.464646465,5.58008658,5.696969697,5.787878788,5.860606061,5.920110193,6.01010101,6.037296037,6.077922078,6.129292929,6.181818182,6.242424242,6.303030303,6.363636364,6.424242424,6.484848485,6.545454545,6.60342556,6.659090909,6.705454545,6.748251748,6.78338945,6.816017316,6.842215256,6.866666667,6.887585533,6.912878788,6.951331497,6.992869875,7.003463203,7.01010101,7.01965602,7.031897927,7.046620047,7.063636364,7.079822616,7.098124098,7.118393235,7.137741047,7.158922559,7.179183136,7.201160542,7.222222222,7.244897959,7.266666667,7.289958408,7.312354312,7.33619211,7.359147026,7.383471074
4.0,20.0,30.0,9.0,2.0,0.6666666667,3.333333333,34.0,33.0,5.058823529,5.098039216,5.235294118,5.376470588,5.509803922,5.621848739,5.735294118,5.816993464,5.882352941,5.978609626,6.019607843,6.054298643,6.100840336,6.156862745,6.213235294,6.276816609,6.339869281,6.40247678,6.464705882,6.526610644,6.588235294,6.644501279,6.696078431,6.738823529,6.778280543,6.810457516,6.840336134,6.864097363,6.88627451,6.910815939,6.948529412,6.992869875,7.003460208,7.010084034,7.019607843,7.031796502,7.046439628,7.063348416,7.082352941,7.100430416,7.120448179,7.142270862,7.163101604,7.185620915,7.207161125,7.23028786,7.25245098,7.276110444,7.298823529,7.32295271,7.346153846,7.370699223,7.394335512,7.419251337
4.0,16.0,40.0,9.0,3.0,0.4,3.6,35.0,34.0,5.114285714,5.152380952,5.285714286,5.422857143,5.552380952,5.66122449,5.771428571,5.844444444,5.908571429,6.01038961,6.038095238,6.079120879,6.130612245,6.19047619,6.25,6.315966387,6.380952381,6.445112782,6.508571429,6.568707483,6.628571429,6.680745342,6.728571429,6.768,6.804395604,6.833862434,6.86122449,6.882758621,6.906666667,6.940092166,6.991071429,7.003463203,7.010084034,7.019591837,7.031746032,7.046332046,7.063157895,7.082051282,7.102857143,7.122648084,7.144217687,7.16744186,7.18961039,7.213333333,7.236024845,7.260182371,7.283333333,7.30787172,7.331428571,7.356302521,7.38021978,7.405390836,7.42962963,7.455064935
4.0,10.0,50.0,9.0,4.0,0.2,3.8,36.0,35.0,5.166666667,5.203703704,5.333333333,5.466666667,5.592592593,5.698412698,5.805555556,5.87037037,5.95,6.02020202,6.055555556,6.102564103,6.158730159,6.222222222,6.284722222,6.352941176,6.419753086,6.485380117,6.55,6.608465608,6.666666667,6.714975845,6.759259259,6.795555556,6.829059829,6.855967078,6.880952381,6.904214559,6.935185185,6.989247312,7.003472222,7.01010101,7.019607843,7.031746032,7.046296296,7.063063063,7.081871345,7.102564103,7.125,7.146341463,7.169312169,7.19379845,7.217171717,7.241975309,7.265700483,7.290780142,7.314814815,7.340136054,7.364444444,7.389978214,7.414529915,7.440251572,7.465020576,7.490909091
4.0,4.0,60.0,9.0,5.0,0.06666666667,3.933333333,37.0,36.0,5.216216216,5.252252252,5.378378378,5.508108108,5.630630631,5.733590734,5.831081081,5.888888889,5.994594595,6.029484029,6.072072072,6.124740125,6.185328185,6.252252252,6.317567568,6.387917329,6.456456456,6.523470839,6.589189189,6.646074646,6.7002457,6.745005875,6.786036036,6.819459459,6.85031185,6.874874875,6.8996139,6.930102516,6.983783784,7.003487358,7.010135135,7.01965602,7.031796502,7.046332046,7.063063063,7.081811541,7.102418208,7.124740125,7.148648649,7.171390903,7.195624196,7.2212445,7.245700246,7.271471471,7.296122209,7.322024152,7.346846847,7.372862659,7.397837838,7.423953365,7.449064449,7.475267721,7.500500501,7.526781327
4.0,14.0,22.0,10.0,1.0,0.6363636364,3.363636364,38.0,37.0,5.263157895,5.298245614,5.421052632,5.547368421,5.666666667,5.766917293,5.855263158,5.912280702,6.010526316,6.04784689,6.096491228,6.153846154,6.218045113,6.287719298,6.355263158,6.427244582,6.497076023,6.56232687,6.626315789,6.681704261,6.732057416,6.773455378,6.811403509,6.842105263,6.870445344,6.892787524,6.922932331,6.969147005,7.003508772,7.010186757,7.019736842,7.031897927,7.046439628,7.063157895,7.081871345,7.102418208,7.12465374,7.148448043,7.173684211,7.197689345,7.223057644,7.249694002,7.275119617,7.301754386,7.327231121,7.353863382,7.379385965,7.406015038,7.431578947,7.458204334,7.483805668,7.510427011,7.536062378,7.562679426
4.0,17.0,33.0,10.0,2.0,0.5151515152,3.484848485,39.0,38.0,5.307692308,5.341880342,5.461538462,5.584615385,5.700854701,5.798534799,5.878205128,5.945868946,6.020512821,6.065268065,6.11965812,6.181459566,6.249084249,6.321367521,6.391025641,6.464555053,6.535612536,6.599190283,6.661538462,6.713064713,6.75990676,6.798216276,6.833333333,6.861538462,6.887573964,6.913580247,6.950549451,7.003536693,7.01025641,7.019851117,7.032051282,7.046620047,7.063348416,7.082051282,7.102564103,7.124740125,7.148448043,7.17357002,7.2,7.225140713,7.251526252,7.279069767,7.305361305,7.332763533,7.358974359,7.386252046,7.412393162,7.43956044,7.465641026,7.492709904,7.518737673,7.545718433,7.571699905,7.597668998
4.0,12.0,44.0,10.0,3.0,0.2727272727,3.727272727,40.0,39.0,5.35,5.383333333,5.5,5.62,5.733333333,5.828571429,5.9,6.011111111,6.04,6.090909091,6.15,6.215384615,6.285714286,6.36,6.43125,6.502941176,6.572222222,6.634210526,6.695,6.742857143,6.786363636,6.82173913,6.854166667,6.88,6.903846154,6.938888889,7.003571429,7.010344828,7.02,7.032258065,7.046875,7.063636364,7.082352941,7.102857143,7.125,7.148648649,7.173684211,7.2,7.2275,7.253658537,7.280952381,7.309302326,7.336363636,7.364444444,7.391304348,7.419148936,7.445833333,7.473469388,7.5,7.52745098,7.553846154,7.581132075,7.607407407,7.631818182
4.0,5.0,55.0,10.0,4.0,0.09090909091,3.909090909,41.0,40.0,5.390243902,5.422764228,5.536585366,5.653658537,5.764227642,5.850174216,5.920731707,6.021680217,6.058536585,6.115299335,6.178861789,6.247654784,6.320557491,6.396747967,6.469512195,6.539454806,6.60704607,6.667522465,6.724390244,6.768873403,6.809312639,6.841993637,6.87195122,6.895609756,6.930581614,6.996386631,7.006968641,7.016820858,7.029268293,7.044059795,7.06097561,7.079822616,7.100430416,7.122648084,7.146341463,7.171390903,7.197689345,7.225140713,7.253658537,7.280785247,7.308943089,7.338060125,7.365853659,7.394579946,7.422057264,7.4504411,7.477642276,7.505724241,7.532682927,7.56049737,7.587242026,7.613897837,7.639566396,7.662527716
4.0,12.0,24.0,11.0,1.0,0.5,3.5,42.0,41.0,5.428571429,5.46031746,5.571428571,5.685714286,5.793650794,5.870748299,5.958333333,6.031746032,6.076190476,6.138528139,6.206349206,6.278388278,6.353741497,6.431746032,6.505952381,6.574229692,6.64021164,6.69924812,6.752380952,6.793650794,6.831168831,6.861283644,6.888888889,6.914285714,6.954212454,7.003527337,7.013605442,7.026272578,7.041269841,7.058371736,7.077380952,7.098124098,7.120448179,7.144217687,7.169312169,7.195624196,7.223057644,7.251526252,7.280952381,7.308943089,7.337868481,7.367663344,7.396103896,7.425396825,7.453416149,7.482269504,7.509920635,7.538386783,7.565714286,7.593837535,7.620879121,7.646001797,7.670194004,7.691774892
4.0,14.0,36.0,11.0,2.0,0.3888888889,3.611111111,43.0,42.0,5.465116279,5.496124031,5.604651163,5.71627907,5.821705426,5.890365449,5.98255814,6.041343669,6.093023256,6.160676533,6.23255814,6.307692308,6.38538206,6.465116279,6.540697674,6.607387141,6.671834625,6.727050184,6.776744186,6.815060908,6.849894292,6.877654196,6.906976744,6.939534884,7.003577818,7.010335917,7.023255814,7.038492382,7.055813953,7.075018755,7.095930233,7.118393235,7.142270862,7.16744186,7.19379845,7.2212445,7.249694002,7.279069767,7.309302326,7.338060125,7.367663344,7.398053002,7.427061311,7.456847545,7.485338726,7.514596734,7.542635659,7.571428571,7.599069767,7.625626995,7.651162791,7.674857394,7.697674419,7.717970402
4.0,8.0,48.0,11.0,3.0,0.1666666667,3.833333333,44.0,43.0,5.5,5.53030303,5.636363636,5.745454545,5.848484848,5.909090909,6.011363636,6.060606061,6.118181818,6.190082645,6.265151515,6.342657343,6.422077922,6.5,6.573863636,6.639037433,6.702020202,6.753588517,6.8,6.835497835,6.867768595,6.893280632,6.926136364,6.990909091,7.006993007,7.016835017,7.032467532,7.05015674,7.06969697,7.090909091,7.113636364,7.137741047,7.163101604,7.18961039,7.217171717,7.245700246,7.275119617,7.305361305,7.336363636,7.365853659,7.396103896,7.427061311,7.45661157,7.486868687,7.515810277,7.545454545,7.573863636,7.60296846,7.630909091,7.65597148,7.68006993,7.702401372,7.723905724,7.742975207
4.0,10.0,26.0,12.0,1.0,0.3846153846,3.615384615,45.0,44.0,5.533333333,5.562962963,5.666666667,5.773333333,5.874074074,5.926984127,6.022222222,6.079012346,6.142222222,6.218181818,6.296296296,6.376068376,6.457142857,6.533333333,6.605555556,6.669281046,6.728395062,6.776608187,6.82,6.852910053,6.882828283,6.912077295,6.95,7.003555556,7.013675214,7.026337449,7.044444444,7.064367816,7.085925926,7.108960573,7.133333333,7.158922559,7.185620915,7.213333333,7.241975309,7.271471471,7.301754386,7.332763533,7.364444444,7.394579946,7.425396825,7.456847545,7.486868687,7.517530864,7.546859903,7.576832151,7.605555556,7.633106576,7.659555556,7.683224401,7.705982906,7.727044025,7.747325103,7.765252525
4.0,11.0,39.0,12.0,2.0,0.2820512821,3.717948718,46.0,45.0,5.565217391,5.594202899,5.695652174,5.8,5.898550725,5.944099379,6.032608696,6.096618357,6.165217391,6.245059289,6.326086957,6.408026756,6.49068323,6.565217391,6.635869565,6.698209719,6.753623188,6.798627002,6.839130435,6.869565217,6.897233202,6.93194707,6.994565217,7.006956522,7.02006689,7.035426731,7.055900621,7.077961019,7.101449275,7.126227209,7.152173913,7.179183136,7.207161125,7.236024845,7.265700483,7.296122209,7.327231121,7.358974359,7.391304348,7.422057264,7.453416149,7.485338726,7.515810277,7.546859903,7.576559546,7.606845513,7.635869565,7.661934339,7.686956522,7.709292413,7.730769231,7.750615258,7.769726248,7.786561265
4.0,6.0,52.0,12.0,3.0,0.1153846154,3.884615385,47.0,46.0,5.595744681,5.624113475,5.723404255,5.825531915,5.914893617,5.987841945,6.042553191,6.113475177,6.187234043,6.270793037,6.354609929,6.438625205,6.522796353,6.595744681,6.664893617,6.723404255,6.775413712,6.817469205,6.855319149,6.883485309,6.916827853,6.964847364,7.003546099,7.013617021,7.029459902,7.047281324,7.069908815,7.093910492,7.119148936,7.145504461,7.17287234,7.201160542,7.23028786,7.260182371,7.290780142,7.322024152,7.353863382,7.386252046,7.419148936,7.4504411,7.482269504,7.514596734,7.545454545,7.576832151,7.606845513,7.635581711,7.663120567,7.687798524,7.711489362,7.732582395,7.752864157,7.77157768,7.789598109,7.805415861
4.0,8.0,28.0,13.0,1.0,0.2857142857,3.714285714,48.0,47.0,5.625,5.652777778,5.75,5.85,5.930555556,6.011904762,6.0625,6.138888889,6.216666667,6.303030303,6.388888889,6.471153846,6.553571429,6.625,6.692708333,6.74754902,6.796296296,6.835526316,6.870833333,6.898809524,6.933712121,6.996376812,7.006944444,7.02,7.038461538,7.058641975,7.083333333,7.109195402,7.136111111,7.163978495,7.192708333,7.222222222,7.25245098,7.283333333,7.314814815,7.346846847,7.379385965,7.412393162,7.445833333,7.477642276,7.509920635,7.542635659,7.573863636,7.605555556,7.635869565,7.663120567,7.689236111,7.712585034,7.735,7.754901961,7.774038462,7.791666667,7.808641975,7.823484848
4.0,8.0,42.0,13.0,2.0,0.1904761905,3.80952381,49.0,48.0,5.653061224,5.680272109,5.775510204,5.873469388,5.945578231,6.023323615,6.081632653,6.163265306,6.244897959,6.333951763,6.421768707,6.502354788,6.583090379,6.653061224,6.719387755,6.770708283,6.816326531,6.852846402,6.885714286,6.91739553,6.970315399,7.003549246,7.013605442,7.029387755,7.050235479,7.072562358,7.099125364,7.126671358,7.155102041,7.184331797,7.214285714,7.244897959,7.276110444,7.30787172,7.340136054,7.372862659,7.406015038,7.43956044,7.473469388,7.505724241,7.538386783,7.571428571,7.60296846,7.633106576,7.661934339,7.687798524,7.712585034,7.734693878,7.755918367,7.774709884,7.79277865,7.809395456,7.825396825,7.839332096
4.0,6.0,30.0,14.0,1.0,0.2,3.8,50.0,49.0,5.68,5.706666667,5.8,5.896,5.96,6.034285714,6.1,6.186666667,6.272,6.363636364,6.453333333,6.532307692,6.611428571,6.68,6.745,6.792941176,6.835555556,6.869473684,6.902,6.937142857,6.998181818,7.006956522,7.02,7.0384,7.061538462,7.085925926,7.114285714,7.143448276,7.173333333,7.203870968,7.235,7.266666667,7.298823529,7.331428571,7.364444444,7.397837838,7.431578947,7.465641026,7.5,7.532682927,7.565714286,7.599069767,7.630909091,7.659555556,7.686956522,7.711489362,7.735,7.755918367,7.776,7.79372549,7.810769231,7.826415094,7.841481481,7.854545455
4.0,5.0,45.0,14.0,2.0,0.1111111111,3.888888889,51.0,50.0,5.705882353,5.732026144,5.823529412,5.909803922,5.967320261,6.044817927,6.117647059,6.209150327,6.298039216,6.392156863,6.483660131,6.561085973,6.638655462,6.705882353,6.767156863,6.811995386,6.851851852,6.883384933,6.919607843,6.97945845,7.003565062,7.013640239,7.029411765,7.050196078,7.075414781,7.101670298,7.131652661,7.162271805,7.193464052,7.225173941,7.257352941,7.289958408,7.32295271,7.356302521,7.389978214,7.423953365,7.458204334,7.492709904,7.52745098,7.56049737,7.593837535,7.625626995,7.65597148,7.683224401,7.709292413,7.732582395,7.754901961,7.774709884,7.79372549,7.810457516,7.826546003,7.841287458,7.855482934,#N/A
4.0,4.0,32.0,15.0,1.0,0.125,3.875,52.0,51.0,5.730769231,5.756410256,5.846153846,5.923076923,6.012820513,6.065934066,6.144230769,6.239316239,6.330769231,6.423076923,6.512820513,6.588757396,6.664835165,6.730769231,6.788461538,6.830316742,6.867521368,6.896761134,6.936538462,6.998168498,7.006993007,7.02006689,7.038461538,7.061538462,7.088757396,7.116809117,7.148351648,7.180371353,7.212820513,7.245657568,7.278846154,7.312354312,7.346153846,7.38021978,7.414529915,7.449064449,7.483805668,7.518737673,7.553846154,7.587242026,7.620879121,7.651162791,7.68006993,7.705982906,7.730769231,7.752864157,7.774038462,7.79277865,7.810769231,7.826546003,7.841715976,7.855587808,7.868945869,#N/A
4.0,2.0,48.0,15.0,2.0,0.04166666667,3.958333333,53.0,52.0,5.754716981,5.779874214,5.867924528,5.935849057,6.025157233,6.086253369,6.169811321,6.268343816,6.362264151,6.452830189,6.540880503,6.615384615,6.690026954,6.752201258,6.806603774,6.84572697,6.880503145,6.911618669,6.964150943,7.00359389,7.013722127,7.029532404,7.050314465,7.075471698,7.104499274,7.134171908,7.167115903,7.200390371,7.233962264,7.2678028,7.301886792,7.33619211,7.370699223,7.405390836,7.440251572,7.475267721,7.510427011,7.545718433,7.581132075,7.613897837,7.646001797,7.674857394,7.702401372,7.727044025,7.750615258,7.77157768,7.791666667,7.809395456,7.826415094,7.841287458,7.855587808,7.868636525,7.881201957,#N/A
4.0,2.0,34.0,16.0,1.0,0.05882352941,3.941176471,54.0,53.0,5.777777778,5.802469136,5.888888889,5.948148148,6.037037037,6.105820106,6.194444444,6.296296296,6.392592593,6.481481481,6.567901235,6.641025641,6.714285714,6.772839506,6.824074074,6.860566449,6.893004115,6.931773879,6.998148148,7.007054674,7.02020202,7.038647343,7.061728395,7.088888889,7.11965812,7.150891632,7.185185185,7.219667944,7.254320988,7.289127838,7.324074074,7.359147026,7.394335512,7.42962963,7.465020576,7.500500501,7.536062378,7.571699905,7.607407407,7.639566396,7.670194004,7.697674419,7.723905724,7.747325103,7.769726248,7.789598109,7.808641975,7.825396825,7.841481481,7.855482934,7.868945869,7.881201957,7.893004115,#N/A
5.0,60.0,64.0,7.0,7.0,0.9375,4.0625,55.0,54.0,5.8,5.824242424,5.909090909,5.974545455,6.048484848,6.124675325,6.218181818,6.323232323,6.421818182,6.509090909,6.593939394,6.665734266,6.737662338,6.792727273,6.840909091,6.87486631,6.907070707,6.955023923,7.003636364,7.013852814,7.029752066,7.050592885,7.075757576,7.104727273,7.137062937,7.16969697,7.205194805,7.240752351,7.276363636,7.31202346,7.347727273,7.383471074,7.419251337,7.455064935,7.490909091,7.526781327,7.562679426,7.597668998,7.631818182,7.662527716,7.691774892,7.717970402,7.742975207,7.765252525,7.786561265,7.805415861,7.823484848,7.839332096,7.854545455,#N/A,#N/A,#N/A,#N/A,#N/A
5.0,59.0,63.0,8.0,6.0,0.9365079365,4.063492063,56.0,,,,,,,,,,,,,,,,,,,,,,,,,,,,,,,,,,,,,,,,,,,,,,,,,,,,,,,
5.0,60.0,72.0,8.0,7.0,0.8333333333,4.166666667,57.0,,,,,,,,,,,,,,,,,,,,,,,,,,,,,,,,,,,,,,,,,,,,,,,,,,,,,,,
5.0,57.0,81.0,8.0,8.0,0.7037037037,4.296296296,58.0,,,,,,,,,,,,,,,,,,,,,,,,,,,,,,,,,,,,,,,,,,,,,,,,,,,,,,,
5.0,62.0,70.0,9.0,6.0,0.8857142857,4.114285714,59.0,,,,,,,,,,,,,,,,,,,,,,,,,,,,,,,,,,,,,,,,,,,,,,,,,,,,,,,
5.0,60.0,80.0,9.0,7.0,0.75,4.25,60.0,,,,,,,,,,,,,,,,,,,,,,,,,,,,,,,,,,,,,,,,,,,,,,,,,,,,,,,
5.0,54.0,90.0,9.0,8.0,0.6,4.4,61.0,,,,,,,,,,,,,,,,,,,,,,,,,,,,,,,,,,,,,,,,,,,,,,,,,,,,,,,
5.0,48.0,100.0,9.0,9.0,0.48,4.52,62.0,,,,,,,,,,,,,,,,,,,,,,,,,,,,,,,,,,,,,,,,,,,,,,,,,,,,,,,
5.0,62.0,66.0,10.0,5.0,0.9393939394,4.060606061,63.0,,,,,,,,,,,,,,,,,,,,,,,,,,,,,,,,,,,,,,,,,,,,,,,,,,,,,,,
5.0,61.0,77.0,10.0,6.0,0.7922077922,4.207792208,64.0,,,,,,,,,,,,,,,,,,,,,,,,,,,,,,,,,,,,,,,,,,,,,,,,,,,,,,,
5.0,56.0,88.0,10.0,7.0,0.6363636364,4.363636364,65.0,,,,,,,,,,,,,,,,,,,,,,,,,,,,,,,,,,,,,,,,,,,,,,,,,,,,,,,
5.0,47.0,99.0,10.0,8.0,0.4747474747,4.525252525,66.0,,,,,,,,,,,,,,,,,,,,,,,,,,,,,,,,,,,,,,,,,,,,,,,,,,,,,,,
5.0,38.0,110.0,10.0,9.0,0.3454545455,4.654545455,67.0,,,,,,,,,,,,,,,,,,,,,,,,,,,,,,,,,,,,,,,,,,,,,,,,,,,,,,,
5.0,29.0,121.0,10.0,10.0,0.2396694215,4.760330579,68.0,,,,,,,,,,,,,,,,,,,,,,,,,,,,,,,,,,,,,,,,,,,,,,,,,,,,,,,
5.0,56.0,60.0,11.0,4.0,0.9333333333,4.066666667,69.0,,,,,,,,,,,,,,,,,,,,,,,,,,,,,,,,,,,,,,,,,,,,,,,,,,,,,,,
5.0,60.0,72.0,11.0,5.0,0.8333333333,4.166666667,70.0,,,,,,,,,,,,,,,,,,,,,,,,,,,,,,,,,,,,,,,,,,,,,,,,,,,,,,,
5.0,56.0,84.0,11.0,6.0,0.6666666667,4.333333333,71.0,,,,,,,,,,,,,,,,,,,,,,,,,,,,,,,,,,,,,,,,,,,,,,,,,,,,,,,
5.0,48.0,96.0,11.0,7.0,0.5,4.5,72.0,,,,,,,,,,,,,,,,,,,,,,,,,,,,,,,,,,,,,,,,,,,,,,,,,,,,,,,
5.0,38.0,108.0,11.0,8.0,0.3518518519,4.648148148,73.0,,,,,,,,,,,,,,,,,,,,,,,,,,,,,,,,,,,,,,,,,,,,,,,,,,,,,,,
5.0,28.0,120.0,11.0,9.0,0.2333333333,4.766666667,74.0,,,,,,,,,,,,,,,,,,,,,,,,,,,,,,,,,,,,,,,,,,,,,,,,,,,,,,,
5.0,20.0,132.0,11.0,10.0,0.1515151515,4.848484848,75.0,,,,,,,,,,,,,,,,,,,,,,,,,,,,,,,,,,,,,,,,,,,,,,,,,,,,,,,
5.0,12.0,144.0,11.0,11.0,0.08333333333,4.916666667,76.0,,,,,,,,,,,,,,,,,,,,,,,,,,,,,,,,,,,,,,,,,,,,,,,,,,,,,,,
5.0,57.0,65.0,12.0,4.0,0.8769230769,4.123076923,77.0,,,,,,,,,,,,,,,,,,,,,,,,,,,,,,,,,,,,,,,,,,,,,,,,,,,,,,,
5.0,58.0,78.0,12.0,5.0,0.7435897436,4.256410256,78.0,,,,,,,,,,,,,,,,,,,,,,,,,,,,,,,,,,,,,,,,,,,,,,,,,,,,,,,
5.0,51.0,91.0,12.0,6.0,0.5604395604,4.43956044,79.0,,,,,,,,,,,,,,,,,,,,,,,,,,,,,,,,,,,,,,,,,,,,,,,,,,,,,,,
5.0,40.0,104.0,12.0,7.0,0.3846153846,4.615384615,80.0,,,,,,,,,,,,,,,,,,,,,,,,,,,,,,,,,,,,,,,,,,,,,,,,,,,,,,,
5.0,31.0,117.0,12.0,8.0,0.264957265,4.735042735,81.0,,,,,,,,,,,,,,,,,,,,,,,,,,,,,,,,,,,,,,,,,,,,,,,,,,,,,,,
5.0,22.0,130.0,12.0,9.0,0.1692307692,4.830769231,82.0,,,,,,,,,,,,,,,,,,,,,,,,,,,,,,,,,,,,,,,,,,,,,,,,,,,,,,,
5.0,15.0,143.0,12.0,10.0,0.1048951049,4.895104895,83.0,,,,,,,,,,,,,,,,,,,,,,,,,,,,,,,,,,,,,,,,,,,,,,,,,,,,,,,
5.0,52.0,56.0,13.0,3.0,0.9285714286,4.071428571,84.0,,,,,,,,,,,,,,,,,,,,,,,,,,,,,,,,,,,,,,,,,,,,,,,,,,,,,,,
5.0,54.0,70.0,13.0,4.0,0.7714285714,4.228571429,85.0,,,,,,,,,,,,,,,,,,,,,,,,,,,,,,,,,,,,,,,,,,,,,,,,,,,,,,,
5.0,52.0,84.0,13.0,5.0,0.619047619,4.380952381,86.0,,,,,,,,,,,,,,,,,,,,,,,,,,,,,,,,,,,,,,,,,,,,,,,,,,,,,,,
5.0,44.0,98.0,13.0,6.0,0.4489795918,4.551020408,87.0,,,,,,,,,,,,,,,,,,,,,,,,,,,,,,,,,,,,,,,,,,,,,,,,,,,,,,,
5.0,32.0,112.0,13.0,7.0,0.2857142857,4.714285714,88.0,,,,,,,,,,,,,,,,,,,,,,,,,,,,,,,,,,,,,,,,,,,,,,,,,,,,,,,
5.0,24.0,126.0,13.0,8.0,0.1904761905,4.80952381,89.0,,,,,,,,,,,,,,,,,,,,,,,,,,,,,,,,,,,,,,,,,,,,,,,,,,,,,,,
5.0,14.0,140.0,13.0,9.0,0.1,4.9,90.0,,,,,,,,,,,,,,,,,,,,,,,,,,,,,,,,,,,,,,,,,,,,,,,,,,,,,,,
5.0,52.0,60.0,14.0,3.0,0.8666666667,4.133333333,91.0,,,,,,,,,,,,,,,,,,,,,,,,,,,,,,,,,,,,,,,,,,,,,,,,,,,,,,,
5.0,51.0,75.0,14.0,4.0,0.68,4.32,92.0,,,,,,,,,,,,,,,,,,,,,,,,,,,,,,,,,,,,,,,,,,,,,,,,,,,,,,,
5.0,46.0,90.0,14.0,5.0,0.5111111111,4.488888889,93.0,,,,,,,,,,,,,,,,,,,,,,,,,,,,,,,,,,,,,,,,,,,,,,,,,,,,,,,
5.0,37.0,105.0,14.0,6.0,0.3523809524,4.647619048,94.0,,,,,,,,,,,,,,,,,,,,,,,,,,,,,,,,,,,,,,,,,,,,,,,,,,,,,,,
5.0,26.0,120.0,14.0,7.0,0.2166666667,4.783333333,95.0,,,,,,,,,,,,,,,,,,,,,,,,,,,,,,,,,,,,,,,,,,,,,,,,,,,,,,,
5.0,19.0,135.0,14.0,8.0,0.1407407407,4.859259259,96.0,,,,,,,,,,,,,,,,,,,,,,,,,,,,,,,,,,,,,,,,,,,,,,,,,,,,,,,
5.0,4.0,150.0,14.0,9.0,0.02666666667,4.973333333,97.0,,,,,,,,,,,,,,,,,,,,,,,,,,,,,,,,,,,,,,,,,,,,,,,,,,,,,,,
5.0,52.0,64.0,15.0,3.0,0.8125,4.1875,98.0,,,,,,,,,,,,,,,,,,,,,,,,,,,,,,,,,,,,,,,,,,,,,,,,,,,,,,,
5.0,48.0,80.0,15.0,4.0,0.6,4.4,99.0,,,,,,,,,,,,,,,,,,,,,,,,,,,,,,,,,,,,,,,,,,,,,,,,,,,,,,,
5.0,40.0,96.0,15.0,5.0,0.4166666667,4.583333333,100.0,,,,,,,,,,,,,,,,,,,,,,,,,,,,,,,,,,,,,,,,,,,,,,,,,,,,,,,
5.0,30.0,112.0,15.0,6.0,0.2678571429,4.732142857,101.0,,,,,,,,,,,,,,,,,,,,,,,,,,,,,,,,,,,,,,,,,,,,,,,,,,,,,,,
5.0,20.0,128.0,15.0,7.0,0.15625,4.84375,102.0,,,,,,,,,,,,,,,,,,,,,,,,,,,,,,,,,,,,,,,,,,,,,,,,,,,,,,,
5.0,10.0,144.0,15.0,8.0,0.06944444444,4.930555556,103.0,,,,,,,,,,,,,,,,,,,,,,,,,,,,,,,,,,,,,,,,,,,,,,,,,,,,,,,
5.0,47.0,51.0,16.0,2.0,0.9215686275,4.078431373,104.0,,,,,,,,,,,,,,,,,,,,,,,,,,,,,,,,,,,,,,,,,,,,,,,,,,,,,,,
5.0,48.0,68.0,16.0,3.0,0.7058823529,4.294117647,105.0,,,,,,,,,,,,,,,,,,,,,,,,,,,,,,,,,,,,,,,,,,,,,,,,,,,,,,,
5.0,43.0,85.0,16.0,4.0,0.5058823529,4.494117647,106.0,,,,,,,,,,,,,,,,,,,,,,,,,,,,,,,,,,,,,,,,,,,,,,,,,,,,,,,
5.0,34.0,102.0,16.0,5.0,0.3333333333,4.666666667,107.0,,,,,,,,,,,,,,,,,,,,,,,,,,,,,,,,,,,,,,,,,,,,,,,,,,,,,,,
5.0,25.0,119.0,16.0,6.0,0.2100840336,4.789915966,108.0,,,,,,,,,,,,,,,,,,,,,,,,,,,,,,,,,,,,,,,,,,,,,,,,,,,,,,,
5.0,16.0,136.0,16.0,7.0,0.1176470588,4.882352941,109.0,,,,,,,,,,,,,,,,,,,,,,,,,,,,,,,,,,,,,,,,,,,,,,,,,,,,,,,
5.0,32.0,36.0,17.0,1.0,0.8888888889,4.111111111,110.0,,,,,,,,,,,,,,,,,,,,,,,,,,,,,,,,,,,,,,,,,,,,,,,,,,,,,,,
5.0,44.0,54.0,17.0,2.0,0.8148148148,4.185185185,111.0,,,,,,,,,,,,,,,,,,,,,,,,,,,,,,,,,,,,,,,,,,,,,,,,,,,,,,,
5.0,44.0,72.0,17.0,3.0,0.6111111111,4.388888889,112.0,,,,,,,,,,,,,,,,,,,,,,,,,,,,,,,,,,,,,,,,,,,,,,,,,,,,,,,
5.0,38.0,90.0,17.0,4.0,0.4222222222,4.577777778,113.0,,,,,,,,,,,,,,,,,,,,,,,,,,,,,,,,,,,,,,,,,,,,,,,,,,,,,,,
5.0,28.0,108.0,17.0,5.0,0.2592592593,4.740740741,114.0,,,,,,,,,,,,,,,,,,,,,,,,,,,,,,,,,,,,,,,,,,,,,,,,,,,,,,,
5.0,20.0,126.0,17.0,6.0,0.1587301587,4.841269841,115.0,,,,,,,,,,,,,,,,,,,,,,,,,,,,,,,,,,,,,,,,,,,,,,,,,,,,,,,
5.0,4.0,144.0,17.0,7.0,0.02777777778,4.972222222,116.0,,,,,,,,,,,,,,,,,,,,,,,,,,,,,,,,,,,,,,,,,,,,,,,,,,,,,,,
5.0,30.0,38.0,18.0,1.0,0.7894736842,4.210526316,117.0,,,,,,,,,,,,,,,,,,,,,,,,,,,,,,,,,,,,,,,,,,,,,,,,,,,,,,,
5.0,41.0,57.0,18.0,2.0,0.7192982456,4.280701754,118.0,,,,,,,,,,,,,,,,,,,,,,,,,,,,,,,,,,,,,,,,,,,,,,,,,,,,,,,
5.0,40.0,76.0,18.0,3.0,0.5263157895,4.473684211,119.0,,,,,,,,,,,,,,,,,,,,,,,,,,,,,,,,,,,,,,,,,,,,,,,,,,,,,,,
5.0,33.0,95.0,18.0,4.0,0.3473684211,4.652631579,120.0,,,,,,,,,,,,,,,,,,,,,,,,,,,,,,,,,,,,,,,,,,,,,,,,,,,,,,,
5.0,22.0,114.0,18.0,5.0,0.1929824561,4.807017544,121.0,,,,,,,,,,,,,,,,,,,,,,,,,,,,,,,,,,,,,,,,,,,,,,,,,,,,,,,
5.0,15.0,133.0,18.0,6.0,0.1127819549,4.887218045,122.0,,,,,,,,,,,,,,,,,,,,,,,,,,,,,,,,,,,,,,,,,,,,,,,,,,,,,,,
5.0,28.0,40.0,19.0,1.0,0.7,4.3,123.0,,,,,,,,,,,,,,,,,,,,,,,,,,,,,,,,,,,,,,,,,,,,,,,,,,,,,,,
5.0,38.0,60.0,19.0,2.0,0.6333333333,4.366666667,124.0,,,,,,,,,,,,,,,,,,,,,,,,,,,,,,,,,,,,,,,,,,,,,,,,,,,,,,,
5.0,36.0,80.0,19.0,3.0,0.45,4.55,125.0,,,,,,,,,,,,,,,,,,,,,,,,,,,,,,,,,,,,,,,,,,,,,,,,,,,,,,,
5.0,28.0,100.0,19.0,4.0,0.28,4.72,126.0,,,,,,,,,,,,,,,,,,,,,,,,,,,,,,,,,,,,,,,,,,,,,,,,,,,,,,,
5.0,16.0,120.0,19.0,5.0,0.1333333333,4.866666667,127.0,,,,,,,,,,,,,,,,,,,,,,,,,,,,,,,,,,,,,,,,,,,,,,,,,,,,,,,
5.0,8.0,140.0,19.0,6.0,0.05714285714,4.942857143,128.0,,,,,,,,,,,,,,,,,,,,,,,,,,,,,,,,,,,,,,,,,,,,,,,,,,,,,,,
5.0,26.0,42.0,20.0,1.0,0.619047619,4.380952381,129.0,,,,,,,,,,,,,,,,,,,,,,,,,,,,,,,,,,,,,,,,,,,,,,,,,,,,,,,
5.0,35.0,63.0,20.0,2.0,0.5555555556,4.444444444,130.0,,,,,,,,,,,,,,,,,,,,,,,,,,,,,,,,,,,,,,,,,,,,,,,,,,,,,,,
5.0,32.0,84.0,20.0,3.0,0.380952381,4.619047619,131.0,,,,,,,,,,,,,,,,,,,,,,,,,,,,,,,,,,,,,,,,,,,,,,,,,,,,,,,
5.0,23.0,105.0,20.0,4.0,0.219047619,4.780952381,132.0,,,,,,,,,,,,,,,,,,,,,,,,,,,,,,,,,,,,,,,,,,,,,,,,,,,,,,,
5.0,12.0,126.0,20.0,5.0,0.09523809524,4.904761905,133.0,,,,,,,,,,,,,,,,,,,,,,,,,,,,,,,,,,,,,,,,,,,,,,,,,,,,,,,
5.0,24.0,44.0,21.0,1.0,0.5454545455,4.454545455,134.0,,,,,,,,,,,,,,,,,,,,,,,,,,,,,,,,,,,,,,,,,,,,,,,,,,,,,,,
5.0,32.0,66.0,21.0,2.0,0.4848484848,4.515151515,135.0,,,,,,,,,,,,,,,,,,,,,,,,,,,,,,,,,,,,,,,,,,,,,,,,,,,,,,,
5.0,28.0,88.0,21.0,3.0,0.3181818182,4.681818182,136.0,,,,,,,,,,,,,,,,,,,,,,,,,,,,,,,,,,,,,,,,,,,,,,,,,,,,,,,
5.0,18.0,110.0,21.0,4.0,0.1636363636,4.836363636,137.0,,,,,,,,,,,,,,,,,,,,,,,,,,,,,,,,,,,,,,,,,,,,,,,,,,,,,,,
5.0,8.0,132.0,21.0,5.0,0.06060606061,4.939393939,138.0,,,,,,,,,,,,,,,,,,,,,,,,,,,,,,,,,,,,,,,,,,,,,,,,,,,,,,,
5.0,22.0,46.0,22.0,1.0,0.4782608696,4.52173913,139.0,,,,,,,,,,,,,,,,,,,,,,,,,,,,,,,,,,,,,,,,,,,,,,,,,,,,,,,
5.0,29.0,69.0,22.0,2.0,0.4202898551,4.579710145,140.0,,,,,,,,,,,,,,,,,,,,,,,,,,,,,,,,,,,,,,,,,,,,,,,,,,,,,,,
5.0,24.0,92.0,22.0,3.0,0.2608695652,4.739130435,141.0,,,,,,,,,,,,,,,,,,,,,,,,,,,,,,,,,,,,,,,,,,,,,,,,,,,,,,,
5.0,15.0,115.0,22.0,4.0,0.1304347826,4.869565217,142.0,,,,,,,,,,,,,,,,,,,,,,,,,,,,,,,,,,,,,,,,,,,,,,,,,,,,,,,
5.0,6.0,138.0,22.0,5.0,0.04347826087,4.956521739,143.0,,,,,,,,,,,,,,,,,,,,,,,,,,,,,,,,,,,,,,,,,,,,,,,,,,,,,,,
5.0,20.0,48.0,23.0,1.0,0.4166666667,4.583333333,144.0,,,,,,,,,,,,,,,,,,,,,,,,,,,,,,,,,,,,,,,,,,,,,,,,,,,,,,,
5.0,26.0,72.0,23.0,2.0,0.3611111111,4.638888889,145.0,,,,,,,,,,,,,,,,,,,,,,,,,,,,,,,,,,,,,,,,,,,,,,,,,,,,,,,
5.0,20.0,96.0,23.0,3.0,0.2083333333,4.791666667,146.0,,,,,,,,,,,,,,,,,,,,,,,,,,,,,,,,,,,,,,,,,,,,,,,,,,,,,,,
5.0,12.0,120.0,23.0,4.0,0.1,4.9,147.0,,,,,,,,,,,,,,,,,,,,,,,,,,,,,,,,,,,,,,,,,,,,,,,,,,,,,,,
5.0,18.0,50.0,24.0,1.0,0.36,4.64,148.0,,,,,,,,,,,,,,,,,,,,,,,,,,,,,,,,,,,,,,,,,,,,,,,,,,,,,,,
5.0,23.0,75.0,24.0,2.0,0.3066666667,4.693333333,149.0,,,,,,,,,,,,,,,,,,,,,,,,,,,,,,,,,,,,,,,,,,,,,,,,,,,,,,,
5.0,16.0,100.0,24.0,3.0,0.16,4.84,150.0,,,,,,,,,,,,,,,,,,,,,,,,,,,,,,,,,,,,,,,,,,,,,,,,,,,,,,,
5.0,5.0,125.0,24.0,4.0,0.04,4.96,151.0,,,,,,,,,,,,,,,,,,,,,,,,,,,,,,,,,,,,,,,,,,,,,,,,,,,,,,,
5.0,16.0,52.0,25.0,1.0,0.3076923077,4.692307692,152.0,,,,,,,,,,,,,,,,,,,,,,,,,,,,,,,,,,,,,,,,,,,,,,,,,,,,,,,
5.0,20.0,78.0,25.0,2.0,0.2564102564,4.743589744,153.0,,,,,,,,,,,,,,,,,,,,,,,,,,,,,,,,,,,,,,,,,,,,,,,,,,,,,,,
5.0,12.0,104.0,25.0,3.0,0.1153846154,4.884615385,154.0,,,,,,,,,,,,,,,,,,,,,,,,,,,,,,,,,,,,,,,,,,,,,,,,,,,,,,,
5.0,14.0,54.0,26.0,1.0,0.2592592593,4.740740741,155.0,,,,,,,,,,,,,,,,,,,,,,,,,,,,,,,,,,,,,,,,,,,,,,,,,,,,,,,
5.0,17.0,81.0,26.0,2.0,0.2098765432,4.790123457,156.0,,,,,,,,,,,,,,,,,,,,,,,,,,,,,,,,,,,,,,,,,,,,,,,,,,,,,,,
5.0,10.0,108.0,26.0,3.0,0.09259259259,4.907407407,157.0,,,,,,,,,,,,,,,,,,,,,,,,,,,,,,,,,,,,,,,,,,,,,,,,,,,,,,,
5.0,12.0,56.0,27.0,1.0,0.2142857143,4.785714286,158.0,,,,,,,,,,,,,,,,,,,,,,,,,,,,,,,,,,,,,,,,,,,,,,,,,,,,,,,
5.0,14.0,84.0,27.0,2.0,0.1666666667,4.833333333,159.0,,,,,,,,,,,,,,,,,,,,,,,,,,,,,,,,,,,,,,,,,,,,,,,,,,,,,,,
5.0,8.0,112.0,27.0,3.0,0.07142857143,4.928571429,160.0,,,,,,,,,,,,,,,,,,,,,,,,,,,,,,,,,,,,,,,,,,,,,,,,,,,,,,,
5.0,10.0,58.0,28.0,1.0,0.1724137931,4.827586207,161.0,,,,,,,,,,,,,,,,,,,,,,,,,,,,,,,,,,,,,,,,,,,,,,,,,,,,,,,
5.0,11.0,87.0,28.0,2.0,0.1264367816,4.873563218,162.0,,,,,,,,,,,,,,,,,,,,,,,,,,,,,,,,,,,,,,,,,,,,,,,,,,,,,,,
5.0,8.0,60.0,29.0,1.0,0.1333333333,4.866666667,163.0,,,,,,,,,,,,,,,,,,,,,,,,,,,,,,,,,,,,,,,,,,,,,,,,,,,,,,,
5.0,8.0,90.0,29.0,2.0,0.08888888889,4.911111111,164.0,,,,,,,,,,,,,,,,,,,,,,,,,,,,,,,,,,,,,,,,,,,,,,,,,,,,,,,
5.0,6.0,62.0,30.0,1.0,0.09677419355,4.903225806,165.0,,,,,,,,,,,,,,,,,,,,,,,,,,,,,,,,,,,,,,,,,,,,,,,,,,,,,,,
5.0,5.0,93.0,30.0,2.0,0.05376344086,4.946236559,166.0,,,,,,,,,,,,,,,,,,,,,,,,,,,,,,,,,,,,,,,,,,,,,,,,,,,,,,,
5.0,4.0,64.0,31.0,1.0,0.0625,4.9375,167.0,,,,,,,,,,,,,,,,,,,,,,,,,,,,,,,,,,,,,,,,,,,,,,,,,,,,,,,
5.0,2.0,96.0,31.0,2.0,0.02083333333,4.979166667,168.0,,,,,,,,,,,,,,,,,,,,,,,,,,,,,,,,,,,,,,,,,,,,,,,,,,,,,,,
5.0,2.0,66.0,32.0,1.0,0.0303030303,4.96969697,169.0,,,,,,,,,,,,,,,,,,,,,,,,,,,,,,,,,,,,,,,,,,,,,,,,,,,,,,,
6.0,152.0,156.0,12.0,11.0,0.9743589744,5.025641026,170.0,,,,,,,,,,,,,,,,,,,,,,,,,,,,,,,,,,,,,,,,,,,,,,,,,,,,,,,
6.0,157.0,169.0,12.0,12.0,0.9289940828,5.071005917,171.0,,,,,,,,,,,,,,,,,,,,,,,,,,,,,,,,,,,,,,,,,,,,,,,,,,,,,,,
6.0,150.0,154.0,13.0,10.0,0.974025974,5.025974026,172.0,,,,,,,,,,,,,,,,,,,,,,,,,,,,,,,,,,,,,,,,,,,,,,,,,,,,,,,
6.0,156.0,168.0,13.0,11.0,0.9285714286,5.071428571,173.0,,,,,,,,,,,,,,,,,,,,,,,,,,,,,,,,,,,,,,,,,,,,,,,,,,,,,,,
6.0,158.0,182.0,13.0,12.0,0.8681318681,5.131868132,174.0,,,,,,,,,,,,,,,,,,,,,,,,,,,,,,,,,,,,,,,,,,,,,,,,,,,,,,,
6.0,156.0,196.0,13.0,13.0,0.7959183673,5.204081633,175.0,,,,,,,,,,,,,,,,,,,,,,,,,,,,,,,,,,,,,,,,,,,,,,,,,,,,,,,
6.0,157.0,165.0,14.0,10.0,0.9515151515,5.048484848,176.0,,,,,,,,,,,,,,,,,,,,,,,,,,,,,,,,,,,,,,,,,,,,,,,,,,,,,,,
6.0,160.0,180.0,14.0,11.0,0.8888888889,5.111111111,177.0,,,,,,,,,,,,,,,,,,,,,,,,,,,,,,,,,,,,,,,,,,,,,,,,,,,,,,,
6.0,159.0,195.0,14.0,12.0,0.8153846154,5.184615385,178.0,,,,,,,,,,,,,,,,,,,,,,,,,,,,,,,,,,,,,,,,,,,,,,,,,,,,,,,
6.0,154.0,210.0,14.0,13.0,0.7333333333,5.266666667,179.0,,,,,,,,,,,,,,,,,,,,,,,,,,,,,,,,,,,,,,,,,,,,,,,,,,,,,,,
6.0,149.0,225.0,14.0,14.0,0.6622222222,5.337777778,180.0,,,,,,,,,,,,,,,,,,,,,,,,,,,,,,,,,,,,,,,,,,,,,,,,,,,,,,,
6.0,156.0,160.0,15.0,9.0,0.975,5.025,181.0,,,,,,,,,,,,,,,,,,,,,,,,,,,,,,,,,,,,,,,,,,,,,,,,,,,,,,,
6.0,160.0,176.0,15.0,10.0,0.9090909091,5.090909091,182.0,,,,,,,,,,,,,,,,,,,,,,,,,,,,,,,,,,,,,,,,,,,,,,,,,,,,,,,
6.0,160.0,192.0,15.0,11.0,0.8333333333,5.166666667,183.0,,,,,,,,,,,,,,,,,,,,,,,,,,,,,,,,,,,,,,,,,,,,,,,,,,,,,,,
6.0,156.0,208.0,15.0,12.0,0.75,5.25,184.0,,,,,,,,,,,,,,,,,,,,,,,,,,,,,,,,,,,,,,,,,,,,,,,,,,,,,,,
6.0,148.0,224.0,15.0,13.0,0.6607142857,5.339285714,185.0,,,,,,,,,,,,,,,,,,,,,,,,,,,,,,,,,,,,,,,,,,,,,,,,,,,,,,,
6.0,140.0,240.0,15.0,14.0,0.5833333333,5.416666667,186.0,,,,,,,,,,,,,,,,,,,,,,,,,,,,,,,,,,,,,,,,,,,,,,,,,,,,,,,
6.0,128.0,256.0,15.0,15.0,0.5,5.5,187.0,,,,,,,,,,,,,,,,,,,,,,,,,,,,,,,,,,,,,,,,,,,,,,,,,,,,,,,
6.0,149.0,153.0,16.0,8.0,0.9738562092,5.026143791,188.0,,,,,,,,,,,,,,,,,,,,,,,,,,,,,,,,,,,,,,,,,,,,,,,,,,,,,,,
6.0,158.0,170.0,16.0,9.0,0.9294117647,5.070588235,189.0,,,,,,,,,,,,,,,,,,,,,,,,,,,,,,,,,,,,,,,,,,,,,,,,,,,,,,,
6.0,159.0,187.0,16.0,10.0,0.8502673797,5.14973262,190.0,,,,,,,,,,,,,,,,,,,,,,,,,,,,,,,,,,,,,,,,,,,,,,,,,,,,,,,
6.0,156.0,204.0,16.0,11.0,0.7647058824,5.235294118,191.0,,,,,,,,,,,,,,,,,,,,,,,,,,,,,,,,,,,,,,,,,,,,,,,,,,,,,,,
6.0,149.0,221.0,16.0,12.0,0.6742081448,5.325791855,192.0,,,,,,,,,,,,,,,,,,,,,,,,,,,,,,,,,,,,,,,,,,,,,,,,,,,,,,,
6.0,138.0,238.0,16.0,13.0,0.5798319328,5.420168067,193.0,,,,,,,,,,,,,,,,,,,,,,,,,,,,,,,,,,,,,,,,,,,,,,,,,,,,,,,
6.0,127.0,255.0,16.0,14.0,0.4980392157,5.501960784,194.0,,,,,,,,,,,,,,,,,,,,,,,,,,,,,,,,,,,,,,,,,,,,,,,,,,,,,,,
6.0,112.0,272.0,16.0,15.0,0.4117647059,5.588235294,195.0,,,,,,,,,,,,,,,,,,,,,,,,,,,,,,,,,,,,,,,,,,,,,,,,,,,,,,,
6.0,97.0,289.0,16.0,16.0,0.3356401384,5.664359862,196.0,,,,,,,,,,,,,,,,,,,,,,,,,,,,,,,,,,,,,,,,,,,,,,,,,,,,,,,
6.0,154.0,162.0,17.0,8.0,0.950617284,5.049382716,197.0,,,,,,,,,,,,,,,,,,,,,,,,,,,,,,,,,,,,,,,,,,,,,,,,,,,,,,,
6.0,160.0,180.0,17.0,9.0,0.8888888889,5.111111111,198.0,,,,,,,,,,,,,,,,,,,,,,,,,,,,,,,,,,,,,,,,,,,,,,,,,,,,,,,
6.0,158.0,198.0,17.0,10.0,0.797979798,5.202020202,199.0,,,,,,,,,,,,,,,,,,,,,,,,,,,,,,,,,,,,,,,,,,,,,,,,,,,,,,,
6.0,152.0,216.0,17.0,11.0,0.7037037037,5.296296296,200.0,,,,,,,,,,,,,,,,,,,,,,,,,,,,,,,,,,,,,,,,,,,,,,,,,,,,,,,
6.0,142.0,234.0,17.0,12.0,0.6068376068,5.393162393,201.0,,,,,,,,,,,,,,,,,,,,,,,,,,,,,,,,,,,,,,,,,,,,,,,,,,,,,,,
6.0,128.0,252.0,17.0,13.0,0.5079365079,5.492063492,202.0,,,,,,,,,,,,,,,,,,,,,,,,,,,,,,,,,,,,,,,,,,,,,,,,,,,,,,,
6.0,114.0,270.0,17.0,14.0,0.4222222222,5.577777778,203.0,,,,,,,,,,,,,,,,,,,,,,,,,,,,,,,,,,,,,,,,,,,,,,,,,,,,,,,
6.0,96.0,288.0,17.0,15.0,0.3333333333,5.666666667,204.0,,,,,,,,,,,,,,,,,,,,,,,,,,,,,,,,,,,,,,,,,,,,,,,,,,,,,,,
6.0,82.0,306.0,17.0,16.0,0.2679738562,5.732026144,205.0,,,,,,,,,,,,,,,,,,,,,,,,,,,,,,,,,,,,,,,,,,,,,,,,,,,,,,,
6.0,68.0,324.0,17.0,17.0,0.2098765432,5.790123457,206.0,,,,,,,,,,,,,,,,,,,,,,,,,,,,,,,,,,,,,,,,,,,,,,,,,,,,,,,
6.0,148.0,152.0,18.0,7.0,0.9736842105,5.026315789,207.0,,,,,,,,,,,,,,,,,,,,,,,,,,,,,,,,,,,,,,,,,,,,,,,,,,,,,,,
6.0,155.0,171.0,18.0,8.0,0.9064327485,5.093567251,208.0,,,,,,,,,,,,,,,,,,,,,,,,,,,,,,,,,,,,,,,,,,,,,,,,,,,,,,,
6.0,158.0,190.0,18.0,9.0,0.8315789474,5.168421053,209.0,,,,,,,,,,,,,,,,,,,,,,,,,,,,,,,,,,,,,,,,,,,,,,,,,,,,,,,
6.0,153.0,209.0,18.0,10.0,0.7320574163,5.267942584,210.0,,,,,,,,,,,,,,,,,,,,,,,,,,,,,,,,,,,,,,,,,,,,,,,,,,,,,,,
6.0,144.0,228.0,18.0,11.0,0.6315789474,5.368421053,211.0,,,,,,,,,,,,,,,,,,,,,,,,,,,,,,,,,,,,,,,,,,,,,,,,,,,,,,,
6.0,131.0,247.0,18.0,12.0,0.5303643725,5.469635628,212.0,,,,,,,,,,,,,,,,,,,,,,,,,,,,,,,,,,,,,,,,,,,,,,,,,,,,,,,
6.0,114.0,266.0,18.0,13.0,0.4285714286,5.571428571,213.0,,,,,,,,,,,,,,,,,,,,,,,,,,,,,,,,,,,,,,,,,,,,,,,,,,,,,,,
6.0,99.0,285.0,18.0,14.0,0.3473684211,5.652631579,214.0,,,,,,,,,,,,,,,,,,,,,,,,,,,,,,,,,,,,,,,,,,,,,,,,,,,,,,,
6.0,82.0,304.0,18.0,15.0,0.2697368421,5.730263158,215.0,,,,,,,,,,,,,,,,,,,,,,,,,,,,,,,,,,,,,,,,,,,,,,,,,,,,,,,
6.0,69.0,323.0,18.0,16.0,0.213622291,5.786377709,216.0,,,,,,,,,,,,,,,,,,,,,,,,,,,,,,,,,,,,,,,,,,,,,,,,,,,,,,,
6.0,56.0,342.0,18.0,17.0,0.1637426901,5.83625731,217.0,,,,,,,,,,,,,,,,,,,,,,,,,,,,,,,,,,,,,,,,,,,,,,,,,,,,,,,
6.0,45.0,361.0,18.0,18.0,0.1246537396,5.87534626,218.0,,,,,,,,,,,,,,,,,,,,,,,,,,,,,,,,,,,,,,,,,,,,,,,,,,,,,,,
6.0,152.0,160.0,19.0,7.0,0.95,5.05,219.0,,,,,,,,,,,,,,,,,,,,,,,,,,,,,,,,,,,,,,,,,,,,,,,,,,,,,,,
6.0,156.0,180.0,19.0,8.0,0.8666666667,5.133333333,220.0,,,,,,,,,,,,,,,,,,,,,,,,,,,,,,,,,,,,,,,,,,,,,,,,,,,,,,,
6.0,156.0,200.0,19.0,9.0,0.78,5.22,221.0,,,,,,,,,,,,,,,,,,,,,,,,,,,,,,,,,,,,,,,,,,,,,,,,,,,,,,,
6.0,148.0,220.0,19.0,10.0,0.6727272727,5.327272727,222.0,,,,,,,,,,,,,,,,,,,,,,,,,,,,,,,,,,,,,,,,,,,,,,,,,,,,,,,
6.0,136.0,240.0,19.0,11.0,0.5666666667,5.433333333,223.0,,,,,,,,,,,,,,,,,,,,,,,,,,,,,,,,,,,,,,,,,,,,,,,,,,,,,,,
6.0,120.0,260.0,19.0,12.0,0.4615384615,5.538461538,224.0,,,,,,,,,,,,,,,,,,,,,,,,,,,,,,,,,,,,,,,,,,,,,,,,,,,,,,,
6.0,100.0,280.0,19.0,13.0,0.3571428571,5.642857143,225.0,,,,,,,,,,,,,,,,,,,,,,,,,,,,,,,,,,,,,,,,,,,,,,,,,,,,,,,
6.0,84.0,300.0,19.0,14.0,0.28,5.72,226.0,,,,,,,,,,,,,,,,,,,,,,,,,,,,,,,,,,,,,,,,,,,,,,,,,,,,,,,
6.0,68.0,320.0,19.0,15.0,0.2125,5.7875,227.0,,,,,,,,,,,,,,,,,,,,,,,,,,,,,,,,,,,,,,,,,,,,,,,,,,,,,,,
6.0,56.0,340.0,19.0,16.0,0.1647058824,5.835294118,228.0,,,,,,,,,,,,,,,,,,,,,,,,,,,,,,,,,,,,,,,,,,,,,,,,,,,,,,,
6.0,44.0,360.0,19.0,17.0,0.1222222222,5.877777778,229.0,,,,,,,,,,,,,,,,,,,,,,,,,,,,,,,,,,,,,,,,,,,,,,,,,,,,,,,
6.0,34.0,380.0,19.0,18.0,0.08947368421,5.910526316,230.0,,,,,,,,,,,,,,,,,,,,,,,,,,,,,,,,,,,,,,,,,,,,,,,,,,,,,,,
6.0,6.0,400.0,19.0,19.0,0.015,5.985,231.0,,,,,,,,,,,,,,,,,,,,,,,,,,,,,,,,,,,,,,,,,,,,,,,,,,,,,,,
6.0,143.0,147.0,20.0,6.0,0.9727891156,5.027210884,232.0,,,,,,,,,,,,,,,,,,,,,,,,,,,,,,,,,,,,,,,,,,,,,,,,,,,,,,,
6.0,152.0,168.0,20.0,7.0,0.9047619048,5.095238095,233.0,,,,,,,,,,,,,,,,,,,,,,,,,,,,,,,,,,,,,,,,,,,,,,,,,,,,,,,
6.0,153.0,189.0,20.0,8.0,0.8095238095,5.19047619,234.0,,,,,,,,,,,,,,,,,,,,,,,,,,,,,,,,,,,,,,,,,,,,,,,,,,,,,,,
6.0,150.0,210.0,20.0,9.0,0.7142857143,5.285714286,235.0,,,,,,,,,,,,,,,,,,,,,,,,,,,,,,,,,,,,,,,,,,,,,,,,,,,,,,,
6.0,139.0,231.0,20.0,10.0,0.6017316017,5.398268398,236.0,,,,,,,,,,,,,,,,,,,,,,,,,,,,,,,,,,,,,,,,,,,,,,,,,,,,,,,
6.0,124.0,252.0,20.0,11.0,0.4920634921,5.507936508,237.0,,,,,,,,,,,,,,,,,,,,,,,,,,,,,,,,,,,,,,,,,,,,,,,,,,,,,,,
6.0,107.0,273.0,20.0,12.0,0.3919413919,5.608058608,238.0,,,,,,,,,,,,,,,,,,,,,,,,,,,,,,,,,,,,,,,,,,,,,,,,,,,,,,,
6.0,88.0,294.0,20.0,13.0,0.2993197279,5.700680272,239.0,,,,,,,,,,,,,,,,,,,,,,,,,,,,,,,,,,,,,,,,,,,,,,,,,,,,,,,
6.0,73.0,315.0,20.0,14.0,0.2317460317,5.768253968,240.0,,,,,,,,,,,,,,,,,,,,,,,,,,,,,,,,,,,,,,,,,,,,,,,,,,,,,,,
6.0,58.0,336.0,20.0,15.0,0.1726190476,5.827380952,241.0,,,,,,,,,,,,,,,,,,,,,,,,,,,,,,,,,,,,,,,,,,,,,,,,,,,,,,,
6.0,47.0,357.0,20.0,16.0,0.1316526611,5.868347339,242.0,,,,,,,,,,,,,,,,,,,,,,,,,,,,,,,,,,,,,,,,,,,,,,,,,,,,,,,
6.0,36.0,378.0,20.0,17.0,0.09523809524,5.904761905,243.0,,,,,,,,,,,,,,,,,,,,,,,,,,,,,,,,,,,,,,,,,,,,,,,,,,,,,,,
6.0,4.0,399.0,20.0,18.0,0.01002506266,5.989974937,244.0,,,,,,,,,,,,,,,,,,,,,,,,,,,,,,,,,,,,,,,,,,,,,,,,,,,,,,,
6.0,146.0,154.0,21.0,6.0,0.9480519481,5.051948052,245.0,,,,,,,,,,,,,,,,,,,,,,,,,,,,,,,,,,,,,,,,,,,,,,,,,,,,,,,
6.0,152.0,176.0,21.0,7.0,0.8636363636,5.136363636,246.0,,,,,,,,,,,,,,,,,,,,,,,,,,,,,,,,,,,,,,,,,,,,,,,,,,,,,,,
6.0,150.0,198.0,21.0,8.0,0.7575757576,5.242424242,247.0,,,,,,,,,,,,,,,,,,,,,,,,,,,,,,,,,,,,,,,,,,,,,,,,,,,,,,,
6.0,144.0,220.0,21.0,9.0,0.6545454545,5.345454545,248.0,,,,,,,,,,,,,,,,,,,,,,,,,,,,,,,,,,,,,,,,,,,,,,,,,,,,,,,
6.0,130.0,242.0,21.0,10.0,0.5371900826,5.462809917,249.0,,,,,,,,,,,,,,,,,,,,,,,,,,,,,,,,,,,,,,,,,,,,,,,,,,,,,,,
6.0,112.0,264.0,21.0,11.0,0.4242424242,5.575757576,250.0,,,,,,,,,,,,,,,,,,,,,,,,,,,,,,,,,,,,,,,,,,,,,,,,,,,,,,,
6.0,94.0,286.0,21.0,12.0,0.3286713287,5.671328671,251.0,,,,,,,,,,,,,,,,,,,,,,,,,,,,,,,,,,,,,,,,,,,,,,,,,,,,,,,
6.0,76.0,308.0,21.0,13.0,0.2467532468,5.753246753,252.0,,,,,,,,,,,,,,,,,,,,,,,,,,,,,,,,,,,,,,,,,,,,,,,,,,,,,,,
6.0,62.0,330.0,21.0,14.0,0.1878787879,5.812121212,253.0,,,,,,,,,,,,,,,,,,,,,,,,,,,,,,,,,,,,,,,,,,,,,,,,,,,,,,,
6.0,48.0,352.0,21.0,15.0,0.1363636364,5.863636364,254.0,,,,,,,,,,,,,,,,,,,,,,,,,,,,,,,,,,,,,,,,,,,,,,,,,,,,,,,
6.0,38.0,374.0,21.0,16.0,0.1016042781,5.898395722,255.0,,,,,,,,,,,,,,,,,,,,,,,,,,,,,,,,,,,,,,,,,,,,,,,,,,,,,,,
6.0,12.0,396.0,21.0,17.0,0.0303030303,5.96969697,256.0,,,,,,,,,,,,,,,,,,,,,,,,,,,,,,,,,,,,,,,,,,,,,,,,,,,,,,,
6.0,149.0,161.0,22.0,6.0,0.9254658385,5.074534161,257.0,,,,,,,,,,,,,,,,,,,,,,,,,,,,,,,,,,,,,,,,,,,,,,,,,,,,,,,
6.0,152.0,184.0,22.0,7.0,0.8260869565,5.173913043,258.0,,,,,,,,,,,,,,,,,,,,,,,,,,,,,,,,,,,,,,,,,,,,,,,,,,,,,,,
6.0,147.0,207.0,22.0,8.0,0.7101449275,5.289855072,259.0,,,,,,,,,,,,,,,,,,,,,,,,,,,,,,,,,,,,,,,,,,,,,,,,,,,,,,,
6.0,138.0,230.0,22.0,9.0,0.6,5.4,260.0,,,,,,,,,,,,,,,,,,,,,,,,,,,,,,,,,,,,,,,,,,,,,,,,,,,,,,,
6.0,121.0,253.0,22.0,10.0,0.4782608696,5.52173913,261.0,,,,,,,,,,,,,,,,,,,,,,,,,,,,,,,,,,,,,,,,,,,,,,,,,,,,,,,
6.0,100.0,276.0,22.0,11.0,0.3623188406,5.637681159,262.0,,,,,,,,,,,,,,,,,,,,,,,,,,,,,,,,,,,,,,,,,,,,,,,,,,,,,,,
6.0,83.0,299.0,22.0,12.0,0.2775919732,5.722408027,263.0,,,,,,,,,,,,,,,,,,,,,,,,,,,,,,,,,,,,,,,,,,,,,,,,,,,,,,,
6.0,66.0,322.0,22.0,13.0,0.2049689441,5.795031056,264.0,,,,,,,,,,,,,,,,,,,,,,,,,,,,,,,,,,,,,,,,,,,,,,,,,,,,,,,
6.0,53.0,345.0,22.0,14.0,0.1536231884,5.846376812,265.0,,,,,,,,,,,,,,,,,,,,,,,,,,,,,,,,,,,,,,,,,,,,,,,,,,,,,,,
6.0,40.0,368.0,22.0,15.0,0.1086956522,5.891304348,266.0,,,,,,,,,,,,,,,,,,,,,,,,,,,,,,,,,,,,,,,,,,,,,,,,,,,,,,,
6.0,23.0,391.0,22.0,16.0,0.05882352941,5.941176471,267.0,,,,,,,,,,,,,,,,,,,,,,,,,,,,,,,,,,,,,,,,,,,,,,,,,,,,,,,
6.0,140.0,144.0,23.0,5.0,0.9722222222,5.027777778,268.0,,,,,,,,,,,,,,,,,,,,,,,,,,,,,,,,,,,,,,,,,,,,,,,,,,,,,,,
6.0,148.0,168.0,23.0,6.0,0.880952381,5.119047619,269.0,,,,,,,,,,,,,,,,,,,,,,,,,,,,,,,,,,,,,,,,,,,,,,,,,,,,,,,
6.0,148.0,192.0,23.0,7.0,0.7708333333,5.229166667,270.0,,,,,,,,,,,,,,,,,,,,,,,,,,,,,,,,,,,,,,,,,,,,,,,,,,,,,,,
6.0,140.0,216.0,23.0,8.0,0.6481481481,5.351851852,271.0,,,,,,,,,,,,,,,,,,,,,,,,,,,,,,,,,,,,,,,,,,,,,,,,,,,,,,,
6.0,128.0,240.0,23.0,9.0,0.5333333333,5.466666667,272.0,,,,,,,,,,,,,,,,,,,,,,,,,,,,,,,,,,,,,,,,,,,,,,,,,,,,,,,
6.0,110.0,264.0,23.0,10.0,0.4166666667,5.583333333,273.0,,,,,,,,,,,,,,,,,,,,,,,,,,,,,,,,,,,,,,,,,,,,,,,,,,,,,,,
6.0,88.0,288.0,23.0,11.0,0.3055555556,5.694444444,274.0,,,,,,,,,,,,,,,,,,,,,,,,,,,,,,,,,,,,,,,,,,,,,,,,,,,,,,,
6.0,72.0,312.0,23.0,12.0,0.2307692308,5.769230769,275.0,,,,,,,,,,,,,,,,,,,,,,,,,,,,,,,,,,,,,,,,,,,,,,,,,,,,,,,
6.0,56.0,336.0,23.0,13.0,0.1666666667,5.833333333,276.0,,,,,,,,,,,,,,,,,,,,,,,,,,,,,,,,,,,,,,,,,,,,,,,,,,,,,,,
6.0,44.0,360.0,23.0,14.0,0.1222222222,5.877777778,277.0,,,,,,,,,,,,,,,,,,,,,,,,,,,,,,,,,,,,,,,,,,,,,,,,,,,,,,,
6.0,30.0,384.0,23.0,15.0,0.078125,5.921875,278.0,,,,,,,,,,,,,,,,,,,,,,,,,,,,,,,,,,,,,,,,,,,,,,,,,,,,,,,
6.0,142.0,150.0,24.0,5.0,0.9466666667,5.053333333,279.0,,,,,,,,,,,,,,,,,,,,,,,,,,,,,,,,,,,,,,,,,,,,,,,,,,,,,,,
6.0,147.0,175.0,24.0,6.0,0.84,5.16,280.0,,,,,,,,,,,,,,,,,,,,,,,,,,,,,,,,,,,,,,,,,,,,,,,,,,,,,,,
6.0,144.0,200.0,24.0,7.0,0.72,5.28,281.0,,,,,,,,,,,,,,,,,,,,,,,,,,,,,,,,,,,,,,,,,,,,,,,,,,,,,,,
6.0,133.0,225.0,24.0,8.0,0.5911111111,5.408888889,282.0,,,,,,,,,,,,,,,,,,,,,,,,,,,,,,,,,,,,,,,,,,,,,,,,,,,,,,,
6.0,118.0,250.0,24.0,9.0,0.472,5.528,283.0,,,,,,,,,,,,,,,,,,,,,,,,,,,,,,,,,,,,,,,,,,,,,,,,,,,,,,,
6.0,99.0,275.0,24.0,10.0,0.36,5.64,284.0,,,,,,,,,,,,,,,,,,,,,,,,,,,,,,,,,,,,,,,,,,,,,,,,,,,,,,,
6.0,78.0,300.0,24.0,11.0,0.26,5.74,285.0,,,,,,,,,,,,,,,,,,,,,,,,,,,,,,,,,,,,,,,,,,,,,,,,,,,,,,,
6.0,63.0,325.0,24.0,12.0,0.1938461538,5.806153846,286.0,,,,,,,,,,,,,,,,,,,,,,,,,,,,,,,,,,,,,,,,,,,,,,,,,,,,,,,
6.0,48.0,350.0,24.0,13.0,0.1371428571,5.862857143,287.0,,,,,,,,,,,,,,,,,,,,,,,,,,,,,,,,,,,,,,,,,,,,,,,,,,,,,,,
6.0,35.0,375.0,24.0,14.0,0.09333333333,5.906666667,288.0,,,,,,,,,,,,,,,,,,,,,,,,,,,,,,,,,,,,,,,,,,,,,,,,,,,,,,,
6.0,12.0,400.0,24.0,15.0,0.03,5.97,289.0,,,,,,,,,,,,,,,,,,,,,,,,,,,,,,,,,,,,,,,,,,,,,,,,,,,,,,,
6.0,126.0,130.0,25.0,4.0,0.9692307692,5.030769231,290.0,,,,,,,,,,,,,,,,,,,,,,,,,,,,,,,,,,,,,,,,,,,,,,,,,,,,,,,
6.0,140.0,156.0,25.0,5.0,0.8974358974,5.102564103,291.0,,,,,,,,,,,,,,,,,,,,,,,,,,,,,,,,,,,,,,,,,,,,,,,,,,,,,,,
6.0,142.0,182.0,25.0,6.0,0.7802197802,5.21978022,292.0,,,,,,,,,,,,,,,,,,,,,,,,,,,,,,,,,,,,,,,,,,,,,,,,,,,,,,,
6.0,136.0,208.0,25.0,7.0,0.6538461538,5.346153846,293.0,,,,,,,,,,,,,,,,,,,,,,,,,,,,,,,,,,,,,,,,,,,,,,,,,,,,,,,
6.0,124.0,234.0,25.0,8.0,0.5299145299,5.47008547,294.0,,,,,,,,,,,,,,,,,,,,,,,,,,,,,,,,,,,,,,,,,,,,,,,,,,,,,,,
6.0,108.0,260.0,25.0,9.0,0.4153846154,5.584615385,295.0,,,,,,,,,,,,,,,,,,,,,,,,,,,,,,,,,,,,,,,,,,,,,,,,,,,,,,,
6.0,88.0,286.0,25.0,10.0,0.3076923077,5.692307692,296.0,,,,,,,,,,,,,,,,,,,,,,,,,,,,,,,,,,,,,,,,,,,,,,,,,,,,,,,
6.0,68.0,312.0,25.0,11.0,0.2179487179,5.782051282,297.0,,,,,,,,,,,,,,,,,,,,,,,,,,,,,,,,,,,,,,,,,,,,,,,,,,,,,,,
6.0,54.0,338.0,25.0,12.0,0.1597633136,5.840236686,298.0,,,,,,,,,,,,,,,,,,,,,,,,,,,,,,,,,,,,,,,,,,,,,,,,,,,,,,,
6.0,40.0,364.0,25.0,13.0,0.1098901099,5.89010989,299.0,,,,,,,,,,,,,,,,,,,,,,,,,,,,,,,,,,,,,,,,,,,,,,,,,,,,,,,
6.0,24.0,390.0,25.0,14.0,0.06153846154,5.938461538,300.0,,,,,,,,,,,,,,,,,,,,,,,,,,,,,,,,,,,,,,,,,,,,,,,,,,,,,,,
6.0,127.0,135.0,26.0,4.0,0.9407407407,5.059259259,301.0,,,,,,,,,,,,,,,,,,,,,,,,,,,,,,,,,,,,,,,,,,,,,,,,,,,,,,,
6.0,138.0,162.0,26.0,5.0,0.8518518519,5.148148148,302.0,,,,,,,,,,,,,,,,,,,,,,,,,,,,,,,,,,,,,,,,,,,,,,,,,,,,,,,
6.0,137.0,189.0,26.0,6.0,0.7248677249,5.275132275,303.0,,,,,,,,,,,,,,,,,,,,,,,,,,,,,,,,,,,,,,,,,,,,,,,,,,,,,,,
6.0,128.0,216.0,26.0,7.0,0.5925925926,5.407407407,304.0,,,,,,,,,,,,,,,,,,,,,,,,,,,,,,,,,,,,,,,,,,,,,,,,,,,,,,,
6.0,115.0,243.0,26.0,8.0,0.4732510288,5.526748971,305.0,,,,,,,,,,,,,,,,,,,,,,,,,,,,,,,,,,,,,,,,,,,,,,,,,,,,,,,
6.0,98.0,270.0,26.0,9.0,0.362962963,5.637037037,306.0,,,,,,,,,,,,,,,,,,,,,,,,,,,,,,,,,,,,,,,,,,,,,,,,,,,,,,,
6.0,79.0,297.0,26.0,10.0,0.265993266,5.734006734,307.0,,,,,,,,,,,,,,,,,,,,,,,,,,,,,,,,,,,,,,,,,,,,,,,,,,,,,,,
6.0,60.0,324.0,26.0,11.0,0.1851851852,5.814814815,308.0,,,,,,,,,,,,,,,,,,,,,,,,,,,,,,,,,,,,,,,,,,,,,,,,,,,,,,,
6.0,47.0,351.0,26.0,12.0,0.1339031339,5.866096866,309.0,,,,,,,,,,,,,,,,,,,,,,,,,,,,,,,,,,,,,,,,,,,,,,,,,,,,,,,
6.0,30.0,378.0,26.0,13.0,0.07936507937,5.920634921,310.0,,,,,,,,,,,,,,,,,,,,,,,,,,,,,,,,,,,,,,,,,,,,,,,,,,,,,,,
6.0,128.0,140.0,27.0,4.0,0.9142857143,5.085714286,311.0,,,,,,,,,,,,,,,,,,,,,,,,,,,,,,,,,,,,,,,,,,,,,,,,,,,,,,,
6.0,136.0,168.0,27.0,5.0,0.8095238095,5.19047619,312.0,,,,,,,,,,,,,,,,,,,,,,,,,,,,,,,,,,,,,,,,,,,,,,,,,,,,,,,
6.0,132.0,196.0,27.0,6.0,0.6734693878,5.326530612,313.0,,,,,,,,,,,,,,,,,,,,,,,,,,,,,,,,,,,,,,,,,,,,,,,,,,,,,,,
6.0,120.0,224.0,27.0,7.0,0.5357142857,5.464285714,314.0,,,,,,,,,,,,,,,,,,,,,,,,,,,,,,,,,,,,,,,,,,,,,,,,,,,,,,,
6.0,106.0,252.0,27.0,8.0,0.4206349206,5.579365079,315.0,,,,,,,,,,,,,,,,,,,,,,,,,,,,,,,,,,,,,,,,,,,,,,,,,,,,,,,
6.0,88.0,280.0,27.0,9.0,0.3142857143,5.685714286,316.0,,,,,,,,,,,,,,,,,,,,,,,,,,,,,,,,,,,,,,,,,,,,,,,,,,,,,,,
6.0,70.0,308.0,27.0,10.0,0.2272727273,5.772727273,317.0,,,,,,,,,,,,,,,,,,,,,,,,,,,,,,,,,,,,,,,,,,,,,,,,,,,,,,,
6.0,52.0,336.0,27.0,11.0,0.1547619048,5.845238095,318.0,,,,,,,,,,,,,,,,,,,,,,,,,,,,,,,,,,,,,,,,,,,,,,,,,,,,,,,
6.0,40.0,364.0,27.0,12.0,0.1098901099,5.89010989,319.0,,,,,,,,,,,,,,,,,,,,,,,,,,,,,,,,,,,,,,,,,,,,,,,,,,,,,,,
6.0,18.0,392.0,27.0,13.0,0.04591836735,5.954081633,320.0,,,,,,,,,,,,,,,,,,,,,,,,,,,,,,,,,,,,,,,,,,,,,,,,,,,,,,,
6.0,112.0,116.0,28.0,3.0,0.9655172414,5.034482759,321.0,,,,,,,,,,,,,,,,,,,,,,,,,,,,,,,,,,,,,,,,,,,,,,,,,,,,,,,
6.0,125.0,145.0,28.0,4.0,0.8620689655,5.137931034,322.0,,,,,,,,,,,,,,,,,,,,,,,,,,,,,,,,,,,,,,,,,,,,,,,,,,,,,,,
6.0,130.0,174.0,28.0,5.0,0.7471264368,5.252873563,323.0,,,,,,,,,,,,,,,,,,,,,,,,,,,,,,,,,,,,,,,,,,,,,,,,,,,,,,,
6.0,125.0,203.0,28.0,6.0,0.6157635468,5.384236453,324.0,,,,,,,,,,,,,,,,,,,,,,,,,,,,,,,,,,,,,,,,,,,,,,,,,,,,,,,
6.0,112.0,232.0,28.0,7.0,0.4827586207,5.517241379,325.0,,,,,,,,,,,,,,,,,,,,,,,,,,,,,,,,,,,,,,,,,,,,,,,,,,,,,,,
6.0,97.0,261.0,28.0,8.0,0.3716475096,5.62835249,326.0,,,,,,,,,,,,,,,,,,,,,,,,,,,,,,,,,,,,,,,,,,,,,,,,,,,,,,,
6.0,78.0,290.0,28.0,9.0,0.2689655172,5.731034483,327.0,,,,,,,,,,,,,,,,,,,,,,,,,,,,,,,,,,,,,,,,,,,,,,,,,,,,,,,
6.0,61.0,319.0,28.0,10.0,0.1912225705,5.808777429,328.0,,,,,,,,,,,,,,,,,,,,,,,,,,,,,,,,,,,,,,,,,,,,,,,,,,,,,,,
6.0,44.0,348.0,28.0,11.0,0.1264367816,5.873563218,329.0,,,,,,,,,,,,,,,,,,,,,,,,,,,,,,,,,,,,,,,,,,,,,,,,,,,,,,,
6.0,31.0,377.0,28.0,12.0,0.08222811671,5.917771883,330.0,,,,,,,,,,,,,,,,,,,,,,,,,,,,,,,,,,,,,,,,,,,,,,,,,,,,,,,
6.0,112.0,120.0,29.0,3.0,0.9333333333,5.066666667,331.0,,,,,,,,,,,,,,,,,,,,,,,,,,,,,,,,,,,,,,,,,,,,,,,,,,,,,,,
6.0,122.0,150.0,29.0,4.0,0.8133333333,5.186666667,332.0,,,,,,,,,,,,,,,,,,,,,,,,,,,,,,,,,,,,,,,,,,,,,,,,,,,,,,,
6.0,124.0,180.0,29.0,5.0,0.6888888889,5.311111111,333.0,,,,,,,,,,,,,,,,,,,,,,,,,,,,,,,,,,,,,,,,,,,,,,,,,,,,,,,
6.0,118.0,210.0,29.0,6.0,0.5619047619,5.438095238,334.0,,,,,,,,,,,,,,,,,,,,,,,,,,,,,,,,,,,,,,,,,,,,,,,,,,,,,,,
6.0,104.0,240.0,29.0,7.0,0.4333333333,5.566666667,335.0,,,,,,,,,,,,,,,,,,,,,,,,,,,,,,,,,,,,,,,,,,,,,,,,,,,,,,,
6.0,88.0,270.0,29.0,8.0,0.3259259259,5.674074074,336.0,,,,,,,,,,,,,,,,,,,,,,,,,,,,,,,,,,,,,,,,,,,,,,,,,,,,,,,
6.0,68.0,300.0,29.0,9.0,0.2266666667,5.773333333,337.0,,,,,,,,,,,,,,,,,,,,,,,,,,,,,,,,,,,,,,,,,,,,,,,,,,,,,,,
6.0,52.0,330.0,29.0,10.0,0.1575757576,5.842424242,338.0,,,,,,,,,,,,,,,,,,,,,,,,,,,,,,,,,,,,,,,,,,,,,,,,,,,,,,,
6.0,36.0,360.0,29.0,11.0,0.1,5.9,339.0,,,,,,,,,,,,,,,,,,,,,,,,,,,,,,,,,,,,,,,,,,,,,,,,,,,,,,,
6.0,6.0,390.0,29.0,12.0,0.01538461538,5.984615385,340.0,,,,,,,,,,,,,,,,,,,,,,,,,,,,,,,,,,,,,,,,,,,,,,,,,,,,,,,
6.0,112.0,124.0,30.0,3.0,0.9032258065,5.096774194,341.0,,,,,,,,,,,,,,,,,,,,,,,,,,,,,,,,,,,,,,,,,,,,,,,,,,,,,,,
6.0,119.0,155.0,30.0,4.0,0.7677419355,5.232258065,342.0,,,,,,,,,,,,,,,,,,,,,,,,,,,,,,,,,,,,,,,,,,,,,,,,,,,,,,,
6.0,118.0,186.0,30.0,5.0,0.6344086022,5.365591398,343.0,,,,,,,,,,,,,,,,,,,,,,,,,,,,,,,,,,,,,,,,,,,,,,,,,,,,,,,
6.0,111.0,217.0,30.0,6.0,0.5115207373,5.488479263,344.0,,,,,,,,,,,,,,,,,,,,,,,,,,,,,,,,,,,,,,,,,,,,,,,,,,,,,,,
6.0,96.0,248.0,30.0,7.0,0.3870967742,5.612903226,345.0,,,,,,,,,,,,,,,,,,,,,,,,,,,,,,,,,,,,,,,,,,,,,,,,,,,,,,,
6.0,79.0,279.0,30.0,8.0,0.2831541219,5.716845878,346.0,,,,,,,,,,,,,,,,,,,,,,,,,,,,,,,,,,,,,,,,,,,,,,,,,,,,,,,
6.0,60.0,310.0,30.0,9.0,0.1935483871,5.806451613,347.0,,,,,,,,,,,,,,,,,,,,,,,,,,,,,,,,,,,,,,,,,,,,,,,,,,,,,,,
6.0,45.0,341.0,30.0,10.0,0.1319648094,5.868035191,348.0,,,,,,,,,,,,,,,,,,,,,,,,,,,,,,,,,,,,,,,,,,,,,,,,,,,,,,,
6.0,26.0,372.0,30.0,11.0,0.06989247312,5.930107527,349.0,,,,,,,,,,,,,,,,,,,,,,,,,,,,,,,,,,,,,,,,,,,,,,,,,,,,,,,
6.0,112.0,128.0,31.0,3.0,0.875,5.125,350.0,,,,,,,,,,,,,,,,,,,,,,,,,,,,,,,,,,,,,,,,,,,,,,,,,,,,,,,
6.0,116.0,160.0,31.0,4.0,0.725,5.275,351.0,,,,,,,,,,,,,,,,,,,,,,,,,,,,,,,,,,,,,,,,,,,,,,,,,,,,,,,
6.0,112.0,192.0,31.0,5.0,0.5833333333,5.416666667,352.0,,,,,,,,,,,,,,,,,,,,,,,,,,,,,,,,,,,,,,,,,,,,,,,,,,,,,,,
6.0,104.0,224.0,31.0,6.0,0.4642857143,5.535714286,353.0,,,,,,,,,,,,,,,,,,,,,,,,,,,,,,,,,,,,,,,,,,,,,,,,,,,,,,,
6.0,88.0,256.0,31.0,7.0,0.34375,5.65625,354.0,,,,,,,,,,,,,,,,,,,,,,,,,,,,,,,,,,,,,,,,,,,,,,,,,,,,,,,
6.0,70.0,288.0,31.0,8.0,0.2430555556,5.756944444,355.0,,,,,,,,,,,,,,,,,,,,,,,,,,,,,,,,,,,,,,,,,,,,,,,,,,,,,,,
6.0,52.0,320.0,31.0,9.0,0.1625,5.8375,356.0,,,,,,,,,,,,,,,,,,,,,,,,,,,,,,,,,,,,,,,,,,,,,,,,,,,,,,,
6.0,36.0,352.0,31.0,10.0,0.1022727273,5.897727273,357.0,,,,,,,,,,,,,,,,,,,,,,,,,,,,,,,,,,,,,,,,,,,,,,,,,,,,,,,
6.0,6.0,384.0,31.0,11.0,0.015625,5.984375,358.0,,,,,,,,,,,,,,,,,,,,,,,,,,,,,,,,,,,,,,,,,,,,,,,,,,,,,,,
6.0,95.0,99.0,32.0,2.0,0.9595959596,5.04040404,359.0,,,,,,,,,,,,,,,,,,,,,,,,,,,,,,,,,,,,,,,,,,,,,,,,,,,,,,,
6.0,108.0,132.0,32.0,3.0,0.8181818182,5.181818182,360.0,,,,,,,,,,,,,,,,,,,,,,,,,,,,,,,,,,,,,,,,,,,,,,,,,,,,,,,
6.0,111.0,165.0,32.0,4.0,0.6727272727,5.327272727,361.0,,,,,,,,,,,,,,,,,,,,,,,,,,,,,,,,,,,,,,,,,,,,,,,,,,,,,,,
6.0,106.0,198.0,32.0,5.0,0.5353535354,5.464646465,362.0,,,,,,,,,,,,,,,,,,,,,,,,,,,,,,,,,,,,,,,,,,,,,,,,,,,,,,,
6.0,97.0,231.0,32.0,6.0,0.4199134199,5.58008658,363.0,,,,,,,,,,,,,,,,,,,,,,,,,,,,,,,,,,,,,,,,,,,,,,,,,,,,,,,
6.0,80.0,264.0,32.0,7.0,0.303030303,5.696969697,364.0,,,,,,,,,,,,,,,,,,,,,,,,,,,,,,,,,,,,,,,,,,,,,,,,,,,,,,,
6.0,63.0,297.0,32.0,8.0,0.2121212121,5.787878788,365.0,,,,,,,,,,,,,,,,,,,,,,,,,,,,,,,,,,,,,,,,,,,,,,,,,,,,,,,
6.0,46.0,330.0,32.0,9.0,0.1393939394,5.860606061,366.0,,,,,,,,,,,,,,,,,,,,,,,,,,,,,,,,,,,,,,,,,,,,,,,,,,,,,,,
6.0,29.0,363.0,32.0,10.0,0.07988980716,5.920110193,367.0,,,,,,,,,,,,,,,,,,,,,,,,,,,,,,,,,,,,,,,,,,,,,,,,,,,,,,,
6.0,64.0,68.0,33.0,1.0,0.9411764706,5.058823529,368.0,,,,,,,,,,,,,,,,,,,,,,,,,,,,,,,,,,,,,,,,,,,,,,,,,,,,,,,
6.0,92.0,102.0,33.0,2.0,0.9019607843,5.098039216,369.0,,,,,,,,,,,,,,,,,,,,,,,,,,,,,,,,,,,,,,,,,,,,,,,,,,,,,,,
6.0,104.0,136.0,33.0,3.0,0.7647058824,5.235294118,370.0,,,,,,,,,,,,,,,,,,,,,,,,,,,,,,,,,,,,,,,,,,,,,,,,,,,,,,,
6.0,106.0,170.0,33.0,4.0,0.6235294118,5.376470588,371.0,,,,,,,,,,,,,,,,,,,,,,,,,,,,,,,,,,,,,,,,,,,,,,,,,,,,,,,
6.0,100.0,204.0,33.0,5.0,0.4901960784,5.509803922,372.0,,,,,,,,,,,,,,,,,,,,,,,,,,,,,,,,,,,,,,,,,,,,,,,,,,,,,,,
6.0,90.0,238.0,33.0,6.0,0.3781512605,5.621848739,373.0,,,,,,,,,,,,,,,,,,,,,,,,,,,,,,,,,,,,,,,,,,,,,,,,,,,,,,,
6.0,72.0,272.0,33.0,7.0,0.2647058824,5.735294118,374.0,,,,,,,,,,,,,,,,,,,,,,,,,,,,,,,,,,,,,,,,,,,,,,,,,,,,,,,
6.0,56.0,306.0,33.0,8.0,0.1830065359,5.816993464,375.0,,,,,,,,,,,,,,,,,,,,,,,,,,,,,,,,,,,,,,,,,,,,,,,,,,,,,,,
6.0,40.0,340.0,33.0,9.0,0.1176470588,5.882352941,376.0,,,,,,,,,,,,,,,,,,,,,,,,,,,,,,,,,,,,,,,,,,,,,,,,,,,,,,,
6.0,8.0,374.0,33.0,10.0,0.02139037433,5.978609626,377.0,,,,,,,,,,,,,,,,,,,,,,,,,,,,,,,,,,,,,,,,,,,,,,,,,,,,,,,
6.0,62.0,70.0,34.0,1.0,0.8857142857,5.114285714,378.0,,,,,,,,,,,,,,,,,,,,,,,,,,,,,,,,,,,,,,,,,,,,,,,,,,,,,,,
6.0,89.0,105.0,34.0,2.0,0.8476190476,5.152380952,379.0,,,,,,,,,,,,,,,,,,,,,,,,,,,,,,,,,,,,,,,,,,,,,,,,,,,,,,,
6.0,100.0,140.0,34.0,3.0,0.7142857143,5.285714286,380.0,,,,,,,,,,,,,,,,,,,,,,,,,,,,,,,,,,,,,,,,,,,,,,,,,,,,,,,
6.0,101.0,175.0,34.0,4.0,0.5771428571,5.422857143,381.0,,,,,,,,,,,,,,,,,,,,,,,,,,,,,,,,,,,,,,,,,,,,,,,,,,,,,,,
6.0,94.0,210.0,34.0,5.0,0.4476190476,5.552380952,382.0,,,,,,,,,,,,,,,,,,,,,,,,,,,,,,,,,,,,,,,,,,,,,,,,,,,,,,,
6.0,83.0,245.0,34.0,6.0,0.3387755102,5.66122449,383.0,,,,,,,,,,,,,,,,,,,,,,,,,,,,,,,,,,,,,,,,,,,,,,,,,,,,,,,
6.0,64.0,280.0,34.0,7.0,0.2285714286,5.771428571,384.0,,,,,,,,,,,,,,,,,,,,,,,,,,,,,,,,,,,,,,,,,,,,,,,,,,,,,,,
6.0,49.0,315.0,34.0,8.0,0.1555555556,5.844444444,385.0,,,,,,,,,,,,,,,,,,,,,,,,,,,,,,,,,,,,,,,,,,,,,,,,,,,,,,,
6.0,32.0,350.0,34.0,9.0,0.09142857143,5.908571429,386.0,,,,,,,,,,,,,,,,,,,,,,,,,,,,,,,,,,,,,,,,,,,,,,,,,,,,,,,
6.0,60.0,72.0,35.0,1.0,0.8333333333,5.166666667,387.0,,,,,,,,,,,,,,,,,,,,,,,,,,,,,,,,,,,,,,,,,,,,,,,,,,,,,,,
6.0,86.0,108.0,35.0,2.0,0.7962962963,5.203703704,388.0,,,,,,,,,,,,,,,,,,,,,,,,,,,,,,,,,,,,,,,,,,,,,,,,,,,,,,,
6.0,96.0,144.0,35.0,3.0,0.6666666667,5.333333333,389.0,,,,,,,,,,,,,,,,,,,,,,,,,,,,,,,,,,,,,,,,,,,,,,,,,,,,,,,
6.0,96.0,180.0,35.0,4.0,0.5333333333,5.466666667,390.0,,,,,,,,,,,,,,,,,,,,,,,,,,,,,,,,,,,,,,,,,,,,,,,,,,,,,,,
6.0,88.0,216.0,35.0,5.0,0.4074074074,5.592592593,391.0,,,,,,,,,,,,,,,,,,,,,,,,,,,,,,,,,,,,,,,,,,,,,,,,,,,,,,,
6.0,76.0,252.0,35.0,6.0,0.3015873016,5.698412698,392.0,,,,,,,,,,,,,,,,,,,,,,,,,,,,,,,,,,,,,,,,,,,,,,,,,,,,,,,
6.0,56.0,288.0,35.0,7.0,0.1944444444,5.805555556,393.0,,,,,,,,,,,,,,,,,,,,,,,,,,,,,,,,,,,,,,,,,,,,,,,,,,,,,,,
6.0,42.0,324.0,35.0,8.0,0.1296296296,5.87037037,394.0,,,,,,,,,,,,,,,,,,,,,,,,,,,,,,,,,,,,,,,,,,,,,,,,,,,,,,,
6.0,18.0,360.0,35.0,9.0,0.05,5.95,395.0,,,,,,,,,,,,,,,,,,,,,,,,,,,,,,,,,,,,,,,,,,,,,,,,,,,,,,,
6.0,58.0,74.0,36.0,1.0,0.7837837838,5.216216216,396.0,,,,,,,,,,,,,,,,,,,,,,,,,,,,,,,,,,,,,,,,,,,,,,,,,,,,,,,
6.0,83.0,111.0,36.0,2.0,0.7477477477,5.252252252,397.0,,,,,,,,,,,,,,,,,,,,,,,,,,,,,,,,,,,,,,,,,,,,,,,,,,,,,,,
6.0,92.0,148.0,36.0,3.0,0.6216216216,5.378378378,398.0,,,,,,,,,,,,,,,,,,,,,,,,,,,,,,,,,,,,,,,,,,,,,,,,,,,,,,,
6.0,91.0,185.0,36.0,4.0,0.4918918919,5.508108108,399.0,,,,,,,,,,,,,,,,,,,,,,,,,,,,,,,,,,,,,,,,,,,,,,,,,,,,,,,
6.0,82.0,222.0,36.0,5.0,0.3693693694,5.630630631,400.0,,,,,,,,,,,,,,,,,,,,,,,,,,,,,,,,,,,,,,,,,,,,,,,,,,,,,,,
6.0,69.0,259.0,36.0,6.0,0.2664092664,5.733590734,401.0,,,,,,,,,,,,,,,,,,,,,,,,,,,,,,,,,,,,,,,,,,,,,,,,,,,,,,,
6.0,50.0,296.0,36.0,7.0,0.1689189189,5.831081081,402.0,,,,,,,,,,,,,,,,,,,,,,,,,,,,,,,,,,,,,,,,,,,,,,,,,,,,,,,
6.0,37.0,333.0,36.0,8.0,0.1111111111,5.888888889,403.0,,,,,,,,,,,,,,,,,,,,,,,,,,,,,,,,,,,,,,,,,,,,,,,,,,,,,,,
6.0,2.0,370.0,36.0,9.0,0.005405405405,5.994594595,404.0,,,,,,,,,,,,,,,,,,,,,,,,,,,,,,,,,,,,,,,,,,,,,,,,,,,,,,,
6.0,56.0,76.0,37.0,1.0,0.7368421053,5.263157895,405.0,,,,,,,,,,,,,,,,,,,,,,,,,,,,,,,,,,,,,,,,,,,,,,,,,,,,,,,
6.0,80.0,114.0,37.0,2.0,0.701754386,5.298245614,406.0,,,,,,,,,,,,,,,,,,,,,,,,,,,,,,,,,,,,,,,,,,,,,,,,,,,,,,,
6.0,88.0,152.0,37.0,3.0,0.5789473684,5.421052632,407.0,,,,,,,,,,,,,,,,,,,,,,,,,,,,,,,,,,,,,,,,,,,,,,,,,,,,,,,
6.0,86.0,190.0,37.0,4.0,0.4526315789,5.547368421,408.0,,,,,,,,,,,,,,,,,,,,,,,,,,,,,,,,,,,,,,,,,,,,,,,,,,,,,,,
6.0,76.0,228.0,37.0,5.0,0.3333333333,5.666666667,409.0,,,,,,,,,,,,,,,,,,,,,,,,,,,,,,,,,,,,,,,,,,,,,,,,,,,,,,,
6.0,62.0,266.0,37.0,6.0,0.2330827068,5.766917293,410.0,,,,,,,,,,,,,,,,,,,,,,,,,,,,,,,,,,,,,,,,,,,,,,,,,,,,,,,
6.0,44.0,304.0,37.0,7.0,0.1447368421,5.855263158,411.0,,,,,,,,,,,,,,,,,,,,,,,,,,,,,,,,,,,,,,,,,,,,,,,,,,,,,,,
6.0,30.0,342.0,37.0,8.0,0.08771929825,5.912280702,412.0,,,,,,,,,,,,,,,,,,,,,,,,,,,,,,,,,,,,,,,,,,,,,,,,,,,,,,,
6.0,54.0,78.0,38.0,1.0,0.6923076923,5.307692308,413.0,,,,,,,,,,,,,,,,,,,,,,,,,,,,,,,,,,,,,,,,,,,,,,,,,,,,,,,
6.0,77.0,117.0,38.0,2.0,0.6581196581,5.341880342,414.0,,,,,,,,,,,,,,,,,,,,,,,,,,,,,,,,,,,,,,,,,,,,,,,,,,,,,,,
6.0,84.0,156.0,38.0,3.0,0.5384615385,5.461538462,415.0,,,,,,,,,,,,,,,,,,,,,,,,,,,,,,,,,,,,,,,,,,,,,,,,,,,,,,,
6.0,81.0,195.0,38.0,4.0,0.4153846154,5.584615385,416.0,,,,,,,,,,,,,,,,,,,,,,,,,,,,,,,,,,,,,,,,,,,,,,,,,,,,,,,
6.0,70.0,234.0,38.0,5.0,0.2991452991,5.700854701,417.0,,,,,,,,,,,,,,,,,,,,,,,,,,,,,,,,,,,,,,,,,,,,,,,,,,,,,,,
6.0,55.0,273.0,38.0,6.0,0.2014652015,5.798534799,418.0,,,,,,,,,,,,,,,,,,,,,,,,,,,,,,,,,,,,,,,,,,,,,,,,,,,,,,,
6.0,38.0,312.0,38.0,7.0,0.1217948718,5.878205128,419.0,,,,,,,,,,,,,,,,,,,,,,,,,,,,,,,,,,,,,,,,,,,,,,,,,,,,,,,
6.0,19.0,351.0,38.0,8.0,0.05413105413,5.945868946,420.0,,,,,,,,,,,,,,,,,,,,,,,,,,,,,,,,,,,,,,,,,,,,,,,,,,,,,,,
6.0,52.0,80.0,39.0,1.0,0.65,5.35,421.0,,,,,,,,,,,,,,,,,,,,,,,,,,,,,,,,,,,,,,,,,,,,,,,,,,,,,,,
6.0,74.0,120.0,39.0,2.0,0.6166666667,5.383333333,422.0,,,,,,,,,,,,,,,,,,,,,,,,,,,,,,,,,,,,,,,,,,,,,,,,,,,,,,,
6.0,80.0,160.0,39.0,3.0,0.5,5.5,423.0,,,,,,,,,,,,,,,,,,,,,,,,,,,,,,,,,,,,,,,,,,,,,,,,,,,,,,,
6.0,76.0,200.0,39.0,4.0,0.38,5.62,424.0,,,,,,,,,,,,,,,,,,,,,,,,,,,,,,,,,,,,,,,,,,,,,,,,,,,,,,,
6.0,64.0,240.0,39.0,5.0,0.2666666667,5.733333333,425.0,,,,,,,,,,,,,,,,,,,,,,,,,,,,,,,,,,,,,,,,,,,,,,,,,,,,,,,
6.0,48.0,280.0,39.0,6.0,0.1714285714,5.828571429,426.0,,,,,,,,,,,,,,,,,,,,,,,,,,,,,,,,,,,,,,,,,,,,,,,,,,,,,,,
6.0,32.0,320.0,39.0,7.0,0.1,5.9,427.0,,,,,,,,,,,,,,,,,,,,,,,,,,,,,,,,,,,,,,,,,,,,,,,,,,,,,,,
6.0,50.0,82.0,40.0,1.0,0.6097560976,5.390243902,428.0,,,,,,,,,,,,,,,,,,,,,,,,,,,,,,,,,,,,,,,,,,,,,,,,,,,,,,,
6.0,71.0,123.0,40.0,2.0,0.5772357724,5.422764228,429.0,,,,,,,,,,,,,,,,,,,,,,,,,,,,,,,,,,,,,,,,,,,,,,,,,,,,,,,
6.0,76.0,164.0,40.0,3.0,0.4634146341,5.536585366,430.0,,,,,,,,,,,,,,,,,,,,,,,,,,,,,,,,,,,,,,,,,,,,,,,,,,,,,,,
6.0,71.0,205.0,40.0,4.0,0.3463414634,5.653658537,431.0,,,,,,,,,,,,,,,,,,,,,,,,,,,,,,,,,,,,,,,,,,,,,,,,,,,,,,,
6.0,58.0,246.0,40.0,5.0,0.2357723577,5.764227642,432.0,,,,,,,,,,,,,,,,,,,,,,,,,,,,,,,,,,,,,,,,,,,,,,,,,,,,,,,
6.0,43.0,287.0,40.0,6.0,0.149825784,5.850174216,433.0,,,,,,,,,,,,,,,,,,,,,,,,,,,,,,,,,,,,,,,,,,,,,,,,,,,,,,,
6.0,26.0,328.0,40.0,7.0,0.07926829268,5.920731707,434.0,,,,,,,,,,,,,,,,,,,,,,,,,,,,,,,,,,,,,,,,,,,,,,,,,,,,,,,
6.0,48.0,84.0,41.0,1.0,0.5714285714,5.428571429,435.0,,,,,,,,,,,,,,,,,,,,,,,,,,,,,,,,,,,,,,,,,,,,,,,,,,,,,,,
6.0,68.0,126.0,41.0,2.0,0.5396825397,5.46031746,436.0,,,,,,,,,,,,,,,,,,,,,,,,,,,,,,,,,,,,,,,,,,,,,,,,,,,,,,,
6.0,72.0,168.0,41.0,3.0,0.4285714286,5.571428571,437.0,,,,,,,,,,,,,,,,,,,,,,,,,,,,,,,,,,,,,,,,,,,,,,,,,,,,,,,
6.0,66.0,210.0,41.0,4.0,0.3142857143,5.685714286,438.0,,,,,,,,,,,,,,,,,,,,,,,,,,,,,,,,,,,,,,,,,,,,,,,,,,,,,,,
6.0,52.0,252.0,41.0,5.0,0.2063492063,5.793650794,439.0,,,,,,,,,,,,,,,,,,,,,,,,,,,,,,,,,,,,,,,,,,,,,,,,,,,,,,,
6.0,38.0,294.0,41.0,6.0,0.1292517007,5.870748299,440.0,,,,,,,,,,,,,,,,,,,,,,,,,,,,,,,,,,,,,,,,,,,,,,,,,,,,,,,
6.0,14.0,336.0,41.0,7.0,0.04166666667,5.958333333,441.0,,,,,,,,,,,,,,,,,,,,,,,,,,,,,,,,,,,,,,,,,,,,,,,,,,,,,,,
6.0,46.0,86.0,42.0,1.0,0.5348837209,5.465116279,442.0,,,,,,,,,,,,,,,,,,,,,,,,,,,,,,,,,,,,,,,,,,,,,,,,,,,,,,,
6.0,65.0,129.0,42.0,2.0,0.503875969,5.496124031,443.0,,,,,,,,,,,,,,,,,,,,,,,,,,,,,,,,,,,,,,,,,,,,,,,,,,,,,,,
6.0,68.0,172.0,42.0,3.0,0.3953488372,5.604651163,444.0,,,,,,,,,,,,,,,,,,,,,,,,,,,,,,,,,,,,,,,,,,,,,,,,,,,,,,,
6.0,61.0,215.0,42.0,4.0,0.2837209302,5.71627907,445.0,,,,,,,,,,,,,,,,,,,,,,,,,,,,,,,,,,,,,,,,,,,,,,,,,,,,,,,
6.0,46.0,258.0,42.0,5.0,0.1782945736,5.821705426,446.0,,,,,,,,,,,,,,,,,,,,,,,,,,,,,,,,,,,,,,,,,,,,,,,,,,,,,,,
6.0,33.0,301.0,42.0,6.0,0.1096345515,5.890365449,447.0,,,,,,,,,,,,,,,,,,,,,,,,,,,,,,,,,,,,,,,,,,,,,,,,,,,,,,,
6.0,6.0,344.0,42.0,7.0,0.01744186047,5.98255814,448.0,,,,,,,,,,,,,,,,,,,,,,,,,,,,,,,,,,,,,,,,,,,,,,,,,,,,,,,
6.0,44.0,88.0,43.0,1.0,0.5,5.5,449.0,,,,,,,,,,,,,,,,,,,,,,,,,,,,,,,,,,,,,,,,,,,,,,,,,,,,,,,
6.0,62.0,132.0,43.0,2.0,0.4696969697,5.53030303,450.0,,,,,,,,,,,,,,,,,,,,,,,,,,,,,,,,,,,,,,,,,,,,,,,,,,,,,,,
6.0,64.0,176.0,43.0,3.0,0.3636363636,5.636363636,451.0,,,,,,,,,,,,,,,,,,,,,,,,,,,,,,,,,,,,,,,,,,,,,,,,,,,,,,,
6.0,56.0,220.0,43.0,4.0,0.2545454545,5.745454545,452.0,,,,,,,,,,,,,,,,,,,,,,,,,,,,,,,,,,,,,,,,,,,,,,,,,,,,,,,
6.0,40.0,264.0,43.0,5.0,0.1515151515,5.848484848,453.0,,,,,,,,,,,,,,,,,,,,,,,,,,,,,,,,,,,,,,,,,,,,,,,,,,,,,,,
6.0,28.0,308.0,43.0,6.0,0.09090909091,5.909090909,454.0,,,,,,,,,,,,,,,,,,,,,,,,,,,,,,,,,,,,,,,,,,,,,,,,,,,,,,,
6.0,42.0,90.0,44.0,1.0,0.4666666667,5.533333333,455.0,,,,,,,,,,,,,,,,,,,,,,,,,,,,,,,,,,,,,,,,,,,,,,,,,,,,,,,
6.0,59.0,135.0,44.0,2.0,0.437037037,5.562962963,456.0,,,,,,,,,,,,,,,,,,,,,,,,,,,,,,,,,,,,,,,,,,,,,,,,,,,,,,,
6.0,60.0,180.0,44.0,3.0,0.3333333333,5.666666667,457.0,,,,,,,,,,,,,,,,,,,,,,,,,,,,,,,,,,,,,,,,,,,,,,,,,,,,,,,
6.0,51.0,225.0,44.0,4.0,0.2266666667,5.773333333,458.0,,,,,,,,,,,,,,,,,,,,,,,,,,,,,,,,,,,,,,,,,,,,,,,,,,,,,,,
6.0,34.0,270.0,44.0,5.0,0.1259259259,5.874074074,459.0,,,,,,,,,,,,,,,,,,,,,,,,,,,,,,,,,,,,,,,,,,,,,,,,,,,,,,,
6.0,23.0,315.0,44.0,6.0,0.07301587302,5.926984127,460.0,,,,,,,,,,,,,,,,,,,,,,,,,,,,,,,,,,,,,,,,,,,,,,,,,,,,,,,
6.0,40.0,92.0,45.0,1.0,0.4347826087,5.565217391,461.0,,,,,,,,,,,,,,,,,,,,,,,,,,,,,,,,,,,,,,,,,,,,,,,,,,,,,,,
6.0,56.0,138.0,45.0,2.0,0.4057971014,5.594202899,462.0,,,,,,,,,,,,,,,,,,,,,,,,,,,,,,,,,,,,,,,,,,,,,,,,,,,,,,,
6.0,56.0,184.0,45.0,3.0,0.3043478261,5.695652174,463.0,,,,,,,,,,,,,,,,,,,,,,,,,,,,,,,,,,,,,,,,,,,,,,,,,,,,,,,
6.0,46.0,230.0,45.0,4.0,0.2,5.8,464.0,,,,,,,,,,,,,,,,,,,,,,,,,,,,,,,,,,,,,,,,,,,,,,,,,,,,,,,
6.0,28.0,276.0,45.0,5.0,0.1014492754,5.898550725,465.0,,,,,,,,,,,,,,,,,,,,,,,,,,,,,,,,,,,,,,,,,,,,,,,,,,,,,,,
6.0,18.0,322.0,45.0,6.0,0.05590062112,5.944099379,466.0,,,,,,,,,,,,,,,,,,,,,,,,,,,,,,,,,,,,,,,,,,,,,,,,,,,,,,,
6.0,38.0,94.0,46.0,1.0,0.4042553191,5.595744681,467.0,,,,,,,,,,,,,,,,,,,,,,,,,,,,,,,,,,,,,,,,,,,,,,,,,,,,,,,
6.0,53.0,141.0,46.0,2.0,0.3758865248,5.624113475,468.0,,,,,,,,,,,,,,,,,,,,,,,,,,,,,,,,,,,,,,,,,,,,,,,,,,,,,,,
6.0,52.0,188.0,46.0,3.0,0.2765957447,5.723404255,469.0,,,,,,,,,,,,,,,,,,,,,,,,,,,,,,,,,,,,,,,,,,,,,,,,,,,,,,,
6.0,41.0,235.0,46.0,4.0,0.1744680851,5.825531915,470.0,,,,,,,,,,,,,,,,,,,,,,,,,,,,,,,,,,,,,,,,,,,,,,,,,,,,,,,
6.0,24.0,282.0,46.0,5.0,0.08510638298,5.914893617,471.0,,,,,,,,,,,,,,,,,,,,,,,,,,,,,,,,,,,,,,,,,,,,,,,,,,,,,,,
6.0,4.0,329.0,46.0,6.0,0.01215805471,5.987841945,472.0,,,,,,,,,,,,,,,,,,,,,,,,,,,,,,,,,,,,,,,,,,,,,,,,,,,,,,,
6.0,36.0,96.0,47.0,1.0,0.375,5.625,473.0,,,,,,,,,,,,,,,,,,,,,,,,,,,,,,,,,,,,,,,,,,,,,,,,,,,,,,,
6.0,50.0,144.0,47.0,2.0,0.3472222222,5.652777778,474.0,,,,,,,,,,,,,,,,,,,,,,,,,,,,,,,,,,,,,,,,,,,,,,,,,,,,,,,
6.0,48.0,192.0,47.0,3.0,0.25,5.75,475.0,,,,,,,,,,,,,,,,,,,,,,,,,,,,,,,,,,,,,,,,,,,,,,,,,,,,,,,
6.0,36.0,240.0,47.0,4.0,0.15,5.85,476.0,,,,,,,,,,,,,,,,,,,,,,,,,,,,,,,,,,,,,,,,,,,,,,,,,,,,,,,
6.0,20.0,288.0,47.0,5.0,0.06944444444,5.930555556,477.0,,,,,,,,,,,,,,,,,,,,,,,,,,,,,,,,,,,,,,,,,,,,,,,,,,,,,,,
6.0,34.0,98.0,48.0,1.0,0.3469387755,5.653061224,478.0,,,,,,,,,,,,,,,,,,,,,,,,,,,,,,,,,,,,,,,,,,,,,,,,,,,,,,,
6.0,47.0,147.0,48.0,2.0,0.3197278912,5.680272109,479.0,,,,,,,,,,,,,,,,,,,,,,,,,,,,,,,,,,,,,,,,,,,,,,,,,,,,,,,
6.0,44.0,196.0,48.0,3.0,0.2244897959,5.775510204,480.0,,,,,,,,,,,,,,,,,,,,,,,,,,,,,,,,,,,,,,,,,,,,,,,,,,,,,,,
6.0,31.0,245.0,48.0,4.0,0.1265306122,5.873469388,481.0,,,,,,,,,,,,,,,,,,,,,,,,,,,,,,,,,,,,,,,,,,,,,,,,,,,,,,,
6.0,16.0,294.0,48.0,5.0,0.05442176871,5.945578231,482.0,,,,,,,,,,,,,,,,,,,,,,,,,,,,,,,,,,,,,,,,,,,,,,,,,,,,,,,
6.0,32.0,100.0,49.0,1.0,0.32,5.68,483.0,,,,,,,,,,,,,,,,,,,,,,,,,,,,,,,,,,,,,,,,,,,,,,,,,,,,,,,
6.0,44.0,150.0,49.0,2.0,0.2933333333,5.706666667,484.0,,,,,,,,,,,,,,,,,,,,,,,,,,,,,,,,,,,,,,,,,,,,,,,,,,,,,,,
6.0,40.0,200.0,49.0,3.0,0.2,5.8,485.0,,,,,,,,,,,,,,,,,,,,,,,,,,,,,,,,,,,,,,,,,,,,,,,,,,,,,,,
6.0,26.0,250.0,49.0,4.0,0.104,5.896,486.0,,,,,,,,,,,,,,,,,,,,,,,,,,,,,,,,,,,,,,,,,,,,,,,,,,,,,,,
6.0,12.0,300.0,49.0,5.0,0.04,5.96,487.0,,,,,,,,,,,,,,,,,,,,,,,,,,,,,,,,,,,,,,,,,,,,,,,,,,,,,,,
6.0,30.0,102.0,50.0,1.0,0.2941176471,5.705882353,488.0,,,,,,,,,,,,,,,,,,,,,,,,,,,,,,,,,,,,,,,,,,,,,,,,,,,,,,,
6.0,41.0,153.0,50.0,2.0,0.2679738562,5.732026144,489.0,,,,,,,,,,,,,,,,,,,,,,,,,,,,,,,,,,,,,,,,,,,,,,,,,,,,,,,
6.0,36.0,204.0,50.0,3.0,0.1764705882,5.823529412,490.0,,,,,,,,,,,,,,,,,,,,,,,,,,,,,,,,,,,,,,,,,,,,,,,,,,,,,,,
6.0,23.0,255.0,50.0,4.0,0.09019607843,5.909803922,491.0,,,,,,,,,,,,,,,,,,,,,,,,,,,,,,,,,,,,,,,,,,,,,,,,,,,,,,,
6.0,10.0,306.0,50.0,5.0,0.03267973856,5.967320261,492.0,,,,,,,,,,,,,,,,,,,,,,,,,,,,,,,,,,,,,,,,,,,,,,,,,,,,,,,
6.0,28.0,104.0,51.0,1.0,0.2692307692,5.730769231,493.0,,,,,,,,,,,,,,,,,,,,,,,,,,,,,,,,,,,,,,,,,,,,,,,,,,,,,,,
6.0,38.0,156.0,51.0,2.0,0.2435897436,5.756410256,494.0,,,,,,,,,,,,,,,,,,,,,,,,,,,,,,,,,,,,,,,,,,,,,,,,,,,,,,,
6.0,32.0,208.0,51.0,3.0,0.1538461538,5.846153846,495.0,,,,,,,,,,,,,,,,,,,,,,,,,,,,,,,,,,,,,,,,,,,,,,,,,,,,,,,
6.0,20.0,260.0,51.0,4.0,0.07692307692,5.923076923,496.0,,,,,,,,,,,,,,,,,,,,,,,,,,,,,,,,,,,,,,,,,,,,,,,,,,,,,,,
6.0,26.0,106.0,52.0,1.0,0.2452830189,5.754716981,497.0,,,,,,,,,,,,,,,,,,,,,,,,,,,,,,,,,,,,,,,,,,,,,,,,,,,,,,,
6.0,35.0,159.0,52.0,2.0,0.2201257862,5.779874214,498.0,,,,,,,,,,,,,,,,,,,,,,,,,,,,,,,,,,,,,,,,,,,,,,,,,,,,,,,
6.0,28.0,212.0,52.0,3.0,0.1320754717,5.867924528,499.0,,,,,,,,,,,,,,,,,,,,,,,,,,,,,,,,,,,,,,,,,,,,,,,,,,,,,,,
6.0,17.0,265.0,52.0,4.0,0.0641509434,5.935849057,500.0,,,,,,,,,,,,,,,,,,,,,,,,,,,,,,,,,,,,,,,,,,,,,,,,,,,,,,,
6.0,24.0,108.0,53.0,1.0,0.2222222222,5.777777778,501.0,,,,,,,,,,,,,,,,,,,,,,,,,,,,,,,,,,,,,,,,,,,,,,,,,,,,,,,
6.0,32.0,162.0,53.0,2.0,0.1975308642,5.802469136,502.0,,,,,,,,,,,,,,,,,,,,,,,,,,,,,,,,,,,,,,,,,,,,,,,,,,,,,,,
6.0,24.0,216.0,53.0,3.0,0.1111111111,5.888888889,503.0,,,,,,,,,,,,,,,,,,,,,,,,,,,,,,,,,,,,,,,,,,,,,,,,,,,,,,,
6.0,14.0,270.0,53.0,4.0,0.05185185185,5.948148148,504.0,,,,,,,,,,,,,,,,,,,,,,,,,,,,,,,,,,,,,,,,,,,,,,,,,,,,,,,
6.0,22.0,110.0,54.0,1.0,0.2,5.8,505.0,,,,,,,,,,,,,,,,,,,,,,,,,,,,,,,,,,,,,,,,,,,,,,,,,,,,,,,
6.0,29.0,165.0,54.0,2.0,0.1757575758,5.824242424,506.0,,,,,,,,,,,,,,,,,,,,,,,,,,,,,,,,,,,,,,,,,,,,,,,,,,,,,,,
6.0,20.0,220.0,54.0,3.0,0.09090909091,5.909090909,507.0,,,,,,,,,,,,,,,,,,,,,,,,,,,,,,,,,,,,,,,,,,,,,,,,,,,,,,,
6.0,7.0,275.0,54.0,4.0,0.02545454545,5.974545455,508.0,,,,,,,,,,,,,,,,,,,,,,,,,,,,,,,,,,,,,,,,,,,,,,,,,,,,,,,
7.0,416.0,420.0,20.0,19.0,0.9904761905,6.00952381,509.0,,,,,,,,,,,,,,,,,,,,,,,,,,,,,,,,,,,,,,,,,,,,,,,,,,,,,,,
7.0,429.0,441.0,20.0,20.0,0.9727891156,6.027210884,510.0,,,,,,,,,,,,,,,,,,,,,,,,,,,,,,,,,,,,,,,,,,,,,,,,,,,,,,,
7.0,414.0,418.0,21.0,18.0,0.990430622,6.009569378,511.0,,,,,,,,,,,,,,,,,,,,,,,,,,,,,,,,,,,,,,,,,,,,,,,,,,,,,,,
7.0,428.0,440.0,21.0,19.0,0.9727272727,6.027272727,512.0,,,,,,,,,,,,,,,,,,,,,,,,,,,,,,,,,,,,,,,,,,,,,,,,,,,,,,,
7.0,438.0,462.0,21.0,20.0,0.9480519481,6.051948052,513.0,,,,,,,,,,,,,,,,,,,,,,,,,,,,,,,,,,,,,,,,,,,,,,,,,,,,,,,
7.0,444.0,484.0,21.0,21.0,0.9173553719,6.082644628,514.0,,,,,,,,,,,,,,,,,,,,,,,,,,,,,,,,,,,,,,,,,,,,,,,,,,,,,,,
7.0,410.0,414.0,22.0,17.0,0.9903381643,6.009661836,515.0,,,,,,,,,,,,,,,,,,,,,,,,,,,,,,,,,,,,,,,,,,,,,,,,,,,,,,,
7.0,425.0,437.0,22.0,18.0,0.9725400458,6.027459954,516.0,,,,,,,,,,,,,,,,,,,,,,,,,,,,,,,,,,,,,,,,,,,,,,,,,,,,,,,
7.0,436.0,460.0,22.0,19.0,0.947826087,6.052173913,517.0,,,,,,,,,,,,,,,,,,,,,,,,,,,,,,,,,,,,,,,,,,,,,,,,,,,,,,,
7.0,443.0,483.0,22.0,20.0,0.917184265,6.082815735,518.0,,,,,,,,,,,,,,,,,,,,,,,,,,,,,,,,,,,,,,,,,,,,,,,,,,,,,,,
7.0,446.0,506.0,22.0,21.0,0.8814229249,6.118577075,519.0,,,,,,,,,,,,,,,,,,,,,,,,,,,,,,,,,,,,,,,,,,,,,,,,,,,,,,,
7.0,445.0,529.0,22.0,22.0,0.8412098299,6.15879017,520.0,,,,,,,,,,,,,,,,,,,,,,,,,,,,,,,,,,,,,,,,,,,,,,,,,,,,,,,
7.0,404.0,408.0,23.0,16.0,0.9901960784,6.009803922,521.0,,,,,,,,,,,,,,,,,,,,,,,,,,,,,,,,,,,,,,,,,,,,,,,,,,,,,,,
7.0,420.0,432.0,23.0,17.0,0.9722222222,6.027777778,522.0,,,,,,,,,,,,,,,,,,,,,,,,,,,,,,,,,,,,,,,,,,,,,,,,,,,,,,,
7.0,432.0,456.0,23.0,18.0,0.9473684211,6.052631579,523.0,,,,,,,,,,,,,,,,,,,,,,,,,,,,,,,,,,,,,,,,,,,,,,,,,,,,,,,
7.0,440.0,480.0,23.0,19.0,0.9166666667,6.083333333,524.0,,,,,,,,,,,,,,,,,,,,,,,,,,,,,,,,,,,,,,,,,,,,,,,,,,,,,,,
7.0,444.0,504.0,23.0,20.0,0.880952381,6.119047619,525.0,,,,,,,,,,,,,,,,,,,,,,,,,,,,,,,,,,,,,,,,,,,,,,,,,,,,,,,
7.0,444.0,528.0,23.0,21.0,0.8409090909,6.159090909,526.0,,,,,,,,,,,,,,,,,,,,,,,,,,,,,,,,,,,,,,,,,,,,,,,,,,,,,,,
7.0,440.0,552.0,23.0,22.0,0.7971014493,6.202898551,527.0,,,,,,,,,,,,,,,,,,,,,,,,,,,,,,,,,,,,,,,,,,,,,,,,,,,,,,,
7.0,432.0,576.0,23.0,23.0,0.75,6.25,528.0,,,,,,,,,,,,,,,,,,,,,,,,,,,,,,,,,,,,,,,,,,,,,,,,,,,,,,,
7.0,417.0,425.0,24.0,16.0,0.9811764706,6.018823529,529.0,,,,,,,,,,,,,,,,,,,,,,,,,,,,,,,,,,,,,,,,,,,,,,,,,,,,,,,
7.0,430.0,450.0,24.0,17.0,0.9555555556,6.044444444,530.0,,,,,,,,,,,,,,,,,,,,,,,,,,,,,,,,,,,,,,,,,,,,,,,,,,,,,,,
7.0,439.0,475.0,24.0,18.0,0.9242105263,6.075789474,531.0,,,,,,,,,,,,,,,,,,,,,,,,,,,,,,,,,,,,,,,,,,,,,,,,,,,,,,,
7.0,444.0,500.0,24.0,19.0,0.888,6.112,532.0,,,,,,,,,,,,,,,,,,,,,,,,,,,,,,,,,,,,,,,,,,,,,,,,,,,,,,,
7.0,445.0,525.0,24.0,20.0,0.8476190476,6.152380952,533.0,,,,,,,,,,,,,,,,,,,,,,,,,,,,,,,,,,,,,,,,,,,,,,,,,,,,,,,
7.0,442.0,550.0,24.0,21.0,0.8036363636,6.196363636,534.0,,,,,,,,,,,,,,,,,,,,,,,,,,,,,,,,,,,,,,,,,,,,,,,,,,,,,,,
7.0,435.0,575.0,24.0,22.0,0.7565217391,6.243478261,535.0,,,,,,,,,,,,,,,,,,,,,,,,,,,,,,,,,,,,,,,,,,,,,,,,,,,,,,,
7.0,424.0,600.0,24.0,23.0,0.7066666667,6.293333333,536.0,,,,,,,,,,,,,,,,,,,,,,,,,,,,,,,,,,,,,,,,,,,,,,,,,,,,,,,
7.0,413.0,625.0,24.0,24.0,0.6608,6.3392,537.0,,,,,,,,,,,,,,,,,,,,,,,,,,,,,,,,,,,,,,,,,,,,,,,,,,,,,,,
7.0,412.0,416.0,25.0,15.0,0.9903846154,6.009615385,538.0,,,,,,,,,,,,,,,,,,,,,,,,,,,,,,,,,,,,,,,,,,,,,,,,,,,,,,,
7.0,426.0,442.0,25.0,16.0,0.963800905,6.036199095,539.0,,,,,,,,,,,,,,,,,,,,,,,,,,,,,,,,,,,,,,,,,,,,,,,,,,,,,,,
7.0,436.0,468.0,25.0,17.0,0.9316239316,6.068376068,540.0,,,,,,,,,,,,,,,,,,,,,,,,,,,,,,,,,,,,,,,,,,,,,,,,,,,,,,,
7.0,442.0,494.0,25.0,18.0,0.8947368421,6.105263158,541.0,,,,,,,,,,,,,,,,,,,,,,,,,,,,,,,,,,,,,,,,,,,,,,,,,,,,,,,
7.0,444.0,520.0,25.0,19.0,0.8538461538,6.146153846,542.0,,,,,,,,,,,,,,,,,,,,,,,,,,,,,,,,,,,,,,,,,,,,,,,,,,,,,,,
7.0,442.0,546.0,25.0,20.0,0.8095238095,6.19047619,543.0,,,,,,,,,,,,,,,,,,,,,,,,,,,,,,,,,,,,,,,,,,,,,,,,,,,,,,,
7.0,436.0,572.0,25.0,21.0,0.7622377622,6.237762238,544.0,,,,,,,,,,,,,,,,,,,,,,,,,,,,,,,,,,,,,,,,,,,,,,,,,,,,,,,
7.0,426.0,598.0,25.0,22.0,0.7123745819,6.287625418,545.0,,,,,,,,,,,,,,,,,,,,,,,,,,,,,,,,,,,,,,,,,,,,,,,,,,,,,,,
7.0,412.0,624.0,25.0,23.0,0.6602564103,6.33974359,546.0,,,,,,,,,,,,,,,,,,,,,,,,,,,,,,,,,,,,,,,,,,,,,,,,,,,,,,,
7.0,398.0,650.0,25.0,24.0,0.6123076923,6.387692308,547.0,,,,,,,,,,,,,,,,,,,,,,,,,,,,,,,,,,,,,,,,,,,,,,,,,,,,,,,
7.0,380.0,676.0,25.0,25.0,0.5621301775,6.437869822,548.0,,,,,,,,,,,,,,,,,,,,,,,,,,,,,,,,,,,,,,,,,,,,,,,,,,,,,,,
7.0,401.0,405.0,26.0,14.0,0.9901234568,6.009876543,549.0,,,,,,,,,,,,,,,,,,,,,,,,,,,,,,,,,,,,,,,,,,,,,,,,,,,,,,,
7.0,420.0,432.0,26.0,15.0,0.9722222222,6.027777778,550.0,,,,,,,,,,,,,,,,,,,,,,,,,,,,,,,,,,,,,,,,,,,,,,,,,,,,,,,
7.0,431.0,459.0,26.0,16.0,0.9389978214,6.061002179,551.0,,,,,,,,,,,,,,,,,,,,,,,,,,,,,,,,,,,,,,,,,,,,,,,,,,,,,,,
7.0,438.0,486.0,26.0,17.0,0.9012345679,6.098765432,552.0,,,,,,,,,,,,,,,,,,,,,,,,,,,,,,,,,,,,,,,,,,,,,,,,,,,,,,,
7.0,441.0,513.0,26.0,18.0,0.8596491228,6.140350877,553.0,,,,,,,,,,,,,,,,,,,,,,,,,,,,,,,,,,,,,,,,,,,,,,,,,,,,,,,
7.0,440.0,540.0,26.0,19.0,0.8148148148,6.185185185,554.0,,,,,,,,,,,,,,,,,,,,,,,,,,,,,,,,,,,,,,,,,,,,,,,,,,,,,,,
7.0,435.0,567.0,26.0,20.0,0.7671957672,6.232804233,555.0,,,,,,,,,,,,,,,,,,,,,,,,,,,,,,,,,,,,,,,,,,,,,,,,,,,,,,,
7.0,426.0,594.0,26.0,21.0,0.7171717172,6.282828283,556.0,,,,,,,,,,,,,,,,,,,,,,,,,,,,,,,,,,,,,,,,,,,,,,,,,,,,,,,
7.0,413.0,621.0,26.0,22.0,0.6650563607,6.334943639,557.0,,,,,,,,,,,,,,,,,,,,,,,,,,,,,,,,,,,,,,,,,,,,,,,,,,,,,,,
7.0,396.0,648.0,26.0,23.0,0.6111111111,6.388888889,558.0,,,,,,,,,,,,,,,,,,,,,,,,,,,,,,,,,,,,,,,,,,,,,,,,,,,,,,,
7.0,379.0,675.0,26.0,24.0,0.5614814815,6.438518519,559.0,,,,,,,,,,,,,,,,,,,,,,,,,,,,,,,,,,,,,,,,,,,,,,,,,,,,,,,
7.0,358.0,702.0,26.0,25.0,0.50997151,6.49002849,560.0,,,,,,,,,,,,,,,,,,,,,,,,,,,,,,,,,,,,,,,,,,,,,,,,,,,,,,,
7.0,333.0,729.0,26.0,26.0,0.4567901235,6.543209877,561.0,,,,,,,,,,,,,,,,,,,,,,,,,,,,,,,,,,,,,,,,,,,,,,,,,,,,,,,
7.0,412.0,420.0,27.0,14.0,0.980952381,6.019047619,562.0,,,,,,,,,,,,,,,,,,,,,,,,,,,,,,,,,,,,,,,,,,,,,,,,,,,,,,,
7.0,428.0,448.0,27.0,15.0,0.9553571429,6.044642857,563.0,,,,,,,,,,,,,,,,,,,,,,,,,,,,,,,,,,,,,,,,,,,,,,,,,,,,,,,
7.0,436.0,476.0,27.0,16.0,0.9159663866,6.084033613,564.0,,,,,,,,,,,,,,,,,,,,,,,,,,,,,,,,,,,,,,,,,,,,,,,,,,,,,,,
7.0,440.0,504.0,27.0,17.0,0.873015873,6.126984127,565.0,,,,,,,,,,,,,,,,,,,,,,,,,,,,,,,,,,,,,,,,,,,,,,,,,,,,,,,
7.0,440.0,532.0,27.0,18.0,0.8270676692,6.172932331,566.0,,,,,,,,,,,,,,,,,,,,,,,,,,,,,,,,,,,,,,,,,,,,,,,,,,,,,,,
7.0,436.0,560.0,27.0,19.0,0.7785714286,6.221428571,567.0,,,,,,,,,,,,,,,,,,,,,,,,,,,,,,,,,,,,,,,,,,,,,,,,,,,,,,,
7.0,428.0,588.0,27.0,20.0,0.7278911565,6.272108844,568.0,,,,,,,,,,,,,,,,,,,,,,,,,,,,,,,,,,,,,,,,,,,,,,,,,,,,,,,
7.0,416.0,616.0,27.0,21.0,0.6753246753,6.324675325,569.0,,,,,,,,,,,,,,,,,,,,,,,,,,,,,,,,,,,,,,,,,,,,,,,,,,,,,,,
7.0,400.0,644.0,27.0,22.0,0.6211180124,6.378881988,570.0,,,,,,,,,,,,,,,,,,,,,,,,,,,,,,,,,,,,,,,,,,,,,,,,,,,,,,,
7.0,380.0,672.0,27.0,23.0,0.5654761905,6.43452381,571.0,,,,,,,,,,,,,,,,,,,,,,,,,,,,,,,,,,,,,,,,,,,,,,,,,,,,,,,
7.0,360.0,700.0,27.0,24.0,0.5142857143,6.485714286,572.0,,,,,,,,,,,,,,,,,,,,,,,,,,,,,,,,,,,,,,,,,,,,,,,,,,,,,,,
7.0,336.0,728.0,27.0,25.0,0.4615384615,6.538461538,573.0,,,,,,,,,,,,,,,,,,,,,,,,,,,,,,,,,,,,,,,,,,,,,,,,,,,,,,,
7.0,308.0,756.0,27.0,26.0,0.4074074074,6.592592593,574.0,,,,,,,,,,,,,,,,,,,,,,,,,,,,,,,,,,,,,,,,,,,,,,,,,,,,,,,
7.0,280.0,784.0,27.0,27.0,0.3571428571,6.642857143,575.0,,,,,,,,,,,,,,,,,,,,,,,,,,,,,,,,,,,,,,,,,,,,,,,,,,,,,,,
7.0,402.0,406.0,28.0,13.0,0.9901477833,6.009852217,576.0,,,,,,,,,,,,,,,,,,,,,,,,,,,,,,,,,,,,,,,,,,,,,,,,,,,,,,,
7.0,419.0,435.0,28.0,14.0,0.9632183908,6.036781609,577.0,,,,,,,,,,,,,,,,,,,,,,,,,,,,,,,,,,,,,,,,,,,,,,,,,,,,,,,
7.0,432.0,464.0,28.0,15.0,0.9310344828,6.068965517,578.0,,,,,,,,,,,,,,,,,,,,,,,,,,,,,,,,,,,,,,,,,,,,,,,,,,,,,,,
7.0,437.0,493.0,28.0,16.0,0.8864097363,6.113590264,579.0,,,,,,,,,,,,,,,,,,,,,,,,,,,,,,,,,,,,,,,,,,,,,,,,,,,,,,,
7.0,438.0,522.0,28.0,17.0,0.8390804598,6.16091954,580.0,,,,,,,,,,,,,,,,,,,,,,,,,,,,,,,,,,,,,,,,,,,,,,,,,,,,,,,
7.0,435.0,551.0,28.0,18.0,0.7894736842,6.210526316,581.0,,,,,,,,,,,,,,,,,,,,,,,,,,,,,,,,,,,,,,,,,,,,,,,,,,,,,,,
7.0,428.0,580.0,28.0,19.0,0.7379310345,6.262068966,582.0,,,,,,,,,,,,,,,,,,,,,,,,,,,,,,,,,,,,,,,,,,,,,,,,,,,,,,,
7.0,417.0,609.0,28.0,20.0,0.684729064,6.315270936,583.0,,,,,,,,,,,,,,,,,,,,,,,,,,,,,,,,,,,,,,,,,,,,,,,,,,,,,,,
7.0,402.0,638.0,28.0,21.0,0.6300940439,6.369905956,584.0,,,,,,,,,,,,,,,,,,,,,,,,,,,,,,,,,,,,,,,,,,,,,,,,,,,,,,,
7.0,383.0,667.0,28.0,22.0,0.5742128936,6.425787106,585.0,,,,,,,,,,,,,,,,,,,,,,,,,,,,,,,,,,,,,,,,,,,,,,,,,,,,,,,
7.0,360.0,696.0,28.0,23.0,0.5172413793,6.482758621,586.0,,,,,,,,,,,,,,,,,,,,,,,,,,,,,,,,,,,,,,,,,,,,,,,,,,,,,,,
7.0,337.0,725.0,28.0,24.0,0.4648275862,6.535172414,587.0,,,,,,,,,,,,,,,,,,,,,,,,,,,,,,,,,,,,,,,,,,,,,,,,,,,,,,,
7.0,310.0,754.0,28.0,25.0,0.4111405836,6.588859416,588.0,,,,,,,,,,,,,,,,,,,,,,,,,,,,,,,,,,,,,,,,,,,,,,,,,,,,,,,
7.0,283.0,783.0,28.0,26.0,0.3614303959,6.638569604,589.0,,,,,,,,,,,,,,,,,,,,,,,,,,,,,,,,,,,,,,,,,,,,,,,,,,,,,,,
7.0,256.0,812.0,28.0,27.0,0.315270936,6.684729064,590.0,,,,,,,,,,,,,,,,,,,,,,,,,,,,,,,,,,,,,,,,,,,,,,,,,,,,,,,
7.0,233.0,841.0,28.0,28.0,0.2770511296,6.72294887,591.0,,,,,,,,,,,,,,,,,,,,,,,,,,,,,,,,,,,,,,,,,,,,,,,,,,,,,,,
7.0,412.0,420.0,29.0,13.0,0.980952381,6.019047619,592.0,,,,,,,,,,,,,,,,,,,,,,,,,,,,,,,,,,,,,,,,,,,,,,,,,,,,,,,
7.0,426.0,450.0,29.0,14.0,0.9466666667,6.053333333,593.0,,,,,,,,,,,,,,,,,,,,,,,,,,,,,,,,,,,,,,,,,,,,,,,,,,,,,,,
7.0,436.0,480.0,29.0,15.0,0.9083333333,6.091666667,594.0,,,,,,,,,,,,,,,,,,,,,,,,,,,,,,,,,,,,,,,,,,,,,,,,,,,,,,,
7.0,438.0,510.0,29.0,16.0,0.8588235294,6.141176471,595.0,,,,,,,,,,,,,,,,,,,,,,,,,,,,,,,,,,,,,,,,,,,,,,,,,,,,,,,
7.0,436.0,540.0,29.0,17.0,0.8074074074,6.192592593,596.0,,,,,,,,,,,,,,,,,,,,,,,,,,,,,,,,,,,,,,,,,,,,,,,,,,,,,,,
7.0,430.0,570.0,29.0,18.0,0.7543859649,6.245614035,597.0,,,,,,,,,,,,,,,,,,,,,,,,,,,,,,,,,,,,,,,,,,,,,,,,,,,,,,,
7.0,420.0,600.0,29.0,19.0,0.7,6.3,598.0,,,,,,,,,,,,,,,,,,,,,,,,,,,,,,,,,,,,,,,,,,,,,,,,,,,,,,,
7.0,406.0,630.0,29.0,20.0,0.6444444444,6.355555556,599.0,,,,,,,,,,,,,,,,,,,,,,,,,,,,,,,,,,,,,,,,,,,,,,,,,,,,,,,
7.0,388.0,660.0,29.0,21.0,0.5878787879,6.412121212,600.0,,,,,,,,,,,,,,,,,,,,,,,,,,,,,,,,,,,,,,,,,,,,,,,,,,,,,,,
7.0,366.0,690.0,29.0,22.0,0.5304347826,6.469565217,601.0,,,,,,,,,,,,,,,,,,,,,,,,,,,,,,,,,,,,,,,,,,,,,,,,,,,,,,,
7.0,340.0,720.0,29.0,23.0,0.4722222222,6.527777778,602.0,,,,,,,,,,,,,,,,,,,,,,,,,,,,,,,,,,,,,,,,,,,,,,,,,,,,,,,
7.0,314.0,750.0,29.0,24.0,0.4186666667,6.581333333,603.0,,,,,,,,,,,,,,,,,,,,,,,,,,,,,,,,,,,,,,,,,,,,,,,,,,,,,,,
7.0,284.0,780.0,29.0,25.0,0.3641025641,6.635897436,604.0,,,,,,,,,,,,,,,,,,,,,,,,,,,,,,,,,,,,,,,,,,,,,,,,,,,,,,,
7.0,258.0,810.0,29.0,26.0,0.3185185185,6.681481481,605.0,,,,,,,,,,,,,,,,,,,,,,,,,,,,,,,,,,,,,,,,,,,,,,,,,,,,,,,
7.0,232.0,840.0,29.0,27.0,0.2761904762,6.723809524,606.0,,,,,,,,,,,,,,,,,,,,,,,,,,,,,,,,,,,,,,,,,,,,,,,,,,,,,,,
7.0,210.0,870.0,29.0,28.0,0.2413793103,6.75862069,607.0,,,,,,,,,,,,,,,,,,,,,,,,,,,,,,,,,,,,,,,,,,,,,,,,,,,,,,,
7.0,188.0,900.0,29.0,29.0,0.2088888889,6.791111111,608.0,,,,,,,,,,,,,,,,,,,,,,,,,,,,,,,,,,,,,,,,,,,,,,,,,,,,,,,
7.0,399.0,403.0,30.0,12.0,0.9900744417,6.009925558,609.0,,,,,,,,,,,,,,,,,,,,,,,,,,,,,,,,,,,,,,,,,,,,,,,,,,,,,,,
7.0,418.0,434.0,30.0,13.0,0.9631336406,6.036866359,610.0,,,,,,,,,,,,,,,,,,,,,,,,,,,,,,,,,,,,,,,,,,,,,,,,,,,,,,,
7.0,429.0,465.0,30.0,14.0,0.9225806452,6.077419355,611.0,,,,,,,,,,,,,,,,,,,,,,,,,,,,,,,,,,,,,,,,,,,,,,,,,,,,,,,
7.0,436.0,496.0,30.0,15.0,0.8790322581,6.120967742,612.0,,,,,,,,,,,,,,,,,,,,,,,,,,,,,,,,,,,,,,,,,,,,,,,,,,,,,,,
7.0,435.0,527.0,30.0,16.0,0.825426945,6.174573055,613.0,,,,,,,,,,,,,,,,,,,,,,,,,,,,,,,,,,,,,,,,,,,,,,,,,,,,,,,
7.0,430.0,558.0,30.0,17.0,0.770609319,6.229390681,614.0,,,,,,,,,,,,,,,,,,,,,,,,,,,,,,,,,,,,,,,,,,,,,,,,,,,,,,,
7.0,421.0,589.0,30.0,18.0,0.714770798,6.285229202,615.0,,,,,,,,,,,,,,,,,,,,,,,,,,,,,,,,,,,,,,,,,,,,,,,,,,,,,,,
7.0,408.0,620.0,30.0,19.0,0.6580645161,6.341935484,616.0,,,,,,,,,,,,,,,,,,,,,,,,,,,,,,,,,,,,,,,,,,,,,,,,,,,,,,,
7.0,391.0,651.0,30.0,20.0,0.6006144393,6.399385561,617.0,,,,,,,,,,,,,,,,,,,,,,,,,,,,,,,,,,,,,,,,,,,,,,,,,,,,,,,
7.0,370.0,682.0,30.0,21.0,0.5425219941,6.457478006,618.0,,,,,,,,,,,,,,,,,,,,,,,,,,,,,,,,,,,,,,,,,,,,,,,,,,,,,,,
7.0,345.0,713.0,30.0,22.0,0.4838709677,6.516129032,619.0,,,,,,,,,,,,,,,,,,,,,,,,,,,,,,,,,,,,,,,,,,,,,,,,,,,,,,,
7.0,316.0,744.0,30.0,23.0,0.4247311828,6.575268817,620.0,,,,,,,,,,,,,,,,,,,,,,,,,,,,,,,,,,,,,,,,,,,,,,,,,,,,,,,
7.0,289.0,775.0,30.0,24.0,0.3729032258,6.627096774,621.0,,,,,,,,,,,,,,,,,,,,,,,,,,,,,,,,,,,,,,,,,,,,,,,,,,,,,,,
7.0,260.0,806.0,30.0,25.0,0.3225806452,6.677419355,622.0,,,,,,,,,,,,,,,,,,,,,,,,,,,,,,,,,,,,,,,,,,,,,,,,,,,,,,,
7.0,235.0,837.0,30.0,26.0,0.2807646356,6.719235364,623.0,,,,,,,,,,,,,,,,,,,,,,,,,,,,,,,,,,,,,,,,,,,,,,,,,,,,,,,
7.0,210.0,868.0,30.0,27.0,0.2419354839,6.758064516,624.0,,,,,,,,,,,,,,,,,,,,,,,,,,,,,,,,,,,,,,,,,,,,,,,,,,,,,,,
7.0,189.0,899.0,30.0,28.0,0.2102335929,6.789766407,625.0,,,,,,,,,,,,,,,,,,,,,,,,,,,,,,,,,,,,,,,,,,,,,,,,,,,,,,,
7.0,168.0,930.0,30.0,29.0,0.1806451613,6.819354839,626.0,,,,,,,,,,,,,,,,,,,,,,,,,,,,,,,,,,,,,,,,,,,,,,,,,,,,,,,
7.0,149.0,961.0,30.0,30.0,0.1550468262,6.844953174,627.0,,,,,,,,,,,,,,,,,,,,,,,,,,,,,,,,,,,,,,,,,,,,,,,,,,,,,,,
7.0,408.0,416.0,31.0,12.0,0.9807692308,6.019230769,628.0,,,,,,,,,,,,,,,,,,,,,,,,,,,,,,,,,,,,,,,,,,,,,,,,,,,,,,,
7.0,424.0,448.0,31.0,13.0,0.9464285714,6.053571429,629.0,,,,,,,,,,,,,,,,,,,,,,,,,,,,,,,,,,,,,,,,,,,,,,,,,,,,,,,
7.0,432.0,480.0,31.0,14.0,0.9,6.1,630.0,,,,,,,,,,,,,,,,,,,,,,,,,,,,,,,,,,,,,,,,,,,,,,,,,,,,,,,
7.0,436.0,512.0,31.0,15.0,0.8515625,6.1484375,631.0,,,,,,,,,,,,,,,,,,,,,,,,,,,,,,,,,,,,,,,,,,,,,,,,,,,,,,,
7.0,432.0,544.0,31.0,16.0,0.7941176471,6.205882353,632.0,,,,,,,,,,,,,,,,,,,,,,,,,,,,,,,,,,,,,,,,,,,,,,,,,,,,,,,
7.0,424.0,576.0,31.0,17.0,0.7361111111,6.263888889,633.0,,,,,,,,,,,,,,,,,,,,,,,,,,,,,,,,,,,,,,,,,,,,,,,,,,,,,,,
7.0,412.0,608.0,31.0,18.0,0.6776315789,6.322368421,634.0,,,,,,,,,,,,,,,,,,,,,,,,,,,,,,,,,,,,,,,,,,,,,,,,,,,,,,,
7.0,396.0,640.0,31.0,19.0,0.61875,6.38125,635.0,,,,,,,,,,,,,,,,,,,,,,,,,,,,,,,,,,,,,,,,,,,,,,,,,,,,,,,
7.0,376.0,672.0,31.0,20.0,0.5595238095,6.44047619,636.0,,,,,,,,,,,,,,,,,,,,,,,,,,,,,,,,,,,,,,,,,,,,,,,,,,,,,,,
7.0,352.0,704.0,31.0,21.0,0.5,6.5,637.0,,,,,,,,,,,,,,,,,,,,,,,,,,,,,,,,,,,,,,,,,,,,,,,,,,,,,,,
7.0,324.0,736.0,31.0,22.0,0.4402173913,6.559782609,638.0,,,,,,,,,,,,,,,,,,,,,,,,,,,,,,,,,,,,,,,,,,,,,,,,,,,,,,,
7.0,292.0,768.0,31.0,23.0,0.3802083333,6.619791667,639.0,,,,,,,,,,,,,,,,,,,,,,,,,,,,,,,,,,,,,,,,,,,,,,,,,,,,,,,
7.0,264.0,800.0,31.0,24.0,0.33,6.67,640.0,,,,,,,,,,,,,,,,,,,,,,,,,,,,,,,,,,,,,,,,,,,,,,,,,,,,,,,
7.0,236.0,832.0,31.0,25.0,0.2836538462,6.716346154,641.0,,,,,,,,,,,,,,,,,,,,,,,,,,,,,,,,,,,,,,,,,,,,,,,,,,,,,,,
7.0,212.0,864.0,31.0,26.0,0.2453703704,6.75462963,642.0,,,,,,,,,,,,,,,,,,,,,,,,,,,,,,,,,,,,,,,,,,,,,,,,,,,,,,,
7.0,188.0,896.0,31.0,27.0,0.2098214286,6.790178571,643.0,,,,,,,,,,,,,,,,,,,,,,,,,,,,,,,,,,,,,,,,,,,,,,,,,,,,,,,
7.0,168.0,928.0,31.0,28.0,0.1810344828,6.818965517,644.0,,,,,,,,,,,,,,,,,,,,,,,,,,,,,,,,,,,,,,,,,,,,,,,,,,,,,,,
7.0,148.0,960.0,31.0,29.0,0.1541666667,6.845833333,645.0,,,,,,,,,,,,,,,,,,,,,,,,,,,,,,,,,,,,,,,,,,,,,,,,,,,,,,,
7.0,130.0,992.0,31.0,30.0,0.1310483871,6.868951613,646.0,,,,,,,,,,,,,,,,,,,,,,,,,,,,,,,,,,,,,,,,,,,,,,,,,,,,,,,
7.0,110.0,1024.0,31.0,31.0,0.107421875,6.892578125,647.0,,,,,,,,,,,,,,,,,,,,,,,,,,,,,,,,,,,,,,,,,,,,,,,,,,,,,,,
7.0,392.0,396.0,32.0,11.0,0.9898989899,6.01010101,648.0,,,,,,,,,,,,,,,,,,,,,,,,,,,,,,,,,,,,,,,,,,,,,,,,,,,,,,,
7.0,413.0,429.0,32.0,12.0,0.9627039627,6.037296037,649.0,,,,,,,,,,,,,,,,,,,,,,,,,,,,,,,,,,,,,,,,,,,,,,,,,,,,,,,
7.0,426.0,462.0,32.0,13.0,0.9220779221,6.077922078,650.0,,,,,,,,,,,,,,,,,,,,,,,,,,,,,,,,,,,,,,,,,,,,,,,,,,,,,,,
7.0,431.0,495.0,32.0,14.0,0.8707070707,6.129292929,651.0,,,,,,,,,,,,,,,,,,,,,,,,,,,,,,,,,,,,,,,,,,,,,,,,,,,,,,,
7.0,432.0,528.0,32.0,15.0,0.8181818182,6.181818182,652.0,,,,,,,,,,,,,,,,,,,,,,,,,,,,,,,,,,,,,,,,,,,,,,,,,,,,,,,
7.0,425.0,561.0,32.0,16.0,0.7575757576,6.242424242,653.0,,,,,,,,,,,,,,,,,,,,,,,,,,,,,,,,,,,,,,,,,,,,,,,,,,,,,,,
7.0,414.0,594.0,32.0,17.0,0.696969697,6.303030303,654.0,,,,,,,,,,,,,,,,,,,,,,,,,,,,,,,,,,,,,,,,,,,,,,,,,,,,,,,
7.0,399.0,627.0,32.0,18.0,0.6363636364,6.363636364,655.0,,,,,,,,,,,,,,,,,,,,,,,,,,,,,,,,,,,,,,,,,,,,,,,,,,,,,,,
7.0,380.0,660.0,32.0,19.0,0.5757575758,6.424242424,656.0,,,,,,,,,,,,,,,,,,,,,,,,,,,,,,,,,,,,,,,,,,,,,,,,,,,,,,,
7.0,357.0,693.0,32.0,20.0,0.5151515152,6.484848485,657.0,,,,,,,,,,,,,,,,,,,,,,,,,,,,,,,,,,,,,,,,,,,,,,,,,,,,,,,
7.0,330.0,726.0,32.0,21.0,0.4545454545,6.545454545,658.0,,,,,,,,,,,,,,,,,,,,,,,,,,,,,,,,,,,,,,,,,,,,,,,,,,,,,,,
7.0,301.0,759.0,32.0,22.0,0.3965744401,6.60342556,659.0,,,,,,,,,,,,,,,,,,,,,,,,,,,,,,,,,,,,,,,,,,,,,,,,,,,,,,,
7.0,270.0,792.0,32.0,23.0,0.3409090909,6.659090909,660.0,,,,,,,,,,,,,,,,,,,,,,,,,,,,,,,,,,,,,,,,,,,,,,,,,,,,,,,
7.0,243.0,825.0,32.0,24.0,0.2945454545,6.705454545,661.0,,,,,,,,,,,,,,,,,,,,,,,,,,,,,,,,,,,,,,,,,,,,,,,,,,,,,,,
7.0,216.0,858.0,32.0,25.0,0.2517482517,6.748251748,662.0,,,,,,,,,,,,,,,,,,,,,,,,,,,,,,,,,,,,,,,,,,,,,,,,,,,,,,,
7.0,193.0,891.0,32.0,26.0,0.2166105499,6.78338945,663.0,,,,,,,,,,,,,,,,,,,,,,,,,,,,,,,,,,,,,,,,,,,,,,,,,,,,,,,
7.0,170.0,924.0,32.0,27.0,0.183982684,6.816017316,664.0,,,,,,,,,,,,,,,,,,,,,,,,,,,,,,,,,,,,,,,,,,,,,,,,,,,,,,,
7.0,151.0,957.0,32.0,28.0,0.157784744,6.842215256,665.0,,,,,,,,,,,,,,,,,,,,,,,,,,,,,,,,,,,,,,,,,,,,,,,,,,,,,,,
7.0,132.0,990.0,32.0,29.0,0.1333333333,6.866666667,666.0,,,,,,,,,,,,,,,,,,,,,,,,,,,,,,,,,,,,,,,,,,,,,,,,,,,,,,,
7.0,115.0,1023.0,32.0,30.0,0.1124144673,6.887585533,667.0,,,,,,,,,,,,,,,,,,,,,,,,,,,,,,,,,,,,,,,,,,,,,,,,,,,,,,,
7.0,92.0,1056.0,32.0,31.0,0.08712121212,6.912878788,668.0,,,,,,,,,,,,,,,,,,,,,,,,,,,,,,,,,,,,,,,,,,,,,,,,,,,,,,,
7.0,53.0,1089.0,32.0,32.0,0.04866850321,6.951331497,669.0,,,,,,,,,,,,,,,,,,,,,,,,,,,,,,,,,,,,,,,,,,,,,,,,,,,,,,,
7.0,400.0,408.0,33.0,11.0,0.9803921569,6.019607843,670.0,,,,,,,,,,,,,,,,,,,,,,,,,,,,,,,,,,,,,,,,,,,,,,,,,,,,,,,
7.0,418.0,442.0,33.0,12.0,0.9457013575,6.054298643,671.0,,,,,,,,,,,,,,,,,,,,,,,,,,,,,,,,,,,,,,,,,,,,,,,,,,,,,,,
7.0,428.0,476.0,33.0,13.0,0.8991596639,6.100840336,672.0,,,,,,,,,,,,,,,,,,,,,,,,,,,,,,,,,,,,,,,,,,,,,,,,,,,,,,,
7.0,430.0,510.0,33.0,14.0,0.8431372549,6.156862745,673.0,,,,,,,,,,,,,,,,,,,,,,,,,,,,,,,,,,,,,,,,,,,,,,,,,,,,,,,
7.0,428.0,544.0,33.0,15.0,0.7867647059,6.213235294,674.0,,,,,,,,,,,,,,,,,,,,,,,,,,,,,,,,,,,,,,,,,,,,,,,,,,,,,,,
7.0,418.0,578.0,33.0,16.0,0.723183391,6.276816609,675.0,,,,,,,,,,,,,,,,,,,,,,,,,,,,,,,,,,,,,,,,,,,,,,,,,,,,,,,
7.0,404.0,612.0,33.0,17.0,0.660130719,6.339869281,676.0,,,,,,,,,,,,,,,,,,,,,,,,,,,,,,,,,,,,,,,,,,,,,,,,,,,,,,,
7.0,386.0,646.0,33.0,18.0,0.5975232198,6.40247678,677.0,,,,,,,,,,,,,,,,,,,,,,,,,,,,,,,,,,,,,,,,,,,,,,,,,,,,,,,
7.0,364.0,680.0,33.0,19.0,0.5352941176,6.464705882,678.0,,,,,,,,,,,,,,,,,,,,,,,,,,,,,,,,,,,,,,,,,,,,,,,,,,,,,,,
7.0,338.0,714.0,33.0,20.0,0.4733893557,6.526610644,679.0,,,,,,,,,,,,,,,,,,,,,,,,,,,,,,,,,,,,,,,,,,,,,,,,,,,,,,,
7.0,308.0,748.0,33.0,21.0,0.4117647059,6.588235294,680.0,,,,,,,,,,,,,,,,,,,,,,,,,,,,,,,,,,,,,,,,,,,,,,,,,,,,,,,
7.0,278.0,782.0,33.0,22.0,0.3554987212,6.644501279,681.0,,,,,,,,,,,,,,,,,,,,,,,,,,,,,,,,,,,,,,,,,,,,,,,,,,,,,,,
7.0,248.0,816.0,33.0,23.0,0.3039215686,6.696078431,682.0,,,,,,,,,,,,,,,,,,,,,,,,,,,,,,,,,,,,,,,,,,,,,,,,,,,,,,,
7.0,222.0,850.0,33.0,24.0,0.2611764706,6.738823529,683.0,,,,,,,,,,,,,,,,,,,,,,,,,,,,,,,,,,,,,,,,,,,,,,,,,,,,,,,
7.0,196.0,884.0,33.0,25.0,0.221719457,6.778280543,684.0,,,,,,,,,,,,,,,,,,,,,,,,,,,,,,,,,,,,,,,,,,,,,,,,,,,,,,,
7.0,174.0,918.0,33.0,26.0,0.1895424837,6.810457516,685.0,,,,,,,,,,,,,,,,,,,,,,,,,,,,,,,,,,,,,,,,,,,,,,,,,,,,,,,
7.0,152.0,952.0,33.0,27.0,0.1596638655,6.840336134,686.0,,,,,,,,,,,,,,,,,,,,,,,,,,,,,,,,,,,,,,,,,,,,,,,,,,,,,,,
7.0,134.0,986.0,33.0,28.0,0.1359026369,6.864097363,687.0,,,,,,,,,,,,,,,,,,,,,,,,,,,,,,,,,,,,,,,,,,,,,,,,,,,,,,,
7.0,116.0,1020.0,33.0,29.0,0.1137254902,6.88627451,688.0,,,,,,,,,,,,,,,,,,,,,,,,,,,,,,,,,,,,,,,,,,,,,,,,,,,,,,,
7.0,94.0,1054.0,33.0,30.0,0.08918406072,6.910815939,689.0,,,,,,,,,,,,,,,,,,,,,,,,,,,,,,,,,,,,,,,,,,,,,,,,,,,,,,,
7.0,56.0,1088.0,33.0,31.0,0.05147058824,6.948529412,690.0,,,,,,,,,,,,,,,,,,,,,,,,,,,,,,,,,,,,,,,,,,,,,,,,,,,,,,,
7.0,8.0,1122.0,33.0,32.0,0.007130124777,6.992869875,691.0,,,,,,,,,,,,,,,,,,,,,,,,,,,,,,,,,,,,,,,,,,,,,,,,,,,,,,,
7.0,381.0,385.0,34.0,10.0,0.9896103896,6.01038961,692.0,,,,,,,,,,,,,,,,,,,,,,,,,,,,,,,,,,,,,,,,,,,,,,,,,,,,,,,
7.0,404.0,420.0,34.0,11.0,0.9619047619,6.038095238,693.0,,,,,,,,,,,,,,,,,,,,,,,,,,,,,,,,,,,,,,,,,,,,,,,,,,,,,,,
7.0,419.0,455.0,34.0,12.0,0.9208791209,6.079120879,694.0,,,,,,,,,,,,,,,,,,,,,,,,,,,,,,,,,,,,,,,,,,,,,,,,,,,,,,,
7.0,426.0,490.0,34.0,13.0,0.8693877551,6.130612245,695.0,,,,,,,,,,,,,,,,,,,,,,,,,,,,,,,,,,,,,,,,,,,,,,,,,,,,,,,
7.0,425.0,525.0,34.0,14.0,0.8095238095,6.19047619,696.0,,,,,,,,,,,,,,,,,,,,,,,,,,,,,,,,,,,,,,,,,,,,,,,,,,,,,,,
7.0,420.0,560.0,34.0,15.0,0.75,6.25,697.0,,,,,,,,,,,,,,,,,,,,,,,,,,,,,,,,,,,,,,,,,,,,,,,,,,,,,,,
7.0,407.0,595.0,34.0,16.0,0.6840336134,6.315966387,698.0,,,,,,,,,,,,,,,,,,,,,,,,,,,,,,,,,,,,,,,,,,,,,,,,,,,,,,,
7.0,390.0,630.0,34.0,17.0,0.619047619,6.380952381,699.0,,,,,,,,,,,,,,,,,,,,,,,,,,,,,,,,,,,,,,,,,,,,,,,,,,,,,,,
7.0,369.0,665.0,34.0,18.0,0.554887218,6.445112782,700.0,,,,,,,,,,,,,,,,,,,,,,,,,,,,,,,,,,,,,,,,,,,,,,,,,,,,,,,
7.0,344.0,700.0,34.0,19.0,0.4914285714,6.508571429,701.0,,,,,,,,,,,,,,,,,,,,,,,,,,,,,,,,,,,,,,,,,,,,,,,,,,,,,,,
7.0,317.0,735.0,34.0,20.0,0.431292517,6.568707483,702.0,,,,,,,,,,,,,,,,,,,,,,,,,,,,,,,,,,,,,,,,,,,,,,,,,,,,,,,
7.0,286.0,770.0,34.0,21.0,0.3714285714,6.628571429,703.0,,,,,,,,,,,,,,,,,,,,,,,,,,,,,,,,,,,,,,,,,,,,,,,,,,,,,,,
7.0,257.0,805.0,34.0,22.0,0.3192546584,6.680745342,704.0,,,,,,,,,,,,,,,,,,,,,,,,,,,,,,,,,,,,,,,,,,,,,,,,,,,,,,,
7.0,228.0,840.0,34.0,23.0,0.2714285714,6.728571429,705.0,,,,,,,,,,,,,,,,,,,,,,,,,,,,,,,,,,,,,,,,,,,,,,,,,,,,,,,
7.0,203.0,875.0,34.0,24.0,0.232,6.768,706.0,,,,,,,,,,,,,,,,,,,,,,,,,,,,,,,,,,,,,,,,,,,,,,,,,,,,,,,
7.0,178.0,910.0,34.0,25.0,0.1956043956,6.804395604,707.0,,,,,,,,,,,,,,,,,,,,,,,,,,,,,,,,,,,,,,,,,,,,,,,,,,,,,,,
7.0,157.0,945.0,34.0,26.0,0.1661375661,6.833862434,708.0,,,,,,,,,,,,,,,,,,,,,,,,,,,,,,,,,,,,,,,,,,,,,,,,,,,,,,,
7.0,136.0,980.0,34.0,27.0,0.1387755102,6.86122449,709.0,,,,,,,,,,,,,,,,,,,,,,,,,,,,,,,,,,,,,,,,,,,,,,,,,,,,,,,
7.0,119.0,1015.0,34.0,28.0,0.1172413793,6.882758621,710.0,,,,,,,,,,,,,,,,,,,,,,,,,,,,,,,,,,,,,,,,,,,,,,,,,,,,,,,
7.0,98.0,1050.0,34.0,29.0,0.09333333333,6.906666667,711.0,,,,,,,,,,,,,,,,,,,,,,,,,,,,,,,,,,,,,,,,,,,,,,,,,,,,,,,
7.0,65.0,1085.0,34.0,30.0,0.0599078341,6.940092166,712.0,,,,,,,,,,,,,,,,,,,,,,,,,,,,,,,,,,,,,,,,,,,,,,,,,,,,,,,
7.0,10.0,1120.0,34.0,31.0,0.008928571429,6.991071429,713.0,,,,,,,,,,,,,,,,,,,,,,,,,,,,,,,,,,,,,,,,,,,,,,,,,,,,,,,
7.0,388.0,396.0,35.0,10.0,0.9797979798,6.02020202,714.0,,,,,,,,,,,,,,,,,,,,,,,,,,,,,,,,,,,,,,,,,,,,,,,,,,,,,,,
7.0,408.0,432.0,35.0,11.0,0.9444444444,6.055555556,715.0,,,,,,,,,,,,,,,,,,,,,,,,,,,,,,,,,,,,,,,,,,,,,,,,,,,,,,,
7.0,420.0,468.0,35.0,12.0,0.8974358974,6.102564103,716.0,,,,,,,,,,,,,,,,,,,,,,,,,,,,,,,,,,,,,,,,,,,,,,,,,,,,,,,
7.0,424.0,504.0,35.0,13.0,0.8412698413,6.158730159,717.0,,,,,,,,,,,,,,,,,,,,,,,,,,,,,,,,,,,,,,,,,,,,,,,,,,,,,,,
7.0,420.0,540.0,35.0,14.0,0.7777777778,6.222222222,718.0,,,,,,,,,,,,,,,,,,,,,,,,,,,,,,,,,,,,,,,,,,,,,,,,,,,,,,,
7.0,412.0,576.0,35.0,15.0,0.7152777778,6.284722222,719.0,,,,,,,,,,,,,,,,,,,,,,,,,,,,,,,,,,,,,,,,,,,,,,,,,,,,,,,
7.0,396.0,612.0,35.0,16.0,0.6470588235,6.352941176,720.0,,,,,,,,,,,,,,,,,,,,,,,,,,,,,,,,,,,,,,,,,,,,,,,,,,,,,,,
7.0,376.0,648.0,35.0,17.0,0.5802469136,6.419753086,721.0,,,,,,,,,,,,,,,,,,,,,,,,,,,,,,,,,,,,,,,,,,,,,,,,,,,,,,,
7.0,352.0,684.0,35.0,18.0,0.514619883,6.485380117,722.0,,,,,,,,,,,,,,,,,,,,,,,,,,,,,,,,,,,,,,,,,,,,,,,,,,,,,,,
7.0,324.0,720.0,35.0,19.0,0.45,6.55,723.0,,,,,,,,,,,,,,,,,,,,,,,,,,,,,,,,,,,,,,,,,,,,,,,,,,,,,,,
7.0,296.0,756.0,35.0,20.0,0.3915343915,6.608465608,724.0,,,,,,,,,,,,,,,,,,,,,,,,,,,,,,,,,,,,,,,,,,,,,,,,,,,,,,,
7.0,264.0,792.0,35.0,21.0,0.3333333333,6.666666667,725.0,,,,,,,,,,,,,,,,,,,,,,,,,,,,,,,,,,,,,,,,,,,,,,,,,,,,,,,
7.0,236.0,828.0,35.0,22.0,0.2850241546,6.714975845,726.0,,,,,,,,,,,,,,,,,,,,,,,,,,,,,,,,,,,,,,,,,,,,,,,,,,,,,,,
7.0,208.0,864.0,35.0,23.0,0.2407407407,6.759259259,727.0,,,,,,,,,,,,,,,,,,,,,,,,,,,,,,,,,,,,,,,,,,,,,,,,,,,,,,,
7.0,184.0,900.0,35.0,24.0,0.2044444444,6.795555556,728.0,,,,,,,,,,,,,,,,,,,,,,,,,,,,,,,,,,,,,,,,,,,,,,,,,,,,,,,
7.0,160.0,936.0,35.0,25.0,0.1709401709,6.829059829,729.0,,,,,,,,,,,,,,,,,,,,,,,,,,,,,,,,,,,,,,,,,,,,,,,,,,,,,,,
7.0,140.0,972.0,35.0,26.0,0.1440329218,6.855967078,730.0,,,,,,,,,,,,,,,,,,,,,,,,,,,,,,,,,,,,,,,,,,,,,,,,,,,,,,,
7.0,120.0,1008.0,35.0,27.0,0.119047619,6.880952381,731.0,,,,,,,,,,,,,,,,,,,,,,,,,,,,,,,,,,,,,,,,,,,,,,,,,,,,,,,
7.0,100.0,1044.0,35.0,28.0,0.09578544061,6.904214559,732.0,,,,,,,,,,,,,,,,,,,,,,,,,,,,,,,,,,,,,,,,,,,,,,,,,,,,,,,
7.0,70.0,1080.0,35.0,29.0,0.06481481481,6.935185185,733.0,,,,,,,,,,,,,,,,,,,,,,,,,,,,,,,,,,,,,,,,,,,,,,,,,,,,,,,
7.0,12.0,1116.0,35.0,30.0,0.01075268817,6.989247312,734.0,,,,,,,,,,,,,,,,,,,,,,,,,,,,,,,,,,,,,,,,,,,,,,,,,,,,,,,
7.0,395.0,407.0,36.0,10.0,0.9705159705,6.029484029,735.0,,,,,,,,,,,,,,,,,,,,,,,,,,,,,,,,,,,,,,,,,,,,,,,,,,,,,,,
7.0,412.0,444.0,36.0,11.0,0.9279279279,6.072072072,736.0,,,,,,,,,,,,,,,,,,,,,,,,,,,,,,,,,,,,,,,,,,,,,,,,,,,,,,,
7.0,421.0,481.0,36.0,12.0,0.8752598753,6.124740125,737.0,,,,,,,,,,,,,,,,,,,,,,,,,,,,,,,,,,,,,,,,,,,,,,,,,,,,,,,
7.0,422.0,518.0,36.0,13.0,0.8146718147,6.185328185,738.0,,,,,,,,,,,,,,,,,,,,,,,,,,,,,,,,,,,,,,,,,,,,,,,,,,,,,,,
7.0,415.0,555.0,36.0,14.0,0.7477477477,6.252252252,739.0,,,,,,,,,,,,,,,,,,,,,,,,,,,,,,,,,,,,,,,,,,,,,,,,,,,,,,,
7.0,404.0,592.0,36.0,15.0,0.6824324324,6.317567568,740.0,,,,,,,,,,,,,,,,,,,,,,,,,,,,,,,,,,,,,,,,,,,,,,,,,,,,,,,
7.0,385.0,629.0,36.0,16.0,0.6120826709,6.387917329,741.0,,,,,,,,,,,,,,,,,,,,,,,,,,,,,,,,,,,,,,,,,,,,,,,,,,,,,,,
7.0,362.0,666.0,36.0,17.0,0.5435435435,6.456456456,742.0,,,,,,,,,,,,,,,,,,,,,,,,,,,,,,,,,,,,,,,,,,,,,,,,,,,,,,,
7.0,335.0,703.0,36.0,18.0,0.4765291607,6.523470839,743.0,,,,,,,,,,,,,,,,,,,,,,,,,,,,,,,,,,,,,,,,,,,,,,,,,,,,,,,
7.0,304.0,740.0,36.0,19.0,0.4108108108,6.589189189,744.0,,,,,,,,,,,,,,,,,,,,,,,,,,,,,,,,,,,,,,,,,,,,,,,,,,,,,,,
7.0,275.0,777.0,36.0,20.0,0.3539253539,6.646074646,745.0,,,,,,,,,,,,,,,,,,,,,,,,,,,,,,,,,,,,,,,,,,,,,,,,,,,,,,,
7.0,244.0,814.0,36.0,21.0,0.2997542998,6.7002457,746.0,,,,,,,,,,,,,,,,,,,,,,,,,,,,,,,,,,,,,,,,,,,,,,,,,,,,,,,
7.0,217.0,851.0,36.0,22.0,0.2549941246,6.745005875,747.0,,,,,,,,,,,,,,,,,,,,,,,,,,,,,,,,,,,,,,,,,,,,,,,,,,,,,,,
7.0,190.0,888.0,36.0,23.0,0.213963964,6.786036036,748.0,,,,,,,,,,,,,,,,,,,,,,,,,,,,,,,,,,,,,,,,,,,,,,,,,,,,,,,
7.0,167.0,925.0,36.0,24.0,0.1805405405,6.819459459,749.0,,,,,,,,,,,,,,,,,,,,,,,,,,,,,,,,,,,,,,,,,,,,,,,,,,,,,,,
7.0,144.0,962.0,36.0,25.0,0.1496881497,6.85031185,750.0,,,,,,,,,,,,,,,,,,,,,,,,,,,,,,,,,,,,,,,,,,,,,,,,,,,,,,,
7.0,125.0,999.0,36.0,26.0,0.1251251251,6.874874875,751.0,,,,,,,,,,,,,,,,,,,,,,,,,,,,,,,,,,,,,,,,,,,,,,,,,,,,,,,
7.0,104.0,1036.0,36.0,27.0,0.1003861004,6.8996139,752.0,,,,,,,,,,,,,,,,,,,,,,,,,,,,,,,,,,,,,,,,,,,,,,,,,,,,,,,
7.0,75.0,1073.0,36.0,28.0,0.06989748369,6.930102516,753.0,,,,,,,,,,,,,,,,,,,,,,,,,,,,,,,,,,,,,,,,,,,,,,,,,,,,,,,
7.0,18.0,1110.0,36.0,29.0,0.01621621622,6.983783784,754.0,,,,,,,,,,,,,,,,,,,,,,,,,,,,,,,,,,,,,,,,,,,,,,,,,,,,,,,
7.0,376.0,380.0,37.0,9.0,0.9894736842,6.010526316,755.0,,,,,,,,,,,,,,,,,,,,,,,,,,,,,,,,,,,,,,,,,,,,,,,,,,,,,,,
7.0,398.0,418.0,37.0,10.0,0.95215311,6.04784689,756.0,,,,,,,,,,,,,,,,,,,,,,,,,,,,,,,,,,,,,,,,,,,,,,,,,,,,,,,
7.0,412.0,456.0,37.0,11.0,0.9035087719,6.096491228,757.0,,,,,,,,,,,,,,,,,,,,,,,,,,,,,,,,,,,,,,,,,,,,,,,,,,,,,,,
7.0,418.0,494.0,37.0,12.0,0.8461538462,6.153846154,758.0,,,,,,,,,,,,,,,,,,,,,,,,,,,,,,,,,,,,,,,,,,,,,,,,,,,,,,,
7.0,416.0,532.0,37.0,13.0,0.7819548872,6.218045113,759.0,,,,,,,,,,,,,,,,,,,,,,,,,,,,,,,,,,,,,,,,,,,,,,,,,,,,,,,
7.0,406.0,570.0,37.0,14.0,0.7122807018,6.287719298,760.0,,,,,,,,,,,,,,,,,,,,,,,,,,,,,,,,,,,,,,,,,,,,,,,,,,,,,,,
7.0,392.0,608.0,37.0,15.0,0.6447368421,6.355263158,761.0,,,,,,,,,,,,,,,,,,,,,,,,,,,,,,,,,,,,,,,,,,,,,,,,,,,,,,,
7.0,370.0,646.0,37.0,16.0,0.572755418,6.427244582,762.0,,,,,,,,,,,,,,,,,,,,,,,,,,,,,,,,,,,,,,,,,,,,,,,,,,,,,,,
7.0,344.0,684.0,37.0,17.0,0.5029239766,6.497076023,763.0,,,,,,,,,,,,,,,,,,,,,,,,,,,,,,,,,,,,,,,,,,,,,,,,,,,,,,,
7.0,316.0,722.0,37.0,18.0,0.4376731302,6.56232687,764.0,,,,,,,,,,,,,,,,,,,,,,,,,,,,,,,,,,,,,,,,,,,,,,,,,,,,,,,
7.0,284.0,760.0,37.0,19.0,0.3736842105,6.626315789,765.0,,,,,,,,,,,,,,,,,,,,,,,,,,,,,,,,,,,,,,,,,,,,,,,,,,,,,,,
7.0,254.0,798.0,37.0,20.0,0.3182957393,6.681704261,766.0,,,,,,,,,,,,,,,,,,,,,,,,,,,,,,,,,,,,,,,,,,,,,,,,,,,,,,,
7.0,224.0,836.0,37.0,21.0,0.2679425837,6.732057416,767.0,,,,,,,,,,,,,,,,,,,,,,,,,,,,,,,,,,,,,,,,,,,,,,,,,,,,,,,
7.0,198.0,874.0,37.0,22.0,0.2265446224,6.773455378,768.0,,,,,,,,,,,,,,,,,,,,,,,,,,,,,,,,,,,,,,,,,,,,,,,,,,,,,,,
7.0,172.0,912.0,37.0,23.0,0.1885964912,6.811403509,769.0,,,,,,,,,,,,,,,,,,,,,,,,,,,,,,,,,,,,,,,,,,,,,,,,,,,,,,,
7.0,150.0,950.0,37.0,24.0,0.1578947368,6.842105263,770.0,,,,,,,,,,,,,,,,,,,,,,,,,,,,,,,,,,,,,,,,,,,,,,,,,,,,,,,
7.0,128.0,988.0,37.0,25.0,0.1295546559,6.870445344,771.0,,,,,,,,,,,,,,,,,,,,,,,,,,,,,,,,,,,,,,,,,,,,,,,,,,,,,,,
7.0,110.0,1026.0,37.0,26.0,0.1072124756,6.892787524,772.0,,,,,,,,,,,,,,,,,,,,,,,,,,,,,,,,,,,,,,,,,,,,,,,,,,,,,,,
7.0,82.0,1064.0,37.0,27.0,0.07706766917,6.922932331,773.0,,,,,,,,,,,,,,,,,,,,,,,,,,,,,,,,,,,,,,,,,,,,,,,,,,,,,,,
7.0,34.0,1102.0,37.0,28.0,0.03085299456,6.969147005,774.0,,,,,,,,,,,,,,,,,,,,,,,,,,,,,,,,,,,,,,,,,,,,,,,,,,,,,,,
7.0,382.0,390.0,38.0,9.0,0.9794871795,6.020512821,775.0,,,,,,,,,,,,,,,,,,,,,,,,,,,,,,,,,,,,,,,,,,,,,,,,,,,,,,,
7.0,401.0,429.0,38.0,10.0,0.9347319347,6.065268065,776.0,,,,,,,,,,,,,,,,,,,,,,,,,,,,,,,,,,,,,,,,,,,,,,,,,,,,,,,
7.0,412.0,468.0,38.0,11.0,0.8803418803,6.11965812,777.0,,,,,,,,,,,,,,,,,,,,,,,,,,,,,,,,,,,,,,,,,,,,,,,,,,,,,,,
7.0,415.0,507.0,38.0,12.0,0.8185404339,6.181459566,778.0,,,,,,,,,,,,,,,,,,,,,,,,,,,,,,,,,,,,,,,,,,,,,,,,,,,,,,,
7.0,410.0,546.0,38.0,13.0,0.7509157509,6.249084249,779.0,,,,,,,,,,,,,,,,,,,,,,,,,,,,,,,,,,,,,,,,,,,,,,,,,,,,,,,
7.0,397.0,585.0,38.0,14.0,0.6786324786,6.321367521,780.0,,,,,,,,,,,,,,,,,,,,,,,,,,,,,,,,,,,,,,,,,,,,,,,,,,,,,,,
7.0,380.0,624.0,38.0,15.0,0.608974359,6.391025641,781.0,,,,,,,,,,,,,,,,,,,,,,,,,,,,,,,,,,,,,,,,,,,,,,,,,,,,,,,
7.0,355.0,663.0,38.0,16.0,0.5354449472,6.464555053,782.0,,,,,,,,,,,,,,,,,,,,,,,,,,,,,,,,,,,,,,,,,,,,,,,,,,,,,,,
7.0,326.0,702.0,38.0,17.0,0.4643874644,6.535612536,783.0,,,,,,,,,,,,,,,,,,,,,,,,,,,,,,,,,,,,,,,,,,,,,,,,,,,,,,,
7.0,297.0,741.0,38.0,18.0,0.4008097166,6.599190283,784.0,,,,,,,,,,,,,,,,,,,,,,,,,,,,,,,,,,,,,,,,,,,,,,,,,,,,,,,
7.0,264.0,780.0,38.0,19.0,0.3384615385,6.661538462,785.0,,,,,,,,,,,,,,,,,,,,,,,,,,,,,,,,,,,,,,,,,,,,,,,,,,,,,,,
7.0,235.0,819.0,38.0,20.0,0.2869352869,6.713064713,786.0,,,,,,,,,,,,,,,,,,,,,,,,,,,,,,,,,,,,,,,,,,,,,,,,,,,,,,,
7.0,206.0,858.0,38.0,21.0,0.2400932401,6.75990676,787.0,,,,,,,,,,,,,,,,,,,,,,,,,,,,,,,,,,,,,,,,,,,,,,,,,,,,,,,
7.0,181.0,897.0,38.0,22.0,0.2017837235,6.798216276,788.0,,,,,,,,,,,,,,,,,,,,,,,,,,,,,,,,,,,,,,,,,,,,,,,,,,,,,,,
7.0,156.0,936.0,38.0,23.0,0.1666666667,6.833333333,789.0,,,,,,,,,,,,,,,,,,,,,,,,,,,,,,,,,,,,,,,,,,,,,,,,,,,,,,,
7.0,135.0,975.0,38.0,24.0,0.1384615385,6.861538462,790.0,,,,,,,,,,,,,,,,,,,,,,,,,,,,,,,,,,,,,,,,,,,,,,,,,,,,,,,
7.0,114.0,1014.0,38.0,25.0,0.1124260355,6.887573964,791.0,,,,,,,,,,,,,,,,,,,,,,,,,,,,,,,,,,,,,,,,,,,,,,,,,,,,,,,
7.0,91.0,1053.0,38.0,26.0,0.08641975309,6.913580247,792.0,,,,,,,,,,,,,,,,,,,,,,,,,,,,,,,,,,,,,,,,,,,,,,,,,,,,,,,
7.0,54.0,1092.0,38.0,27.0,0.04945054945,6.950549451,793.0,,,,,,,,,,,,,,,,,,,,,,,,,,,,,,,,,,,,,,,,,,,,,,,,,,,,,,,
7.0,356.0,360.0,39.0,8.0,0.9888888889,6.011111111,794.0,,,,,,,,,,,,,,,,,,,,,,,,,,,,,,,,,,,,,,,,,,,,,,,,,,,,,,,
7.0,384.0,400.0,39.0,9.0,0.96,6.04,795.0,,,,,,,,,,,,,,,,,,,,,,,,,,,,,,,,,,,,,,,,,,,,,,,,,,,,,,,
7.0,400.0,440.0,39.0,10.0,0.9090909091,6.090909091,796.0,,,,,,,,,,,,,,,,,,,,,,,,,,,,,,,,,,,,,,,,,,,,,,,,,,,,,,,
7.0,408.0,480.0,39.0,11.0,0.85,6.15,797.0,,,,,,,,,,,,,,,,,,,,,,,,,,,,,,,,,,,,,,,,,,,,,,,,,,,,,,,
7.0,408.0,520.0,39.0,12.0,0.7846153846,6.215384615,798.0,,,,,,,,,,,,,,,,,,,,,,,,,,,,,,,,,,,,,,,,,,,,,,,,,,,,,,,
7.0,400.0,560.0,39.0,13.0,0.7142857143,6.285714286,799.0,,,,,,,,,,,,,,,,,,,,,,,,,,,,,,,,,,,,,,,,,,,,,,,,,,,,,,,
7.0,384.0,600.0,39.0,14.0,0.64,6.36,800.0,,,,,,,,,,,,,,,,,,,,,,,,,,,,,,,,,,,,,,,,,,,,,,,,,,,,,,,
7.0,364.0,640.0,39.0,15.0,0.56875,6.43125,801.0,,,,,,,,,,,,,,,,,,,,,,,,,,,,,,,,,,,,,,,,,,,,,,,,,,,,,,,
7.0,338.0,680.0,39.0,16.0,0.4970588235,6.502941176,802.0,,,,,,,,,,,,,,,,,,,,,,,,,,,,,,,,,,,,,,,,,,,,,,,,,,,,,,,
7.0,308.0,720.0,39.0,17.0,0.4277777778,6.572222222,803.0,,,,,,,,,,,,,,,,,,,,,,,,,,,,,,,,,,,,,,,,,,,,,,,,,,,,,,,
7.0,278.0,760.0,39.0,18.0,0.3657894737,6.634210526,804.0,,,,,,,,,,,,,,,,,,,,,,,,,,,,,,,,,,,,,,,,,,,,,,,,,,,,,,,
7.0,244.0,800.0,39.0,19.0,0.305,6.695,805.0,,,,,,,,,,,,,,,,,,,,,,,,,,,,,,,,,,,,,,,,,,,,,,,,,,,,,,,
7.0,216.0,840.0,39.0,20.0,0.2571428571,6.742857143,806.0,,,,,,,,,,,,,,,,,,,,,,,,,,,,,,,,,,,,,,,,,,,,,,,,,,,,,,,
7.0,188.0,880.0,39.0,21.0,0.2136363636,6.786363636,807.0,,,,,,,,,,,,,,,,,,,,,,,,,,,,,,,,,,,,,,,,,,,,,,,,,,,,,,,
7.0,164.0,920.0,39.0,22.0,0.1782608696,6.82173913,808.0,,,,,,,,,,,,,,,,,,,,,,,,,,,,,,,,,,,,,,,,,,,,,,,,,,,,,,,
7.0,140.0,960.0,39.0,23.0,0.1458333333,6.854166667,809.0,,,,,,,,,,,,,,,,,,,,,,,,,,,,,,,,,,,,,,,,,,,,,,,,,,,,,,,
7.0,120.0,1000.0,39.0,24.0,0.12,6.88,810.0,,,,,,,,,,,,,,,,,,,,,,,,,,,,,,,,,,,,,,,,,,,,,,,,,,,,,,,
7.0,100.0,1040.0,39.0,25.0,0.09615384615,6.903846154,811.0,,,,,,,,,,,,,,,,,,,,,,,,,,,,,,,,,,,,,,,,,,,,,,,,,,,,,,,
7.0,66.0,1080.0,39.0,26.0,0.06111111111,6.938888889,812.0,,,,,,,,,,,,,,,,,,,,,,,,,,,,,,,,,,,,,,,,,,,,,,,,,,,,,,,
7.0,361.0,369.0,40.0,8.0,0.9783197832,6.021680217,813.0,,,,,,,,,,,,,,,,,,,,,,,,,,,,,,,,,,,,,,,,,,,,,,,,,,,,,,,
7.0,386.0,410.0,40.0,9.0,0.9414634146,6.058536585,814.0,,,,,,,,,,,,,,,,,,,,,,,,,,,,,,,,,,,,,,,,,,,,,,,,,,,,,,,
7.0,399.0,451.0,40.0,10.0,0.8847006652,6.115299335,815.0,,,,,,,,,,,,,,,,,,,,,,,,,,,,,,,,,,,,,,,,,,,,,,,,,,,,,,,
7.0,404.0,492.0,40.0,11.0,0.8211382114,6.178861789,816.0,,,,,,,,,,,,,,,,,,,,,,,,,,,,,,,,,,,,,,,,,,,,,,,,,,,,,,,
7.0,401.0,533.0,40.0,12.0,0.7523452158,6.247654784,817.0,,,,,,,,,,,,,,,,,,,,,,,,,,,,,,,,,,,,,,,,,,,,,,,,,,,,,,,
7.0,390.0,574.0,40.0,13.0,0.6794425087,6.320557491,818.0,,,,,,,,,,,,,,,,,,,,,,,,,,,,,,,,,,,,,,,,,,,,,,,,,,,,,,,
7.0,371.0,615.0,40.0,14.0,0.6032520325,6.396747967,819.0,,,,,,,,,,,,,,,,,,,,,,,,,,,,,,,,,,,,,,,,,,,,,,,,,,,,,,,
7.0,348.0,656.0,40.0,15.0,0.5304878049,6.469512195,820.0,,,,,,,,,,,,,,,,,,,,,,,,,,,,,,,,,,,,,,,,,,,,,,,,,,,,,,,
7.0,321.0,697.0,40.0,16.0,0.4605451937,6.539454806,821.0,,,,,,,,,,,,,,,,,,,,,,,,,,,,,,,,,,,,,,,,,,,,,,,,,,,,,,,
7.0,290.0,738.0,40.0,17.0,0.3929539295,6.60704607,822.0,,,,,,,,,,,,,,,,,,,,,,,,,,,,,,,,,,,,,,,,,,,,,,,,,,,,,,,
7.0,259.0,779.0,40.0,18.0,0.3324775353,6.667522465,823.0,,,,,,,,,,,,,,,,,,,,,,,,,,,,,,,,,,,,,,,,,,,,,,,,,,,,,,,
7.0,226.0,820.0,40.0,19.0,0.2756097561,6.724390244,824.0,,,,,,,,,,,,,,,,,,,,,,,,,,,,,,,,,,,,,,,,,,,,,,,,,,,,,,,
7.0,199.0,861.0,40.0,20.0,0.231126597,6.768873403,825.0,,,,,,,,,,,,,,,,,,,,,,,,,,,,,,,,,,,,,,,,,,,,,,,,,,,,,,,
7.0,172.0,902.0,40.0,21.0,0.1906873614,6.809312639,826.0,,,,,,,,,,,,,,,,,,,,,,,,,,,,,,,,,,,,,,,,,,,,,,,,,,,,,,,
7.0,149.0,943.0,40.0,22.0,0.1580063627,6.841993637,827.0,,,,,,,,,,,,,,,,,,,,,,,,,,,,,,,,,,,,,,,,,,,,,,,,,,,,,,,
7.0,126.0,984.0,40.0,23.0,0.1280487805,6.87195122,828.0,,,,,,,,,,,,,,,,,,,,,,,,,,,,,,,,,,,,,,,,,,,,,,,,,,,,,,,
7.0,107.0,1025.0,40.0,24.0,0.1043902439,6.895609756,829.0,,,,,,,,,,,,,,,,,,,,,,,,,,,,,,,,,,,,,,,,,,,,,,,,,,,,,,,
7.0,74.0,1066.0,40.0,25.0,0.06941838649,6.930581614,830.0,,,,,,,,,,,,,,,,,,,,,,,,,,,,,,,,,,,,,,,,,,,,,,,,,,,,,,,
7.0,4.0,1107.0,40.0,26.0,0.003613369467,6.996386631,831.0,,,,,,,,,,,,,,,,,,,,,,,,,,,,,,,,,,,,,,,,,,,,,,,,,,,,,,,
7.0,366.0,378.0,41.0,8.0,0.9682539683,6.031746032,832.0,,,,,,,,,,,,,,,,,,,,,,,,,,,,,,,,,,,,,,,,,,,,,,,,,,,,,,,
7.0,388.0,420.0,41.0,9.0,0.9238095238,6.076190476,833.0,,,,,,,,,,,,,,,,,,,,,,,,,,,,,,,,,,,,,,,,,,,,,,,,,,,,,,,
7.0,398.0,462.0,41.0,10.0,0.8614718615,6.138528139,834.0,,,,,,,,,,,,,,,,,,,,,,,,,,,,,,,,,,,,,,,,,,,,,,,,,,,,,,,
7.0,400.0,504.0,41.0,11.0,0.7936507937,6.206349206,835.0,,,,,,,,,,,,,,,,,,,,,,,,,,,,,,,,,,,,,,,,,,,,,,,,,,,,,,,
7.0,394.0,546.0,41.0,12.0,0.7216117216,6.278388278,836.0,,,,,,,,,,,,,,,,,,,,,,,,,,,,,,,,,,,,,,,,,,,,,,,,,,,,,,,
7.0,380.0,588.0,41.0,13.0,0.6462585034,6.353741497,837.0,,,,,,,,,,,,,,,,,,,,,,,,,,,,,,,,,,,,,,,,,,,,,,,,,,,,,,,
7.0,358.0,630.0,41.0,14.0,0.5682539683,6.431746032,838.0,,,,,,,,,,,,,,,,,,,,,,,,,,,,,,,,,,,,,,,,,,,,,,,,,,,,,,,
7.0,332.0,672.0,41.0,15.0,0.494047619,6.505952381,839.0,,,,,,,,,,,,,,,,,,,,,,,,,,,,,,,,,,,,,,,,,,,,,,,,,,,,,,,
7.0,304.0,714.0,41.0,16.0,0.4257703081,6.574229692,840.0,,,,,,,,,,,,,,,,,,,,,,,,,,,,,,,,,,,,,,,,,,,,,,,,,,,,,,,
7.0,272.0,756.0,41.0,17.0,0.3597883598,6.64021164,841.0,,,,,,,,,,,,,,,,,,,,,,,,,,,,,,,,,,,,,,,,,,,,,,,,,,,,,,,
7.0,240.0,798.0,41.0,18.0,0.3007518797,6.69924812,842.0,,,,,,,,,,,,,,,,,,,,,,,,,,,,,,,,,,,,,,,,,,,,,,,,,,,,,,,
7.0,208.0,840.0,41.0,19.0,0.2476190476,6.752380952,843.0,,,,,,,,,,,,,,,,,,,,,,,,,,,,,,,,,,,,,,,,,,,,,,,,,,,,,,,
7.0,182.0,882.0,41.0,20.0,0.2063492063,6.793650794,844.0,,,,,,,,,,,,,,,,,,,,,,,,,,,,,,,,,,,,,,,,,,,,,,,,,,,,,,,
7.0,156.0,924.0,41.0,21.0,0.1688311688,6.831168831,845.0,,,,,,,,,,,,,,,,,,,,,,,,,,,,,,,,,,,,,,,,,,,,,,,,,,,,,,,
7.0,134.0,966.0,41.0,22.0,0.1387163561,6.861283644,846.0,,,,,,,,,,,,,,,,,,,,,,,,,,,,,,,,,,,,,,,,,,,,,,,,,,,,,,,
7.0,112.0,1008.0,41.0,23.0,0.1111111111,6.888888889,847.0,,,,,,,,,,,,,,,,,,,,,,,,,,,,,,,,,,,,,,,,,,,,,,,,,,,,,,,
7.0,90.0,1050.0,41.0,24.0,0.08571428571,6.914285714,848.0,,,,,,,,,,,,,,,,,,,,,,,,,,,,,,,,,,,,,,,,,,,,,,,,,,,,,,,
7.0,50.0,1092.0,41.0,25.0,0.04578754579,6.954212454,849.0,,,,,,,,,,,,,,,,,,,,,,,,,,,,,,,,,,,,,,,,,,,,,,,,,,,,,,,
7.0,371.0,387.0,42.0,8.0,0.9586563307,6.041343669,850.0,,,,,,,,,,,,,,,,,,,,,,,,,,,,,,,,,,,,,,,,,,,,,,,,,,,,,,,
7.0,390.0,430.0,42.0,9.0,0.9069767442,6.093023256,851.0,,,,,,,,,,,,,,,,,,,,,,,,,,,,,,,,,,,,,,,,,,,,,,,,,,,,,,,
7.0,397.0,473.0,42.0,10.0,0.8393234672,6.160676533,852.0,,,,,,,,,,,,,,,,,,,,,,,,,,,,,,,,,,,,,,,,,,,,,,,,,,,,,,,
7.0,396.0,516.0,42.0,11.0,0.7674418605,6.23255814,853.0,,,,,,,,,,,,,,,,,,,,,,,,,,,,,,,,,,,,,,,,,,,,,,,,,,,,,,,
7.0,387.0,559.0,42.0,12.0,0.6923076923,6.307692308,854.0,,,,,,,,,,,,,,,,,,,,,,,,,,,,,,,,,,,,,,,,,,,,,,,,,,,,,,,
7.0,370.0,602.0,42.0,13.0,0.6146179402,6.38538206,855.0,,,,,,,,,,,,,,,,,,,,,,,,,,,,,,,,,,,,,,,,,,,,,,,,,,,,,,,
7.0,345.0,645.0,42.0,14.0,0.5348837209,6.465116279,856.0,,,,,,,,,,,,,,,,,,,,,,,,,,,,,,,,,,,,,,,,,,,,,,,,,,,,,,,
7.0,316.0,688.0,42.0,15.0,0.4593023256,6.540697674,857.0,,,,,,,,,,,,,,,,,,,,,,,,,,,,,,,,,,,,,,,,,,,,,,,,,,,,,,,
7.0,287.0,731.0,42.0,16.0,0.3926128591,6.607387141,858.0,,,,,,,,,,,,,,,,,,,,,,,,,,,,,,,,,,,,,,,,,,,,,,,,,,,,,,,
7.0,254.0,774.0,42.0,17.0,0.3281653747,6.671834625,859.0,,,,,,,,,,,,,,,,,,,,,,,,,,,,,,,,,,,,,,,,,,,,,,,,,,,,,,,
7.0,223.0,817.0,42.0,18.0,0.2729498164,6.727050184,860.0,,,,,,,,,,,,,,,,,,,,,,,,,,,,,,,,,,,,,,,,,,,,,,,,,,,,,,,
7.0,192.0,860.0,42.0,19.0,0.223255814,6.776744186,861.0,,,,,,,,,,,,,,,,,,,,,,,,,,,,,,,,,,,,,,,,,,,,,,,,,,,,,,,
7.0,167.0,903.0,42.0,20.0,0.1849390919,6.815060908,862.0,,,,,,,,,,,,,,,,,,,,,,,,,,,,,,,,,,,,,,,,,,,,,,,,,,,,,,,
7.0,142.0,946.0,42.0,21.0,0.1501057082,6.849894292,863.0,,,,,,,,,,,,,,,,,,,,,,,,,,,,,,,,,,,,,,,,,,,,,,,,,,,,,,,
7.0,121.0,989.0,42.0,22.0,0.1223458038,6.877654196,864.0,,,,,,,,,,,,,,,,,,,,,,,,,,,,,,,,,,,,,,,,,,,,,,,,,,,,,,,
7.0,96.0,1032.0,42.0,23.0,0.09302325581,6.906976744,865.0,,,,,,,,,,,,,,,,,,,,,,,,,,,,,,,,,,,,,,,,,,,,,,,,,,,,,,,
7.0,65.0,1075.0,42.0,24.0,0.06046511628,6.939534884,866.0,,,,,,,,,,,,,,,,,,,,,,,,,,,,,,,,,,,,,,,,,,,,,,,,,,,,,,,
7.0,348.0,352.0,43.0,7.0,0.9886363636,6.011363636,867.0,,,,,,,,,,,,,,,,,,,,,,,,,,,,,,,,,,,,,,,,,,,,,,,,,,,,,,,
7.0,372.0,396.0,43.0,8.0,0.9393939394,6.060606061,868.0,,,,,,,,,,,,,,,,,,,,,,,,,,,,,,,,,,,,,,,,,,,,,,,,,,,,,,,
7.0,388.0,440.0,43.0,9.0,0.8818181818,6.118181818,869.0,,,,,,,,,,,,,,,,,,,,,,,,,,,,,,,,,,,,,,,,,,,,,,,,,,,,,,,
7.0,392.0,484.0,43.0,10.0,0.8099173554,6.190082645,870.0,,,,,,,,,,,,,,,,,,,,,,,,,,,,,,,,,,,,,,,,,,,,,,,,,,,,,,,
7.0,388.0,528.0,43.0,11.0,0.7348484848,6.265151515,871.0,,,,,,,,,,,,,,,,,,,,,,,,,,,,,,,,,,,,,,,,,,,,,,,,,,,,,,,
7.0,376.0,572.0,43.0,12.0,0.6573426573,6.342657343,872.0,,,,,,,,,,,,,,,,,,,,,,,,,,,,,,,,,,,,,,,,,,,,,,,,,,,,,,,
7.0,356.0,616.0,43.0,13.0,0.5779220779,6.422077922,873.0,,,,,,,,,,,,,,,,,,,,,,,,,,,,,,,,,,,,,,,,,,,,,,,,,,,,,,,
7.0,330.0,660.0,43.0,14.0,0.5,6.5,874.0,,,,,,,,,,,,,,,,,,,,,,,,,,,,,,,,,,,,,,,,,,,,,,,,,,,,,,,
7.0,300.0,704.0,43.0,15.0,0.4261363636,6.573863636,875.0,,,,,,,,,,,,,,,,,,,,,,,,,,,,,,,,,,,,,,,,,,,,,,,,,,,,,,,
7.0,270.0,748.0,43.0,16.0,0.3609625668,6.639037433,876.0,,,,,,,,,,,,,,,,,,,,,,,,,,,,,,,,,,,,,,,,,,,,,,,,,,,,,,,
7.0,236.0,792.0,43.0,17.0,0.297979798,6.702020202,877.0,,,,,,,,,,,,,,,,,,,,,,,,,,,,,,,,,,,,,,,,,,,,,,,,,,,,,,,
7.0,206.0,836.0,43.0,18.0,0.2464114833,6.753588517,878.0,,,,,,,,,,,,,,,,,,,,,,,,,,,,,,,,,,,,,,,,,,,,,,,,,,,,,,,
7.0,176.0,880.0,43.0,19.0,0.2,6.8,879.0,,,,,,,,,,,,,,,,,,,,,,,,,,,,,,,,,,,,,,,,,,,,,,,,,,,,,,,
7.0,152.0,924.0,43.0,20.0,0.1645021645,6.835497835,880.0,,,,,,,,,,,,,,,,,,,,,,,,,,,,,,,,,,,,,,,,,,,,,,,,,,,,,,,
7.0,128.0,968.0,43.0,21.0,0.132231405,6.867768595,881.0,,,,,,,,,,,,,,,,,,,,,,,,,,,,,,,,,,,,,,,,,,,,,,,,,,,,,,,
7.0,108.0,1012.0,43.0,22.0,0.1067193676,6.893280632,882.0,,,,,,,,,,,,,,,,,,,,,,,,,,,,,,,,,,,,,,,,,,,,,,,,,,,,,,,
7.0,78.0,1056.0,43.0,23.0,0.07386363636,6.926136364,883.0,,,,,,,,,,,,,,,,,,,,,,,,,,,,,,,,,,,,,,,,,,,,,,,,,,,,,,,
7.0,10.0,1100.0,43.0,24.0,0.009090909091,6.990909091,884.0,,,,,,,,,,,,,,,,,,,,,,,,,,,,,,,,,,,,,,,,,,,,,,,,,,,,,,,
7.0,352.0,360.0,44.0,7.0,0.9777777778,6.022222222,885.0,,,,,,,,,,,,,,,,,,,,,,,,,,,,,,,,,,,,,,,,,,,,,,,,,,,,,,,
7.0,373.0,405.0,44.0,8.0,0.9209876543,6.079012346,886.0,,,,,,,,,,,,,,,,,,,,,,,,,,,,,,,,,,,,,,,,,,,,,,,,,,,,,,,
7.0,386.0,450.0,44.0,9.0,0.8577777778,6.142222222,887.0,,,,,,,,,,,,,,,,,,,,,,,,,,,,,,,,,,,,,,,,,,,,,,,,,,,,,,,
7.0,387.0,495.0,44.0,10.0,0.7818181818,6.218181818,888.0,,,,,,,,,,,,,,,,,,,,,,,,,,,,,,,,,,,,,,,,,,,,,,,,,,,,,,,
7.0,380.0,540.0,44.0,11.0,0.7037037037,6.296296296,889.0,,,,,,,,,,,,,,,,,,,,,,,,,,,,,,,,,,,,,,,,,,,,,,,,,,,,,,,
7.0,365.0,585.0,44.0,12.0,0.6239316239,6.376068376,890.0,,,,,,,,,,,,,,,,,,,,,,,,,,,,,,,,,,,,,,,,,,,,,,,,,,,,,,,
7.0,342.0,630.0,44.0,13.0,0.5428571429,6.457142857,891.0,,,,,,,,,,,,,,,,,,,,,,,,,,,,,,,,,,,,,,,,,,,,,,,,,,,,,,,
7.0,315.0,675.0,44.0,14.0,0.4666666667,6.533333333,892.0,,,,,,,,,,,,,,,,,,,,,,,,,,,,,,,,,,,,,,,,,,,,,,,,,,,,,,,
7.0,284.0,720.0,44.0,15.0,0.3944444444,6.605555556,893.0,,,,,,,,,,,,,,,,,,,,,,,,,,,,,,,,,,,,,,,,,,,,,,,,,,,,,,,
7.0,253.0,765.0,44.0,16.0,0.3307189542,6.669281046,894.0,,,,,,,,,,,,,,,,,,,,,,,,,,,,,,,,,,,,,,,,,,,,,,,,,,,,,,,
7.0,220.0,810.0,44.0,17.0,0.2716049383,6.728395062,895.0,,,,,,,,,,,,,,,,,,,,,,,,,,,,,,,,,,,,,,,,,,,,,,,,,,,,,,,
7.0,191.0,855.0,44.0,18.0,0.2233918129,6.776608187,896.0,,,,,,,,,,,,,,,,,,,,,,,,,,,,,,,,,,,,,,,,,,,,,,,,,,,,,,,
7.0,162.0,900.0,44.0,19.0,0.18,6.82,897.0,,,,,,,,,,,,,,,,,,,,,,,,,,,,,,,,,,,,,,,,,,,,,,,,,,,,,,,
7.0,139.0,945.0,44.0,20.0,0.1470899471,6.852910053,898.0,,,,,,,,,,,,,,,,,,,,,,,,,,,,,,,,,,,,,,,,,,,,,,,,,,,,,,,
7.0,116.0,990.0,44.0,21.0,0.1171717172,6.882828283,899.0,,,,,,,,,,,,,,,,,,,,,,,,,,,,,,,,,,,,,,,,,,,,,,,,,,,,,,,
7.0,91.0,1035.0,44.0,22.0,0.08792270531,6.912077295,900.0,,,,,,,,,,,,,,,,,,,,,,,,,,,,,,,,,,,,,,,,,,,,,,,,,,,,,,,
7.0,54.0,1080.0,44.0,23.0,0.05,6.95,901.0,,,,,,,,,,,,,,,,,,,,,,,,,,,,,,,,,,,,,,,,,,,,,,,,,,,,,,,
7.0,356.0,368.0,45.0,7.0,0.9673913043,6.032608696,902.0,,,,,,,,,,,,,,,,,,,,,,,,,,,,,,,,,,,,,,,,,,,,,,,,,,,,,,,
7.0,374.0,414.0,45.0,8.0,0.9033816425,6.096618357,903.0,,,,,,,,,,,,,,,,,,,,,,,,,,,,,,,,,,,,,,,,,,,,,,,,,,,,,,,
7.0,384.0,460.0,45.0,9.0,0.8347826087,6.165217391,904.0,,,,,,,,,,,,,,,,,,,,,,,,,,,,,,,,,,,,,,,,,,,,,,,,,,,,,,,
7.0,382.0,506.0,45.0,10.0,0.7549407115,6.245059289,905.0,,,,,,,,,,,,,,,,,,,,,,,,,,,,,,,,,,,,,,,,,,,,,,,,,,,,,,,
7.0,372.0,552.0,45.0,11.0,0.6739130435,6.326086957,906.0,,,,,,,,,,,,,,,,,,,,,,,,,,,,,,,,,,,,,,,,,,,,,,,,,,,,,,,
7.0,354.0,598.0,45.0,12.0,0.5919732441,6.408026756,907.0,,,,,,,,,,,,,,,,,,,,,,,,,,,,,,,,,,,,,,,,,,,,,,,,,,,,,,,
7.0,328.0,644.0,45.0,13.0,0.5093167702,6.49068323,908.0,,,,,,,,,,,,,,,,,,,,,,,,,,,,,,,,,,,,,,,,,,,,,,,,,,,,,,,
7.0,300.0,690.0,45.0,14.0,0.4347826087,6.565217391,909.0,,,,,,,,,,,,,,,,,,,,,,,,,,,,,,,,,,,,,,,,,,,,,,,,,,,,,,,
7.0,268.0,736.0,45.0,15.0,0.3641304348,6.635869565,910.0,,,,,,,,,,,,,,,,,,,,,,,,,,,,,,,,,,,,,,,,,,,,,,,,,,,,,,,
7.0,236.0,782.0,45.0,16.0,0.3017902813,6.698209719,911.0,,,,,,,,,,,,,,,,,,,,,,,,,,,,,,,,,,,,,,,,,,,,,,,,,,,,,,,
7.0,204.0,828.0,45.0,17.0,0.2463768116,6.753623188,912.0,,,,,,,,,,,,,,,,,,,,,,,,,,,,,,,,,,,,,,,,,,,,,,,,,,,,,,,
7.0,176.0,874.0,45.0,18.0,0.2013729977,6.798627002,913.0,,,,,,,,,,,,,,,,,,,,,,,,,,,,,,,,,,,,,,,,,,,,,,,,,,,,,,,
7.0,148.0,920.0,45.0,19.0,0.1608695652,6.839130435,914.0,,,,,,,,,,,,,,,,,,,,,,,,,,,,,,,,,,,,,,,,,,,,,,,,,,,,,,,
7.0,126.0,966.0,45.0,20.0,0.1304347826,6.869565217,915.0,,,,,,,,,,,,,,,,,,,,,,,,,,,,,,,,,,,,,,,,,,,,,,,,,,,,,,,
7.0,104.0,1012.0,45.0,21.0,0.1027667984,6.897233202,916.0,,,,,,,,,,,,,,,,,,,,,,,,,,,,,,,,,,,,,,,,,,,,,,,,,,,,,,,
7.0,72.0,1058.0,45.0,22.0,0.06805293006,6.93194707,917.0,,,,,,,,,,,,,,,,,,,,,,,,,,,,,,,,,,,,,,,,,,,,,,,,,,,,,,,
7.0,6.0,1104.0,45.0,23.0,0.005434782609,6.994565217,918.0,,,,,,,,,,,,,,,,,,,,,,,,,,,,,,,,,,,,,,,,,,,,,,,,,,,,,,,
7.0,360.0,376.0,46.0,7.0,0.9574468085,6.042553191,919.0,,,,,,,,,,,,,,,,,,,,,,,,,,,,,,,,,,,,,,,,,,,,,,,,,,,,,,,
7.0,375.0,423.0,46.0,8.0,0.8865248227,6.113475177,920.0,,,,,,,,,,,,,,,,,,,,,,,,,,,,,,,,,,,,,,,,,,,,,,,,,,,,,,,
7.0,382.0,470.0,46.0,9.0,0.8127659574,6.187234043,921.0,,,,,,,,,,,,,,,,,,,,,,,,,,,,,,,,,,,,,,,,,,,,,,,,,,,,,,,
7.0,377.0,517.0,46.0,10.0,0.7292069632,6.270793037,922.0,,,,,,,,,,,,,,,,,,,,,,,,,,,,,,,,,,,,,,,,,,,,,,,,,,,,,,,
7.0,364.0,564.0,46.0,11.0,0.6453900709,6.354609929,923.0,,,,,,,,,,,,,,,,,,,,,,,,,,,,,,,,,,,,,,,,,,,,,,,,,,,,,,,
7.0,343.0,611.0,46.0,12.0,0.5613747954,6.438625205,924.0,,,,,,,,,,,,,,,,,,,,,,,,,,,,,,,,,,,,,,,,,,,,,,,,,,,,,,,
7.0,314.0,658.0,46.0,13.0,0.4772036474,6.522796353,925.0,,,,,,,,,,,,,,,,,,,,,,,,,,,,,,,,,,,,,,,,,,,,,,,,,,,,,,,
7.0,285.0,705.0,46.0,14.0,0.4042553191,6.595744681,926.0,,,,,,,,,,,,,,,,,,,,,,,,,,,,,,,,,,,,,,,,,,,,,,,,,,,,,,,
7.0,252.0,752.0,46.0,15.0,0.335106383,6.664893617,927.0,,,,,,,,,,,,,,,,,,,,,,,,,,,,,,,,,,,,,,,,,,,,,,,,,,,,,,,
7.0,221.0,799.0,46.0,16.0,0.2765957447,6.723404255,928.0,,,,,,,,,,,,,,,,,,,,,,,,,,,,,,,,,,,,,,,,,,,,,,,,,,,,,,,
7.0,190.0,846.0,46.0,17.0,0.2245862884,6.775413712,929.0,,,,,,,,,,,,,,,,,,,,,,,,,,,,,,,,,,,,,,,,,,,,,,,,,,,,,,,
7.0,163.0,893.0,46.0,18.0,0.1825307951,6.817469205,930.0,,,,,,,,,,,,,,,,,,,,,,,,,,,,,,,,,,,,,,,,,,,,,,,,,,,,,,,
7.0,136.0,940.0,46.0,19.0,0.1446808511,6.855319149,931.0,,,,,,,,,,,,,,,,,,,,,,,,,,,,,,,,,,,,,,,,,,,,,,,,,,,,,,,
7.0,115.0,987.0,46.0,20.0,0.116514691,6.883485309,932.0,,,,,,,,,,,,,,,,,,,,,,,,,,,,,,,,,,,,,,,,,,,,,,,,,,,,,,,
7.0,86.0,1034.0,46.0,21.0,0.083172147,6.916827853,933.0,,,,,,,,,,,,,,,,,,,,,,,,,,,,,,,,,,,,,,,,,,,,,,,,,,,,,,,
7.0,38.0,1081.0,46.0,22.0,0.03515263645,6.964847364,934.0,,,,,,,,,,,,,,,,,,,,,,,,,,,,,,,,,,,,,,,,,,,,,,,,,,,,,,,
7.0,332.0,336.0,47.0,6.0,0.9880952381,6.011904762,935.0,,,,,,,,,,,,,,,,,,,,,,,,,,,,,,,,,,,,,,,,,,,,,,,,,,,,,,,
7.0,360.0,384.0,47.0,7.0,0.9375,6.0625,936.0,,,,,,,,,,,,,,,,,,,,,,,,,,,,,,,,,,,,,,,,,,,,,,,,,,,,,,,
7.0,372.0,432.0,47.0,8.0,0.8611111111,6.138888889,937.0,,,,,,,,,,,,,,,,,,,,,,,,,,,,,,,,,,,,,,,,,,,,,,,,,,,,,,,
7.0,376.0,480.0,47.0,9.0,0.7833333333,6.216666667,938.0,,,,,,,,,,,,,,,,,,,,,,,,,,,,,,,,,,,,,,,,,,,,,,,,,,,,,,,
7.0,368.0,528.0,47.0,10.0,0.696969697,6.303030303,939.0,,,,,,,,,,,,,,,,,,,,,,,,,,,,,,,,,,,,,,,,,,,,,,,,,,,,,,,
7.0,352.0,576.0,47.0,11.0,0.6111111111,6.388888889,940.0,,,,,,,,,,,,,,,,,,,,,,,,,,,,,,,,,,,,,,,,,,,,,,,,,,,,,,,
7.0,330.0,624.0,47.0,12.0,0.5288461538,6.471153846,941.0,,,,,,,,,,,,,,,,,,,,,,,,,,,,,,,,,,,,,,,,,,,,,,,,,,,,,,,
7.0,300.0,672.0,47.0,13.0,0.4464285714,6.553571429,942.0,,,,,,,,,,,,,,,,,,,,,,,,,,,,,,,,,,,,,,,,,,,,,,,,,,,,,,,
7.0,270.0,720.0,47.0,14.0,0.375,6.625,943.0,,,,,,,,,,,,,,,,,,,,,,,,,,,,,,,,,,,,,,,,,,,,,,,,,,,,,,,
7.0,236.0,768.0,47.0,15.0,0.3072916667,6.692708333,944.0,,,,,,,,,,,,,,,,,,,,,,,,,,,,,,,,,,,,,,,,,,,,,,,,,,,,,,,
7.0,206.0,816.0,47.0,16.0,0.2524509804,6.74754902,945.0,,,,,,,,,,,,,,,,,,,,,,,,,,,,,,,,,,,,,,,,,,,,,,,,,,,,,,,
7.0,176.0,864.0,47.0,17.0,0.2037037037,6.796296296,946.0,,,,,,,,,,,,,,,,,,,,,,,,,,,,,,,,,,,,,,,,,,,,,,,,,,,,,,,
7.0,150.0,912.0,47.0,18.0,0.1644736842,6.835526316,947.0,,,,,,,,,,,,,,,,,,,,,,,,,,,,,,,,,,,,,,,,,,,,,,,,,,,,,,,
7.0,124.0,960.0,47.0,19.0,0.1291666667,6.870833333,948.0,,,,,,,,,,,,,,,,,,,,,,,,,,,,,,,,,,,,,,,,,,,,,,,,,,,,,,,
7.0,102.0,1008.0,47.0,20.0,0.1011904762,6.898809524,949.0,,,,,,,,,,,,,,,,,,,,,,,,,,,,,,,,,,,,,,,,,,,,,,,,,,,,,,,
7.0,70.0,1056.0,47.0,21.0,0.06628787879,6.933712121,950.0,,,,,,,,,,,,,,,,,,,,,,,,,,,,,,,,,,,,,,,,,,,,,,,,,,,,,,,
7.0,4.0,1104.0,47.0,22.0,0.003623188406,6.996376812,951.0,,,,,,,,,,,,,,,,,,,,,,,,,,,,,,,,,,,,,,,,,,,,,,,,,,,,,,,
7.0,335.0,343.0,48.0,6.0,0.9766763848,6.023323615,952.0,,,,,,,,,,,,,,,,,,,,,,,,,,,,,,,,,,,,,,,,,,,,,,,,,,,,,,,
7.0,360.0,392.0,48.0,7.0,0.9183673469,6.081632653,953.0,,,,,,,,,,,,,,,,,,,,,,,,,,,,,,,,,,,,,,,,,,,,,,,,,,,,,,,
7.0,369.0,441.0,48.0,8.0,0.8367346939,6.163265306,954.0,,,,,,,,,,,,,,,,,,,,,,,,,,,,,,,,,,,,,,,,,,,,,,,,,,,,,,,
7.0,370.0,490.0,48.0,9.0,0.7551020408,6.244897959,955.0,,,,,,,,,,,,,,,,,,,,,,,,,,,,,,,,,,,,,,,,,,,,,,,,,,,,,,,
7.0,359.0,539.0,48.0,10.0,0.6660482375,6.333951763,956.0,,,,,,,,,,,,,,,,,,,,,,,,,,,,,,,,,,,,,,,,,,,,,,,,,,,,,,,
7.0,340.0,588.0,48.0,11.0,0.5782312925,6.421768707,957.0,,,,,,,,,,,,,,,,,,,,,,,,,,,,,,,,,,,,,,,,,,,,,,,,,,,,,,,
7.0,317.0,637.0,48.0,12.0,0.4976452119,6.502354788,958.0,,,,,,,,,,,,,,,,,,,,,,,,,,,,,,,,,,,,,,,,,,,,,,,,,,,,,,,
7.0,286.0,686.0,48.0,13.0,0.416909621,6.583090379,959.0,,,,,,,,,,,,,,,,,,,,,,,,,,,,,,,,,,,,,,,,,,,,,,,,,,,,,,,
7.0,255.0,735.0,48.0,14.0,0.3469387755,6.653061224,960.0,,,,,,,,,,,,,,,,,,,,,,,,,,,,,,,,,,,,,,,,,,,,,,,,,,,,,,,
7.0,220.0,784.0,48.0,15.0,0.2806122449,6.719387755,961.0,,,,,,,,,,,,,,,,,,,,,,,,,,,,,,,,,,,,,,,,,,,,,,,,,,,,,,,
7.0,191.0,833.0,48.0,16.0,0.2292917167,6.770708283,962.0,,,,,,,,,,,,,,,,,,,,,,,,,,,,,,,,,,,,,,,,,,,,,,,,,,,,,,,
7.0,162.0,882.0,48.0,17.0,0.1836734694,6.816326531,963.0,,,,,,,,,,,,,,,,,,,,,,,,,,,,,,,,,,,,,,,,,,,,,,,,,,,,,,,
7.0,137.0,931.0,48.0,18.0,0.1471535983,6.852846402,964.0,,,,,,,,,,,,,,,,,,,,,,,,,,,,,,,,,,,,,,,,,,,,,,,,,,,,,,,
7.0,112.0,980.0,48.0,19.0,0.1142857143,6.885714286,965.0,,,,,,,,,,,,,,,,,,,,,,,,,,,,,,,,,,,,,,,,,,,,,,,,,,,,,,,
7.0,85.0,1029.0,48.0,20.0,0.08260447036,6.91739553,966.0,,,,,,,,,,,,,,,,,,,,,,,,,,,,,,,,,,,,,,,,,,,,,,,,,,,,,,,
7.0,32.0,1078.0,48.0,21.0,0.02968460111,6.970315399,967.0,,,,,,,,,,,,,,,,,,,,,,,,,,,,,,,,,,,,,,,,,,,,,,,,,,,,,,,
7.0,338.0,350.0,49.0,6.0,0.9657142857,6.034285714,968.0,,,,,,,,,,,,,,,,,,,,,,,,,,,,,,,,,,,,,,,,,,,,,,,,,,,,,,,
7.0,360.0,400.0,49.0,7.0,0.9,6.1,969.0,,,,,,,,,,,,,,,,,,,,,,,,,,,,,,,,,,,,,,,,,,,,,,,,,,,,,,,
7.0,366.0,450.0,49.0,8.0,0.8133333333,6.186666667,970.0,,,,,,,,,,,,,,,,,,,,,,,,,,,,,,,,,,,,,,,,,,,,,,,,,,,,,,,
7.0,364.0,500.0,49.0,9.0,0.728,6.272,971.0,,,,,,,,,,,,,,,,,,,,,,,,,,,,,,,,,,,,,,,,,,,,,,,,,,,,,,,
7.0,350.0,550.0,49.0,10.0,0.6363636364,6.363636364,972.0,,,,,,,,,,,,,,,,,,,,,,,,,,,,,,,,,,,,,,,,,,,,,,,,,,,,,,,
7.0,328.0,600.0,49.0,11.0,0.5466666667,6.453333333,973.0,,,,,,,,,,,,,,,,,,,,,,,,,,,,,,,,,,,,,,,,,,,,,,,,,,,,,,,
7.0,304.0,650.0,49.0,12.0,0.4676923077,6.532307692,974.0,,,,,,,,,,,,,,,,,,,,,,,,,,,,,,,,,,,,,,,,,,,,,,,,,,,,,,,
7.0,272.0,700.0,49.0,13.0,0.3885714286,6.611428571,975.0,,,,,,,,,,,,,,,,,,,,,,,,,,,,,,,,,,,,,,,,,,,,,,,,,,,,,,,
7.0,240.0,750.0,49.0,14.0,0.32,6.68,976.0,,,,,,,,,,,,,,,,,,,,,,,,,,,,,,,,,,,,,,,,,,,,,,,,,,,,,,,
7.0,204.0,800.0,49.0,15.0,0.255,6.745,977.0,,,,,,,,,,,,,,,,,,,,,,,,,,,,,,,,,,,,,,,,,,,,,,,,,,,,,,,
7.0,176.0,850.0,49.0,16.0,0.2070588235,6.792941176,978.0,,,,,,,,,,,,,,,,,,,,,,,,,,,,,,,,,,,,,,,,,,,,,,,,,,,,,,,
7.0,148.0,900.0,49.0,17.0,0.1644444444,6.835555556,979.0,,,,,,,,,,,,,,,,,,,,,,,,,,,,,,,,,,,,,,,,,,,,,,,,,,,,,,,
7.0,124.0,950.0,49.0,18.0,0.1305263158,6.869473684,980.0,,,,,,,,,,,,,,,,,,,,,,,,,,,,,,,,,,,,,,,,,,,,,,,,,,,,,,,
7.0,98.0,1000.0,49.0,19.0,0.098,6.902,981.0,,,,,,,,,,,,,,,,,,,,,,,,,,,,,,,,,,,,,,,,,,,,,,,,,,,,,,,
7.0,66.0,1050.0,49.0,20.0,0.06285714286,6.937142857,982.0,,,,,,,,,,,,,,,,,,,,,,,,,,,,,,,,,,,,,,,,,,,,,,,,,,,,,,,
7.0,2.0,1100.0,49.0,21.0,0.001818181818,6.998181818,983.0,,,,,,,,,,,,,,,,,,,,,,,,,,,,,,,,,,,,,,,,,,,,,,,,,,,,,,,
7.0,341.0,357.0,50.0,6.0,0.9551820728,6.044817927,984.0,,,,,,,,,,,,,,,,,,,,,,,,,,,,,,,,,,,,,,,,,,,,,,,,,,,,,,,
7.0,360.0,408.0,50.0,7.0,0.8823529412,6.117647059,985.0,,,,,,,,,,,,,,,,,,,,,,,,,,,,,,,,,,,,,,,,,,,,,,,,,,,,,,,
7.0,363.0,459.0,50.0,8.0,0.7908496732,6.209150327,986.0,,,,,,,,,,,,,,,,,,,,,,,,,,,,,,,,,,,,,,,,,,,,,,,,,,,,,,,
7.0,358.0,510.0,50.0,9.0,0.7019607843,6.298039216,987.0,,,,,,,,,,,,,,,,,,,,,,,,,,,,,,,,,,,,,,,,,,,,,,,,,,,,,,,
7.0,341.0,561.0,50.0,10.0,0.6078431373,6.392156863,988.0,,,,,,,,,,,,,,,,,,,,,,,,,,,,,,,,,,,,,,,,,,,,,,,,,,,,,,,
7.0,316.0,612.0,50.0,11.0,0.5163398693,6.483660131,989.0,,,,,,,,,,,,,,,,,,,,,,,,,,,,,,,,,,,,,,,,,,,,,,,,,,,,,,,
7.0,291.0,663.0,50.0,12.0,0.4389140271,6.561085973,990.0,,,,,,,,,,,,,,,,,,,,,,,,,,,,,,,,,,,,,,,,,,,,,,,,,,,,,,,
7.0,258.0,714.0,50.0,13.0,0.3613445378,6.638655462,991.0,,,,,,,,,,,,,,,,,,,,,,,,,,,,,,,,,,,,,,,,,,,,,,,,,,,,,,,
7.0,225.0,765.0,50.0,14.0,0.2941176471,6.705882353,992.0,,,,,,,,,,,,,,,,,,,,,,,,,,,,,,,,,,,,,,,,,,,,,,,,,,,,,,,
7.0,190.0,816.0,50.0,15.0,0.2328431373,6.767156863,993.0,,,,,,,,,,,,,,,,,,,,,,,,,,,,,,,,,,,,,,,,,,,,,,,,,,,,,,,
7.0,163.0,867.0,50.0,16.0,0.1880046136,6.811995386,994.0,,,,,,,,,,,,,,,,,,,,,,,,,,,,,,,,,,,,,,,,,,,,,,,,,,,,,,,
7.0,136.0,918.0,50.0,17.0,0.1481481481,6.851851852,995.0,,,,,,,,,,,,,,,,,,,,,,,,,,,,,,,,,,,,,,,,,,,,,,,,,,,,,,,
7.0,113.0,969.0,50.0,18.0,0.1166150671,6.883384933,996.0,,,,,,,,,,,,,,,,,,,,,,,,,,,,,,,,,,,,,,,,,,,,,,,,,,,,,,,
7.0,82.0,1020.0,50.0,19.0,0.08039215686,6.919607843,997.0,,,,,,,,,,,,,,,,,,,,,,,,,,,,,,,,,,,,,,,,,,,,,,,,,,,,,,,
7.0,22.0,1071.0,50.0,20.0,0.02054154995,6.97945845,998.0,,,,,,,,,,,,,,,,,,,,,,,,,,,,,,,,,,,,,,,,,,,,,,,,,,,,,,,
7.0,308.0,312.0,51.0,5.0,0.9871794872,6.012820513,999.0,,,,,,,,,,,,,,,,,,,,,,,,,,,,,,,,,,,,,,,,,,,,,,,,,,,,,,,
7.0,340.0,364.0,51.0,6.0,0.9340659341,6.065934066,1000.0,,,,,,,,,,,,,,,,,,,,,,,,,,,,,,,,,,,,,,,,,,,,,,,,,,,,,,,
7.0,356.0,416.0,51.0,7.0,0.8557692308,6.144230769,1001.0,,,,,,,,,,,,,,,,,,,,,,,,,,,,,,,,,,,,,,,,,,,,,,,,,,,,,,,
7.0,356.0,468.0,51.0,8.0,0.7606837607,6.239316239,1002.0,,,,,,,,,,,,,,,,,,,,,,,,,,,,,,,,,,,,,,,,,,,,,,,,,,,,,,,
7.0,348.0,520.0,51.0,9.0,0.6692307692,6.330769231,1003.0,,,,,,,,,,,,,,,,,,,,,,,,,,,,,,,,,,,,,,,,,,,,,,,,,,,,,,,
7.0,330.0,572.0,51.0,10.0,0.5769230769,6.423076923,1004.0,,,,,,,,,,,,,,,,,,,,,,,,,,,,,,,,,,,,,,,,,,,,,,,,,,,,,,,
7.0,304.0,624.0,51.0,11.0,0.4871794872,6.512820513,1005.0,,,,,,,,,,,,,,,,,,,,,,,,,,,,,,,,,,,,,,,,,,,,,,,,,,,,,,,
7.0,278.0,676.0,51.0,12.0,0.4112426036,6.588757396,1006.0,,,,,,,,,,,,,,,,,,,,,,,,,,,,,,,,,,,,,,,,,,,,,,,,,,,,,,,
7.0,244.0,728.0,51.0,13.0,0.3351648352,6.664835165,1007.0,,,,,,,,,,,,,,,,,,,,,,,,,,,,,,,,,,,,,,,,,,,,,,,,,,,,,,,
7.0,210.0,780.0,51.0,14.0,0.2692307692,6.730769231,1008.0,,,,,,,,,,,,,,,,,,,,,,,,,,,,,,,,,,,,,,,,,,,,,,,,,,,,,,,
7.0,176.0,832.0,51.0,15.0,0.2115384615,6.788461538,1009.0,,,,,,,,,,,,,,,,,,,,,,,,,,,,,,,,,,,,,,,,,,,,,,,,,,,,,,,
7.0,150.0,884.0,51.0,16.0,0.1696832579,6.830316742,1010.0,,,,,,,,,,,,,,,,,,,,,,,,,,,,,,,,,,,,,,,,,,,,,,,,,,,,,,,
7.0,124.0,936.0,51.0,17.0,0.1324786325,6.867521368,1011.0,,,,,,,,,,,,,,,,,,,,,,,,,,,,,,,,,,,,,,,,,,,,,,,,,,,,,,,
7.0,102.0,988.0,51.0,18.0,0.1032388664,6.896761134,1012.0,,,,,,,,,,,,,,,,,,,,,,,,,,,,,,,,,,,,,,,,,,,,,,,,,,,,,,,
7.0,66.0,1040.0,51.0,19.0,0.06346153846,6.936538462,1013.0,,,,,,,,,,,,,,,,,,,,,,,,,,,,,,,,,,,,,,,,,,,,,,,,,,,,,,,
7.0,2.0,1092.0,51.0,20.0,0.001831501832,6.998168498,1014.0,,,,,,,,,,,,,,,,,,,,,,,,,,,,,,,,,,,,,,,,,,,,,,,,,,,,,,,
7.0,310.0,318.0,52.0,5.0,0.9748427673,6.025157233,1015.0,,,,,,,,,,,,,,,,,,,,,,,,,,,,,,,,,,,,,,,,,,,,,,,,,,,,,,,
7.0,339.0,371.0,52.0,6.0,0.9137466307,6.086253369,1016.0,,,,,,,,,,,,,,,,,,,,,,,,,,,,,,,,,,,,,,,,,,,,,,,,,,,,,,,
7.0,352.0,424.0,52.0,7.0,0.8301886792,6.169811321,1017.0,,,,,,,,,,,,,,,,,,,,,,,,,,,,,,,,,,,,,,,,,,,,,,,,,,,,,,,
7.0,349.0,477.0,52.0,8.0,0.7316561845,6.268343816,1018.0,,,,,,,,,,,,,,,,,,,,,,,,,,,,,,,,,,,,,,,,,,,,,,,,,,,,,,,
7.0,338.0,530.0,52.0,9.0,0.6377358491,6.362264151,1019.0,,,,,,,,,,,,,,,,,,,,,,,,,,,,,,,,,,,,,,,,,,,,,,,,,,,,,,,
7.0,319.0,583.0,52.0,10.0,0.5471698113,6.452830189,1020.0,,,,,,,,,,,,,,,,,,,,,,,,,,,,,,,,,,,,,,,,,,,,,,,,,,,,,,,
7.0,292.0,636.0,52.0,11.0,0.4591194969,6.540880503,1021.0,,,,,,,,,,,,,,,,,,,,,,,,,,,,,,,,,,,,,,,,,,,,,,,,,,,,,,,
7.0,265.0,689.0,52.0,12.0,0.3846153846,6.615384615,1022.0,,,,,,,,,,,,,,,,,,,,,,,,,,,,,,,,,,,,,,,,,,,,,,,,,,,,,,,
7.0,230.0,742.0,52.0,13.0,0.3099730458,6.690026954,1023.0,,,,,,,,,,,,,,,,,,,,,,,,,,,,,,,,,,,,,,,,,,,,,,,,,,,,,,,
7.0,197.0,795.0,52.0,14.0,0.2477987421,6.752201258,1024.0,,,,,,,,,,,,,,,,,,,,,,,,,,,,,,,,,,,,,,,,,,,,,,,,,,,,,,,
7.0,164.0,848.0,52.0,15.0,0.1933962264,6.806603774,1025.0,,,,,,,,,,,,,,,,,,,,,,,,,,,,,,,,,,,,,,,,,,,,,,,,,,,,,,,
7.0,139.0,901.0,52.0,16.0,0.15427303,6.84572697,1026.0,,,,,,,,,,,,,,,,,,,,,,,,,,,,,,,,,,,,,,,,,,,,,,,,,,,,,,,
7.0,114.0,954.0,52.0,17.0,0.1194968553,6.880503145,1027.0,,,,,,,,,,,,,,,,,,,,,,,,,,,,,,,,,,,,,,,,,,,,,,,,,,,,,,,
7.0,89.0,1007.0,52.0,18.0,0.08838133069,6.911618669,1028.0,,,,,,,,,,,,,,,,,,,,,,,,,,,,,,,,,,,,,,,,,,,,,,,,,,,,,,,
7.0,38.0,1060.0,52.0,19.0,0.0358490566,6.964150943,1029.0,,,,,,,,,,,,,,,,,,,,,,,,,,,,,,,,,,,,,,,,,,,,,,,,,,,,,,,
7.0,312.0,324.0,53.0,5.0,0.962962963,6.037037037,1030.0,,,,,,,,,,,,,,,,,,,,,,,,,,,,,,,,,,,,,,,,,,,,,,,,,,,,,,,
7.0,338.0,378.0,53.0,6.0,0.8941798942,6.105820106,1031.0,,,,,,,,,,,,,,,,,,,,,,,,,,,,,,,,,,,,,,,,,,,,,,,,,,,,,,,
7.0,348.0,432.0,53.0,7.0,0.8055555556,6.194444444,1032.0,,,,,,,,,,,,,,,,,,,,,,,,,,,,,,,,,,,,,,,,,,,,,,,,,,,,,,,
7.0,342.0,486.0,53.0,8.0,0.7037037037,6.296296296,1033.0,,,,,,,,,,,,,,,,,,,,,,,,,,,,,,,,,,,,,,,,,,,,,,,,,,,,,,,
7.0,328.0,540.0,53.0,9.0,0.6074074074,6.392592593,1034.0,,,,,,,,,,,,,,,,,,,,,,,,,,,,,,,,,,,,,,,,,,,,,,,,,,,,,,,
7.0,308.0,594.0,53.0,10.0,0.5185185185,6.481481481,1035.0,,,,,,,,,,,,,,,,,,,,,,,,,,,,,,,,,,,,,,,,,,,,,,,,,,,,,,,
7.0,280.0,648.0,53.0,11.0,0.4320987654,6.567901235,1036.0,,,,,,,,,,,,,,,,,,,,,,,,,,,,,,,,,,,,,,,,,,,,,,,,,,,,,,,
7.0,252.0,702.0,53.0,12.0,0.358974359,6.641025641,1037.0,,,,,,,,,,,,,,,,,,,,,,,,,,,,,,,,,,,,,,,,,,,,,,,,,,,,,,,
7.0,216.0,756.0,53.0,13.0,0.2857142857,6.714285714,1038.0,,,,,,,,,,,,,,,,,,,,,,,,,,,,,,,,,,,,,,,,,,,,,,,,,,,,,,,
7.0,184.0,810.0,53.0,14.0,0.2271604938,6.772839506,1039.0,,,,,,,,,,,,,,,,,,,,,,,,,,,,,,,,,,,,,,,,,,,,,,,,,,,,,,,
7.0,152.0,864.0,53.0,15.0,0.1759259259,6.824074074,1040.0,,,,,,,,,,,,,,,,,,,,,,,,,,,,,,,,,,,,,,,,,,,,,,,,,,,,,,,
7.0,128.0,918.0,53.0,16.0,0.1394335512,6.860566449,1041.0,,,,,,,,,,,,,,,,,,,,,,,,,,,,,,,,,,,,,,,,,,,,,,,,,,,,,,,
7.0,104.0,972.0,53.0,17.0,0.1069958848,6.893004115,1042.0,,,,,,,,,,,,,,,,,,,,,,,,,,,,,,,,,,,,,,,,,,,,,,,,,,,,,,,
7.0,70.0,1026.0,53.0,18.0,0.06822612086,6.931773879,1043.0,,,,,,,,,,,,,,,,,,,,,,,,,,,,,,,,,,,,,,,,,,,,,,,,,,,,,,,
7.0,2.0,1080.0,53.0,19.0,0.001851851852,6.998148148,1044.0,,,,,,,,,,,,,,,,,,,,,,,,,,,,,,,,,,,,,,,,,,,,,,,,,,,,,,,
7.0,314.0,330.0,54.0,5.0,0.9515151515,6.048484848,1045.0,,,,,,,,,,,,,,,,,,,,,,,,,,,,,,,,,,,,,,,,,,,,,,,,,,,,,,,
7.0,337.0,385.0,54.0,6.0,0.8753246753,6.124675325,1046.0,,,,,,,,,,,,,,,,,,,,,,,,,,,,,,,,,,,,,,,,,,,,,,,,,,,,,,,
7.0,344.0,440.0,54.0,7.0,0.7818181818,6.218181818,1047.0,,,,,,,,,,,,,,,,,,,,,,,,,,,,,,,,,,,,,,,,,,,,,,,,,,,,,,,
7.0,335.0,495.0,54.0,8.0,0.6767676768,6.323232323,1048.0,,,,,,,,,,,,,,,,,,,,,,,,,,,,,,,,,,,,,,,,,,,,,,,,,,,,,,,
7.0,318.0,550.0,54.0,9.0,0.5781818182,6.421818182,1049.0,,,,,,,,,,,,,,,,,,,,,,,,,,,,,,,,,,,,,,,,,,,,,,,,,,,,,,,
7.0,297.0,605.0,54.0,10.0,0.4909090909,6.509090909,1050.0,,,,,,,,,,,,,,,,,,,,,,,,,,,,,,,,,,,,,,,,,,,,,,,,,,,,,,,
7.0,268.0,660.0,54.0,11.0,0.4060606061,6.593939394,1051.0,,,,,,,,,,,,,,,,,,,,,,,,,,,,,,,,,,,,,,,,,,,,,,,,,,,,,,,
7.0,239.0,715.0,54.0,12.0,0.3342657343,6.665734266,1052.0,,,,,,,,,,,,,,,,,,,,,,,,,,,,,,,,,,,,,,,,,,,,,,,,,,,,,,,
7.0,202.0,770.0,54.0,13.0,0.2623376623,6.737662338,1053.0,,,,,,,,,,,,,,,,,,,,,,,,,,,,,,,,,,,,,,,,,,,,,,,,,,,,,,,
7.0,171.0,825.0,54.0,14.0,0.2072727273,6.792727273,1054.0,,,,,,,,,,,,,,,,,,,,,,,,,,,,,,,,,,,,,,,,,,,,,,,,,,,,,,,
7.0,140.0,880.0,54.0,15.0,0.1590909091,6.840909091,1055.0,,,,,,,,,,,,,,,,,,,,,,,,,,,,,,,,,,,,,,,,,,,,,,,,,,,,,,,
7.0,117.0,935.0,54.0,16.0,0.1251336898,6.87486631,1056.0,,,,,,,,,,,,,,,,,,,,,,,,,,,,,,,,,,,,,,,,,,,,,,,,,,,,,,,
7.0,92.0,990.0,54.0,17.0,0.09292929293,6.907070707,1057.0,,,,,,,,,,,,,,,,,,,,,,,,,,,,,,,,,,,,,,,,,,,,,,,,,,,,,,,
7.0,47.0,1045.0,54.0,18.0,0.04497607656,6.955023923,1058.0,,,,,,,,,,,,,,,,,,,,,,,,,,,,,,,,,,,,,,,,,,,,,,,,,,,,,,,
8.0,1152.0,1156.0,33.0,33.0,0.9965397924,7.003460208,1059.0,,,,,,,,,,,,,,,,,,,,,,,,,,,,,,,,,,,,,,,,,,,,,,,,,,,,,,,
8.0,1151.0,1155.0,34.0,32.0,0.9965367965,7.003463203,1060.0,,,,,,,,,,,,,,,,,,,,,,,,,,,,,,,,,,,,,,,,,,,,,,,,,,,,,,,
8.0,1178.0,1190.0,34.0,33.0,0.9899159664,7.010084034,1061.0,,,,,,,,,,,,,,,,,,,,,,,,,,,,,,,,,,,,,,,,,,,,,,,,,,,,,,,
8.0,1201.0,1225.0,34.0,34.0,0.9804081633,7.019591837,1062.0,,,,,,,,,,,,,,,,,,,,,,,,,,,,,,,,,,,,,,,,,,,,,,,,,,,,,,,
8.0,1148.0,1152.0,35.0,31.0,0.9965277778,7.003472222,1063.0,,,,,,,,,,,,,,,,,,,,,,,,,,,,,,,,,,,,,,,,,,,,,,,,,,,,,,,
8.0,1176.0,1188.0,35.0,32.0,0.9898989899,7.01010101,1064.0,,,,,,,,,,,,,,,,,,,,,,,,,,,,,,,,,,,,,,,,,,,,,,,,,,,,,,,
8.0,1200.0,1224.0,35.0,33.0,0.9803921569,7.019607843,1065.0,,,,,,,,,,,,,,,,,,,,,,,,,,,,,,,,,,,,,,,,,,,,,,,,,,,,,,,
8.0,1220.0,1260.0,35.0,34.0,0.9682539683,7.031746032,1066.0,,,,,,,,,,,,,,,,,,,,,,,,,,,,,,,,,,,,,,,,,,,,,,,,,,,,,,,
8.0,1236.0,1296.0,35.0,35.0,0.9537037037,7.046296296,1067.0,,,,,,,,,,,,,,,,,,,,,,,,,,,,,,,,,,,,,,,,,,,,,,,,,,,,,,,
8.0,1143.0,1147.0,36.0,30.0,0.9965126417,7.003487358,1068.0,,,,,,,,,,,,,,,,,,,,,,,,,,,,,,,,,,,,,,,,,,,,,,,,,,,,,,,
8.0,1172.0,1184.0,36.0,31.0,0.9898648649,7.010135135,1069.0,,,,,,,,,,,,,,,,,,,,,,,,,,,,,,,,,,,,,,,,,,,,,,,,,,,,,,,
8.0,1197.0,1221.0,36.0,32.0,0.9803439803,7.01965602,1070.0,,,,,,,,,,,,,,,,,,,,,,,,,,,,,,,,,,,,,,,,,,,,,,,,,,,,,,,
8.0,1218.0,1258.0,36.0,33.0,0.9682034976,7.031796502,1071.0,,,,,,,,,,,,,,,,,,,,,,,,,,,,,,,,,,,,,,,,,,,,,,,,,,,,,,,
8.0,1235.0,1295.0,36.0,34.0,0.9536679537,7.046332046,1072.0,,,,,,,,,,,,,,,,,,,,,,,,,,,,,,,,,,,,,,,,,,,,,,,,,,,,,,,
8.0,1248.0,1332.0,36.0,35.0,0.9369369369,7.063063063,1073.0,,,,,,,,,,,,,,,,,,,,,,,,,,,,,,,,,,,,,,,,,,,,,,,,,,,,,,,
8.0,1257.0,1369.0,36.0,36.0,0.9181884587,7.081811541,1074.0,,,,,,,,,,,,,,,,,,,,,,,,,,,,,,,,,,,,,,,,,,,,,,,,,,,,,,,
8.0,1136.0,1140.0,37.0,29.0,0.9964912281,7.003508772,1075.0,,,,,,,,,,,,,,,,,,,,,,,,,,,,,,,,,,,,,,,,,,,,,,,,,,,,,,,
8.0,1166.0,1178.0,37.0,30.0,0.9898132428,7.010186757,1076.0,,,,,,,,,,,,,,,,,,,,,,,,,,,,,,,,,,,,,,,,,,,,,,,,,,,,,,,
8.0,1192.0,1216.0,37.0,31.0,0.9802631579,7.019736842,1077.0,,,,,,,,,,,,,,,,,,,,,,,,,,,,,,,,,,,,,,,,,,,,,,,,,,,,,,,
8.0,1214.0,1254.0,37.0,32.0,0.9681020734,7.031897927,1078.0,,,,,,,,,,,,,,,,,,,,,,,,,,,,,,,,,,,,,,,,,,,,,,,,,,,,,,,
8.0,1232.0,1292.0,37.0,33.0,0.9535603715,7.046439628,1079.0,,,,,,,,,,,,,,,,,,,,,,,,,,,,,,,,,,,,,,,,,,,,,,,,,,,,,,,
8.0,1246.0,1330.0,37.0,34.0,0.9368421053,7.063157895,1080.0,,,,,,,,,,,,,,,,,,,,,,,,,,,,,,,,,,,,,,,,,,,,,,,,,,,,,,,
8.0,1256.0,1368.0,37.0,35.0,0.918128655,7.081871345,1081.0,,,,,,,,,,,,,,,,,,,,,,,,,,,,,,,,,,,,,,,,,,,,,,,,,,,,,,,
8.0,1262.0,1406.0,37.0,36.0,0.8975817923,7.102418208,1082.0,,,,,,,,,,,,,,,,,,,,,,,,,,,,,,,,,,,,,,,,,,,,,,,,,,,,,,,
8.0,1264.0,1444.0,37.0,37.0,0.8753462604,7.12465374,1083.0,,,,,,,,,,,,,,,,,,,,,,,,,,,,,,,,,,,,,,,,,,,,,,,,,,,,,,,
8.0,1127.0,1131.0,38.0,28.0,0.9964633068,7.003536693,1084.0,,,,,,,,,,,,,,,,,,,,,,,,,,,,,,,,,,,,,,,,,,,,,,,,,,,,,,,
8.0,1158.0,1170.0,38.0,29.0,0.9897435897,7.01025641,1085.0,,,,,,,,,,,,,,,,,,,,,,,,,,,,,,,,,,,,,,,,,,,,,,,,,,,,,,,
8.0,1185.0,1209.0,38.0,30.0,0.9801488834,7.019851117,1086.0,,,,,,,,,,,,,,,,,,,,,,,,,,,,,,,,,,,,,,,,,,,,,,,,,,,,,,,
8.0,1208.0,1248.0,38.0,31.0,0.9679487179,7.032051282,1087.0,,,,,,,,,,,,,,,,,,,,,,,,,,,,,,,,,,,,,,,,,,,,,,,,,,,,,,,
8.0,1227.0,1287.0,38.0,32.0,0.9533799534,7.046620047,1088.0,,,,,,,,,,,,,,,,,,,,,,,,,,,,,,,,,,,,,,,,,,,,,,,,,,,,,,,
8.0,1242.0,1326.0,38.0,33.0,0.9366515837,7.063348416,1089.0,,,,,,,,,,,,,,,,,,,,,,,,,,,,,,,,,,,,,,,,,,,,,,,,,,,,,,,
8.0,1253.0,1365.0,38.0,34.0,0.9179487179,7.082051282,1090.0,,,,,,,,,,,,,,,,,,,,,,,,,,,,,,,,,,,,,,,,,,,,,,,,,,,,,,,
8.0,1260.0,1404.0,38.0,35.0,0.8974358974,7.102564103,1091.0,,,,,,,,,,,,,,,,,,,,,,,,,,,,,,,,,,,,,,,,,,,,,,,,,,,,,,,
8.0,1263.0,1443.0,38.0,36.0,0.8752598753,7.124740125,1092.0,,,,,,,,,,,,,,,,,,,,,,,,,,,,,,,,,,,,,,,,,,,,,,,,,,,,,,,
8.0,1262.0,1482.0,38.0,37.0,0.8515519568,7.148448043,1093.0,,,,,,,,,,,,,,,,,,,,,,,,,,,,,,,,,,,,,,,,,,,,,,,,,,,,,,,
8.0,1257.0,1521.0,38.0,38.0,0.8264299803,7.17357002,1094.0,,,,,,,,,,,,,,,,,,,,,,,,,,,,,,,,,,,,,,,,,,,,,,,,,,,,,,,
8.0,1116.0,1120.0,39.0,27.0,0.9964285714,7.003571429,1095.0,,,,,,,,,,,,,,,,,,,,,,,,,,,,,,,,,,,,,,,,,,,,,,,,,,,,,,,
8.0,1148.0,1160.0,39.0,28.0,0.9896551724,7.010344828,1096.0,,,,,,,,,,,,,,,,,,,,,,,,,,,,,,,,,,,,,,,,,,,,,,,,,,,,,,,
8.0,1176.0,1200.0,39.0,29.0,0.98,7.02,1097.0,,,,,,,,,,,,,,,,,,,,,,,,,,,,,,,,,,,,,,,,,,,,,,,,,,,,,,,
8.0,1200.0,1240.0,39.0,30.0,0.9677419355,7.032258065,1098.0,,,,,,,,,,,,,,,,,,,,,,,,,,,,,,,,,,,,,,,,,,,,,,,,,,,,,,,
8.0,1220.0,1280.0,39.0,31.0,0.953125,7.046875,1099.0,,,,,,,,,,,,,,,,,,,,,,,,,,,,,,,,,,,,,,,,,,,,,,,,,,,,,,,
8.0,1236.0,1320.0,39.0,32.0,0.9363636364,7.063636364,1100.0,,,,,,,,,,,,,,,,,,,,,,,,,,,,,,,,,,,,,,,,,,,,,,,,,,,,,,,
8.0,1248.0,1360.0,39.0,33.0,0.9176470588,7.082352941,1101.0,,,,,,,,,,,,,,,,,,,,,,,,,,,,,,,,,,,,,,,,,,,,,,,,,,,,,,,
8.0,1256.0,1400.0,39.0,34.0,0.8971428571,7.102857143,1102.0,,,,,,,,,,,,,,,,,,,,,,,,,,,,,,,,,,,,,,,,,,,,,,,,,,,,,,,
8.0,1260.0,1440.0,39.0,35.0,0.875,7.125,1103.0,,,,,,,,,,,,,,,,,,,,,,,,,,,,,,,,,,,,,,,,,,,,,,,,,,,,,,,
8.0,1260.0,1480.0,39.0,36.0,0.8513513514,7.148648649,1104.0,,,,,,,,,,,,,,,,,,,,,,,,,,,,,,,,,,,,,,,,,,,,,,,,,,,,,,,
8.0,1256.0,1520.0,39.0,37.0,0.8263157895,7.173684211,1105.0,,,,,,,,,,,,,,,,,,,,,,,,,,,,,,,,,,,,,,,,,,,,,,,,,,,,,,,
8.0,1248.0,1560.0,39.0,38.0,0.8,7.2,1106.0,,,,,,,,,,,,,,,,,,,,,,,,,,,,,,,,,,,,,,,,,,,,,,,,,,,,,,,
8.0,1236.0,1600.0,39.0,39.0,0.7725,7.2275,1107.0,,,,,,,,,,,,,,,,,,,,,,,,,,,,,,,,,,,,,,,,,,,,,,,,,,,,,,,
8.0,1140.0,1148.0,40.0,27.0,0.9930313589,7.006968641,1108.0,,,,,,,,,,,,,,,,,,,,,,,,,,,,,,,,,,,,,,,,,,,,,,,,,,,,,,,
8.0,1169.0,1189.0,40.0,28.0,0.9831791421,7.016820858,1109.0,,,,,,,,,,,,,,,,,,,,,,,,,,,,,,,,,,,,,,,,,,,,,,,,,,,,,,,
8.0,1194.0,1230.0,40.0,29.0,0.9707317073,7.029268293,1110.0,,,,,,,,,,,,,,,,,,,,,,,,,,,,,,,,,,,,,,,,,,,,,,,,,,,,,,,
8.0,1215.0,1271.0,40.0,30.0,0.9559402046,7.044059795,1111.0,,,,,,,,,,,,,,,,,,,,,,,,,,,,,,,,,,,,,,,,,,,,,,,,,,,,,,,
8.0,1232.0,1312.0,40.0,31.0,0.9390243902,7.06097561,1112.0,,,,,,,,,,,,,,,,,,,,,,,,,,,,,,,,,,,,,,,,,,,,,,,,,,,,,,,
8.0,1245.0,1353.0,40.0,32.0,0.9201773836,7.079822616,1113.0,,,,,,,,,,,,,,,,,,,,,,,,,,,,,,,,,,,,,,,,,,,,,,,,,,,,,,,
8.0,1254.0,1394.0,40.0,33.0,0.8995695839,7.100430416,1114.0,,,,,,,,,,,,,,,,,,,,,,,,,,,,,,,,,,,,,,,,,,,,,,,,,,,,,,,
8.0,1259.0,1435.0,40.0,34.0,0.8773519164,7.122648084,1115.0,,,,,,,,,,,,,,,,,,,,,,,,,,,,,,,,,,,,,,,,,,,,,,,,,,,,,,,
8.0,1260.0,1476.0,40.0,35.0,0.8536585366,7.146341463,1116.0,,,,,,,,,,,,,,,,,,,,,,,,,,,,,,,,,,,,,,,,,,,,,,,,,,,,,,,
8.0,1257.0,1517.0,40.0,36.0,0.8286090969,7.171390903,1117.0,,,,,,,,,,,,,,,,,,,,,,,,,,,,,,,,,,,,,,,,,,,,,,,,,,,,,,,
8.0,1250.0,1558.0,40.0,37.0,0.8023106547,7.197689345,1118.0,,,,,,,,,,,,,,,,,,,,,,,,,,,,,,,,,,,,,,,,,,,,,,,,,,,,,,,
8.0,1239.0,1599.0,40.0,38.0,0.7748592871,7.225140713,1119.0,,,,,,,,,,,,,,,,,,,,,,,,,,,,,,,,,,,,,,,,,,,,,,,,,,,,,,,
8.0,1224.0,1640.0,40.0,39.0,0.7463414634,7.253658537,1120.0,,,,,,,,,,,,,,,,,,,,,,,,,,,,,,,,,,,,,,,,,,,,,,,,,,,,,,,
8.0,1209.0,1681.0,40.0,40.0,0.7192147531,7.280785247,1121.0,,,,,,,,,,,,,,,,,,,,,,,,,,,,,,,,,,,,,,,,,,,,,,,,,,,,,,,
8.0,1130.0,1134.0,41.0,26.0,0.9964726631,7.003527337,1122.0,,,,,,,,,,,,,,,,,,,,,,,,,,,,,,,,,,,,,,,,,,,,,,,,,,,,,,,
8.0,1160.0,1176.0,41.0,27.0,0.9863945578,7.013605442,1123.0,,,,,,,,,,,,,,,,,,,,,,,,,,,,,,,,,,,,,,,,,,,,,,,,,,,,,,,
8.0,1186.0,1218.0,41.0,28.0,0.973727422,7.026272578,1124.0,,,,,,,,,,,,,,,,,,,,,,,,,,,,,,,,,,,,,,,,,,,,,,,,,,,,,,,
8.0,1208.0,1260.0,41.0,29.0,0.9587301587,7.041269841,1125.0,,,,,,,,,,,,,,,,,,,,,,,,,,,,,,,,,,,,,,,,,,,,,,,,,,,,,,,
8.0,1226.0,1302.0,41.0,30.0,0.9416282642,7.058371736,1126.0,,,,,,,,,,,,,,,,,,,,,,,,,,,,,,,,,,,,,,,,,,,,,,,,,,,,,,,
8.0,1240.0,1344.0,41.0,31.0,0.9226190476,7.077380952,1127.0,,,,,,,,,,,,,,,,,,,,,,,,,,,,,,,,,,,,,,,,,,,,,,,,,,,,,,,
8.0,1250.0,1386.0,41.0,32.0,0.9018759019,7.098124098,1128.0,,,,,,,,,,,,,,,,,,,,,,,,,,,,,,,,,,,,,,,,,,,,,,,,,,,,,,,
8.0,1256.0,1428.0,41.0,33.0,0.8795518207,7.120448179,1129.0,,,,,,,,,,,,,,,,,,,,,,,,,,,,,,,,,,,,,,,,,,,,,,,,,,,,,,,
8.0,1258.0,1470.0,41.0,34.0,0.8557823129,7.144217687,1130.0,,,,,,,,,,,,,,,,,,,,,,,,,,,,,,,,,,,,,,,,,,,,,,,,,,,,,,,
8.0,1256.0,1512.0,41.0,35.0,0.8306878307,7.169312169,1131.0,,,,,,,,,,,,,,,,,,,,,,,,,,,,,,,,,,,,,,,,,,,,,,,,,,,,,,,
8.0,1250.0,1554.0,41.0,36.0,0.8043758044,7.195624196,1132.0,,,,,,,,,,,,,,,,,,,,,,,,,,,,,,,,,,,,,,,,,,,,,,,,,,,,,,,
8.0,1240.0,1596.0,41.0,37.0,0.7769423559,7.223057644,1133.0,,,,,,,,,,,,,,,,,,,,,,,,,,,,,,,,,,,,,,,,,,,,,,,,,,,,,,,
8.0,1226.0,1638.0,41.0,38.0,0.7484737485,7.251526252,1134.0,,,,,,,,,,,,,,,,,,,,,,,,,,,,,,,,,,,,,,,,,,,,,,,,,,,,,,,
8.0,1208.0,1680.0,41.0,39.0,0.719047619,7.280952381,1135.0,,,,,,,,,,,,,,,,,,,,,,,,,,,,,,,,,,,,,,,,,,,,,,,,,,,,,,,
8.0,1190.0,1722.0,41.0,40.0,0.6910569106,7.308943089,1136.0,,,,,,,,,,,,,,,,,,,,,,,,,,,,,,,,,,,,,,,,,,,,,,,,,,,,,,,
8.0,1168.0,1764.0,41.0,41.0,0.6621315193,7.337868481,1137.0,,,,,,,,,,,,,,,,,,,,,,,,,,,,,,,,,,,,,,,,,,,,,,,,,,,,,,,
8.0,1114.0,1118.0,42.0,25.0,0.9964221825,7.003577818,1138.0,,,,,,,,,,,,,,,,,,,,,,,,,,,,,,,,,,,,,,,,,,,,,,,,,,,,,,,
8.0,1149.0,1161.0,42.0,26.0,0.9896640827,7.010335917,1139.0,,,,,,,,,,,,,,,,,,,,,,,,,,,,,,,,,,,,,,,,,,,,,,,,,,,,,,,
8.0,1176.0,1204.0,42.0,27.0,0.976744186,7.023255814,1140.0,,,,,,,,,,,,,,,,,,,,,,,,,,,,,,,,,,,,,,,,,,,,,,,,,,,,,,,
8.0,1199.0,1247.0,42.0,28.0,0.9615076183,7.038492382,1141.0,,,,,,,,,,,,,,,,,,,,,,,,,,,,,,,,,,,,,,,,,,,,,,,,,,,,,,,
8.0,1218.0,1290.0,42.0,29.0,0.9441860465,7.055813953,1142.0,,,,,,,,,,,,,,,,,,,,,,,,,,,,,,,,,,,,,,,,,,,,,,,,,,,,,,,
8.0,1233.0,1333.0,42.0,30.0,0.9249812453,7.075018755,1143.0,,,,,,,,,,,,,,,,,,,,,,,,,,,,,,,,,,,,,,,,,,,,,,,,,,,,,,,
8.0,1244.0,1376.0,42.0,31.0,0.9040697674,7.095930233,1144.0,,,,,,,,,,,,,,,,,,,,,,,,,,,,,,,,,,,,,,,,,,,,,,,,,,,,,,,
8.0,1251.0,1419.0,42.0,32.0,0.8816067653,7.118393235,1145.0,,,,,,,,,,,,,,,,,,,,,,,,,,,,,,,,,,,,,,,,,,,,,,,,,,,,,,,
8.0,1254.0,1462.0,42.0,33.0,0.8577291382,7.142270862,1146.0,,,,,,,,,,,,,,,,,,,,,,,,,,,,,,,,,,,,,,,,,,,,,,,,,,,,,,,
8.0,1253.0,1505.0,42.0,34.0,0.8325581395,7.16744186,1147.0,,,,,,,,,,,,,,,,,,,,,,,,,,,,,,,,,,,,,,,,,,,,,,,,,,,,,,,
8.0,1248.0,1548.0,42.0,35.0,0.8062015504,7.19379845,1148.0,,,,,,,,,,,,,,,,,,,,,,,,,,,,,,,,,,,,,,,,,,,,,,,,,,,,,,,
8.0,1239.0,1591.0,42.0,36.0,0.7787554997,7.2212445,1149.0,,,,,,,,,,,,,,,,,,,,,,,,,,,,,,,,,,,,,,,,,,,,,,,,,,,,,,,
8.0,1226.0,1634.0,42.0,37.0,0.7503059976,7.249694002,1150.0,,,,,,,,,,,,,,,,,,,,,,,,,,,,,,,,,,,,,,,,,,,,,,,,,,,,,,,
8.0,1209.0,1677.0,42.0,38.0,0.7209302326,7.279069767,1151.0,,,,,,,,,,,,,,,,,,,,,,,,,,,,,,,,,,,,,,,,,,,,,,,,,,,,,,,
8.0,1188.0,1720.0,42.0,39.0,0.6906976744,7.309302326,1152.0,,,,,,,,,,,,,,,,,,,,,,,,,,,,,,,,,,,,,,,,,,,,,,,,,,,,,,,
8.0,1167.0,1763.0,42.0,40.0,0.6619398752,7.338060125,1153.0,,,,,,,,,,,,,,,,,,,,,,,,,,,,,,,,,,,,,,,,,,,,,,,,,,,,,,,
8.0,1142.0,1806.0,42.0,41.0,0.6323366556,7.367663344,1154.0,,,,,,,,,,,,,,,,,,,,,,,,,,,,,,,,,,,,,,,,,,,,,,,,,,,,,,,
8.0,1113.0,1849.0,42.0,42.0,0.6019469984,7.398053002,1155.0,,,,,,,,,,,,,,,,,,,,,,,,,,,,,,,,,,,,,,,,,,,,,,,,,,,,,,,
8.0,1136.0,1144.0,43.0,25.0,0.993006993,7.006993007,1156.0,,,,,,,,,,,,,,,,,,,,,,,,,,,,,,,,,,,,,,,,,,,,,,,,,,,,,,,
8.0,1168.0,1188.0,43.0,26.0,0.9831649832,7.016835017,1157.0,,,,,,,,,,,,,,,,,,,,,,,,,,,,,,,,,,,,,,,,,,,,,,,,,,,,,,,
8.0,1192.0,1232.0,43.0,27.0,0.9675324675,7.032467532,1158.0,,,,,,,,,,,,,,,,,,,,,,,,,,,,,,,,,,,,,,,,,,,,,,,,,,,,,,,
8.0,1212.0,1276.0,43.0,28.0,0.9498432602,7.05015674,1159.0,,,,,,,,,,,,,,,,,,,,,,,,,,,,,,,,,,,,,,,,,,,,,,,,,,,,,,,
8.0,1228.0,1320.0,43.0,29.0,0.9303030303,7.06969697,1160.0,,,,,,,,,,,,,,,,,,,,,,,,,,,,,,,,,,,,,,,,,,,,,,,,,,,,,,,
8.0,1240.0,1364.0,43.0,30.0,0.9090909091,7.090909091,1161.0,,,,,,,,,,,,,,,,,,,,,,,,,,,,,,,,,,,,,,,,,,,,,,,,,,,,,,,
8.0,1248.0,1408.0,43.0,31.0,0.8863636364,7.113636364,1162.0,,,,,,,,,,,,,,,,,,,,,,,,,,,,,,,,,,,,,,,,,,,,,,,,,,,,,,,
8.0,1252.0,1452.0,43.0,32.0,0.8622589532,7.137741047,1163.0,,,,,,,,,,,,,,,,,,,,,,,,,,,,,,,,,,,,,,,,,,,,,,,,,,,,,,,
8.0,1252.0,1496.0,43.0,33.0,0.8368983957,7.163101604,1164.0,,,,,,,,,,,,,,,,,,,,,,,,,,,,,,,,,,,,,,,,,,,,,,,,,,,,,,,
8.0,1248.0,1540.0,43.0,34.0,0.8103896104,7.18961039,1165.0,,,,,,,,,,,,,,,,,,,,,,,,,,,,,,,,,,,,,,,,,,,,,,,,,,,,,,,
8.0,1240.0,1584.0,43.0,35.0,0.7828282828,7.217171717,1166.0,,,,,,,,,,,,,,,,,,,,,,,,,,,,,,,,,,,,,,,,,,,,,,,,,,,,,,,
8.0,1228.0,1628.0,43.0,36.0,0.7542997543,7.245700246,1167.0,,,,,,,,,,,,,,,,,,,,,,,,,,,,,,,,,,,,,,,,,,,,,,,,,,,,,,,
8.0,1212.0,1672.0,43.0,37.0,0.7248803828,7.275119617,1168.0,,,,,,,,,,,,,,,,,,,,,,,,,,,,,,,,,,,,,,,,,,,,,,,,,,,,,,,
8.0,1192.0,1716.0,43.0,38.0,0.6946386946,7.305361305,1169.0,,,,,,,,,,,,,,,,,,,,,,,,,,,,,,,,,,,,,,,,,,,,,,,,,,,,,,,
8.0,1168.0,1760.0,43.0,39.0,0.6636363636,7.336363636,1170.0,,,,,,,,,,,,,,,,,,,,,,,,,,,,,,,,,,,,,,,,,,,,,,,,,,,,,,,
8.0,1144.0,1804.0,43.0,40.0,0.6341463415,7.365853659,1171.0,,,,,,,,,,,,,,,,,,,,,,,,,,,,,,,,,,,,,,,,,,,,,,,,,,,,,,,
8.0,1116.0,1848.0,43.0,41.0,0.6038961039,7.396103896,1172.0,,,,,,,,,,,,,,,,,,,,,,,,,,,,,,,,,,,,,,,,,,,,,,,,,,,,,,,
8.0,1084.0,1892.0,43.0,42.0,0.5729386892,7.427061311,1173.0,,,,,,,,,,,,,,,,,,,,,,,,,,,,,,,,,,,,,,,,,,,,,,,,,,,,,,,
8.0,1052.0,1936.0,43.0,43.0,0.5433884298,7.45661157,1174.0,,,,,,,,,,,,,,,,,,,,,,,,,,,,,,,,,,,,,,,,,,,,,,,,,,,,,,,
8.0,1121.0,1125.0,44.0,24.0,0.9964444444,7.003555556,1175.0,,,,,,,,,,,,,,,,,,,,,,,,,,,,,,,,,,,,,,,,,,,,,,,,,,,,,,,
8.0,1154.0,1170.0,44.0,25.0,0.9863247863,7.013675214,1176.0,,,,,,,,,,,,,,,,,,,,,,,,,,,,,,,,,,,,,,,,,,,,,,,,,,,,,,,
8.0,1183.0,1215.0,44.0,26.0,0.9736625514,7.026337449,1177.0,,,,,,,,,,,,,,,,,,,,,,,,,,,,,,,,,,,,,,,,,,,,,,,,,,,,,,,
8.0,1204.0,1260.0,44.0,27.0,0.9555555556,7.044444444,1178.0,,,,,,,,,,,,,,,,,,,,,,,,,,,,,,,,,,,,,,,,,,,,,,,,,,,,,,,
8.0,1221.0,1305.0,44.0,28.0,0.9356321839,7.064367816,1179.0,,,,,,,,,,,,,,,,,,,,,,,,,,,,,,,,,,,,,,,,,,,,,,,,,,,,,,,
8.0,1234.0,1350.0,44.0,29.0,0.9140740741,7.085925926,1180.0,,,,,,,,,,,,,,,,,,,,,,,,,,,,,,,,,,,,,,,,,,,,,,,,,,,,,,,
8.0,1243.0,1395.0,44.0,30.0,0.8910394265,7.108960573,1181.0,,,,,,,,,,,,,,,,,,,,,,,,,,,,,,,,,,,,,,,,,,,,,,,,,,,,,,,
8.0,1248.0,1440.0,44.0,31.0,0.8666666667,7.133333333,1182.0,,,,,,,,,,,,,,,,,,,,,,,,,,,,,,,,,,,,,,,,,,,,,,,,,,,,,,,
8.0,1249.0,1485.0,44.0,32.0,0.8410774411,7.158922559,1183.0,,,,,,,,,,,,,,,,,,,,,,,,,,,,,,,,,,,,,,,,,,,,,,,,,,,,,,,
8.0,1246.0,1530.0,44.0,33.0,0.814379085,7.185620915,1184.0,,,,,,,,,,,,,,,,,,,,,,,,,,,,,,,,,,,,,,,,,,,,,,,,,,,,,,,
8.0,1239.0,1575.0,44.0,34.0,0.7866666667,7.213333333,1185.0,,,,,,,,,,,,,,,,,,,,,,,,,,,,,,,,,,,,,,,,,,,,,,,,,,,,,,,
8.0,1228.0,1620.0,44.0,35.0,0.7580246914,7.241975309,1186.0,,,,,,,,,,,,,,,,,,,,,,,,,,,,,,,,,,,,,,,,,,,,,,,,,,,,,,,
8.0,1213.0,1665.0,44.0,36.0,0.7285285285,7.271471471,1187.0,,,,,,,,,,,,,,,,,,,,,,,,,,,,,,,,,,,,,,,,,,,,,,,,,,,,,,,
8.0,1194.0,1710.0,44.0,37.0,0.698245614,7.301754386,1188.0,,,,,,,,,,,,,,,,,,,,,,,,,,,,,,,,,,,,,,,,,,,,,,,,,,,,,,,
8.0,1171.0,1755.0,44.0,38.0,0.6672364672,7.332763533,1189.0,,,,,,,,,,,,,,,,,,,,,,,,,,,,,,,,,,,,,,,,,,,,,,,,,,,,,,,
8.0,1144.0,1800.0,44.0,39.0,0.6355555556,7.364444444,1190.0,,,,,,,,,,,,,,,,,,,,,,,,,,,,,,,,,,,,,,,,,,,,,,,,,,,,,,,
8.0,1117.0,1845.0,44.0,40.0,0.6054200542,7.394579946,1191.0,,,,,,,,,,,,,,,,,,,,,,,,,,,,,,,,,,,,,,,,,,,,,,,,,,,,,,,
8.0,1086.0,1890.0,44.0,41.0,0.5746031746,7.425396825,1192.0,,,,,,,,,,,,,,,,,,,,,,,,,,,,,,,,,,,,,,,,,,,,,,,,,,,,,,,
8.0,1051.0,1935.0,44.0,42.0,0.5431524548,7.456847545,1193.0,,,,,,,,,,,,,,,,,,,,,,,,,,,,,,,,,,,,,,,,,,,,,,,,,,,,,,,
8.0,1016.0,1980.0,44.0,43.0,0.5131313131,7.486868687,1194.0,,,,,,,,,,,,,,,,,,,,,,,,,,,,,,,,,,,,,,,,,,,,,,,,,,,,,,,
8.0,977.0,2025.0,44.0,44.0,0.4824691358,7.517530864,1195.0,,,,,,,,,,,,,,,,,,,,,,,,,,,,,,,,,,,,,,,,,,,,,,,,,,,,,,,
8.0,1142.0,1150.0,45.0,24.0,0.9930434783,7.006956522,1196.0,,,,,,,,,,,,,,,,,,,,,,,,,,,,,,,,,,,,,,,,,,,,,,,,,,,,,,,
8.0,1172.0,1196.0,45.0,25.0,0.9799331104,7.02006689,1197.0,,,,,,,,,,,,,,,,,,,,,,,,,,,,,,,,,,,,,,,,,,,,,,,,,,,,,,,
8.0,1198.0,1242.0,45.0,26.0,0.9645732689,7.035426731,1198.0,,,,,,,,,,,,,,,,,,,,,,,,,,,,,,,,,,,,,,,,,,,,,,,,,,,,,,,
8.0,1216.0,1288.0,45.0,27.0,0.9440993789,7.055900621,1199.0,,,,,,,,,,,,,,,,,,,,,,,,,,,,,,,,,,,,,,,,,,,,,,,,,,,,,,,
8.0,1230.0,1334.0,45.0,28.0,0.9220389805,7.077961019,1200.0,,,,,,,,,,,,,,,,,,,,,,,,,,,,,,,,,,,,,,,,,,,,,,,,,,,,,,,
8.0,1240.0,1380.0,45.0,29.0,0.8985507246,7.101449275,1201.0,,,,,,,,,,,,,,,,,,,,,,,,,,,,,,,,,,,,,,,,,,,,,,,,,,,,,,,
8.0,1246.0,1426.0,45.0,30.0,0.873772791,7.126227209,1202.0,,,,,,,,,,,,,,,,,,,,,,,,,,,,,,,,,,,,,,,,,,,,,,,,,,,,,,,
8.0,1248.0,1472.0,45.0,31.0,0.847826087,7.152173913,1203.0,,,,,,,,,,,,,,,,,,,,,,,,,,,,,,,,,,,,,,,,,,,,,,,,,,,,,,,
8.0,1246.0,1518.0,45.0,32.0,0.8208168643,7.179183136,1204.0,,,,,,,,,,,,,,,,,,,,,,,,,,,,,,,,,,,,,,,,,,,,,,,,,,,,,,,
8.0,1240.0,1564.0,45.0,33.0,0.7928388747,7.207161125,1205.0,,,,,,,,,,,,,,,,,,,,,,,,,,,,,,,,,,,,,,,,,,,,,,,,,,,,,,,
8.0,1230.0,1610.0,45.0,34.0,0.7639751553,7.236024845,1206.0,,,,,,,,,,,,,,,,,,,,,,,,,,,,,,,,,,,,,,,,,,,,,,,,,,,,,,,
8.0,1216.0,1656.0,45.0,35.0,0.7342995169,7.265700483,1207.0,,,,,,,,,,,,,,,,,,,,,,,,,,,,,,,,,,,,,,,,,,,,,,,,,,,,,,,
8.0,1198.0,1702.0,45.0,36.0,0.7038777908,7.296122209,1208.0,,,,,,,,,,,,,,,,,,,,,,,,,,,,,,,,,,,,,,,,,,,,,,,,,,,,,,,
8.0,1176.0,1748.0,45.0,37.0,0.6727688787,7.327231121,1209.0,,,,,,,,,,,,,,,,,,,,,,,,,,,,,,,,,,,,,,,,,,,,,,,,,,,,,,,
8.0,1150.0,1794.0,45.0,38.0,0.641025641,7.358974359,1210.0,,,,,,,,,,,,,,,,,,,,,,,,,,,,,,,,,,,,,,,,,,,,,,,,,,,,,,,
8.0,1120.0,1840.0,45.0,39.0,0.6086956522,7.391304348,1211.0,,,,,,,,,,,,,,,,,,,,,,,,,,,,,,,,,,,,,,,,,,,,,,,,,,,,,,,
8.0,1090.0,1886.0,45.0,40.0,0.5779427359,7.422057264,1212.0,,,,,,,,,,,,,,,,,,,,,,,,,,,,,,,,,,,,,,,,,,,,,,,,,,,,,,,
8.0,1056.0,1932.0,45.0,41.0,0.5465838509,7.453416149,1213.0,,,,,,,,,,,,,,,,,,,,,,,,,,,,,,,,,,,,,,,,,,,,,,,,,,,,,,,
8.0,1018.0,1978.0,45.0,42.0,0.514661274,7.485338726,1214.0,,,,,,,,,,,,,,,,,,,,,,,,,,,,,,,,,,,,,,,,,,,,,,,,,,,,,,,
8.0,980.0,2024.0,45.0,43.0,0.4841897233,7.515810277,1215.0,,,,,,,,,,,,,,,,,,,,,,,,,,,,,,,,,,,,,,,,,,,,,,,,,,,,,,,
8.0,938.0,2070.0,45.0,44.0,0.4531400966,7.546859903,1216.0,,,,,,,,,,,,,,,,,,,,,,,,,,,,,,,,,,,,,,,,,,,,,,,,,,,,,,,
8.0,896.0,2116.0,45.0,45.0,0.4234404537,7.576559546,1217.0,,,,,,,,,,,,,,,,,,,,,,,,,,,,,,,,,,,,,,,,,,,,,,,,,,,,,,,
8.0,1124.0,1128.0,46.0,23.0,0.9964539007,7.003546099,1218.0,,,,,,,,,,,,,,,,,,,,,,,,,,,,,,,,,,,,,,,,,,,,,,,,,,,,,,,
8.0,1159.0,1175.0,46.0,24.0,0.9863829787,7.013617021,1219.0,,,,,,,,,,,,,,,,,,,,,,,,,,,,,,,,,,,,,,,,,,,,,,,,,,,,,,,
8.0,1186.0,1222.0,46.0,25.0,0.9705400982,7.029459902,1220.0,,,,,,,,,,,,,,,,,,,,,,,,,,,,,,,,,,,,,,,,,,,,,,,,,,,,,,,
8.0,1209.0,1269.0,46.0,26.0,0.9527186761,7.047281324,1221.0,,,,,,,,,,,,,,,,,,,,,,,,,,,,,,,,,,,,,,,,,,,,,,,,,,,,,,,
8.0,1224.0,1316.0,46.0,27.0,0.9300911854,7.069908815,1222.0,,,,,,,,,,,,,,,,,,,,,,,,,,,,,,,,,,,,,,,,,,,,,,,,,,,,,,,
8.0,1235.0,1363.0,46.0,28.0,0.9060895084,7.093910492,1223.0,,,,,,,,,,,,,,,,,,,,,,,,,,,,,,,,,,,,,,,,,,,,,,,,,,,,,,,
8.0,1242.0,1410.0,46.0,29.0,0.8808510638,7.119148936,1224.0,,,,,,,,,,,,,,,,,,,,,,,,,,,,,,,,,,,,,,,,,,,,,,,,,,,,,,,
8.0,1245.0,1457.0,46.0,30.0,0.8544955388,7.145504461,1225.0,,,,,,,,,,,,,,,,,,,,,,,,,,,,,,,,,,,,,,,,,,,,,,,,,,,,,,,
8.0,1244.0,1504.0,46.0,31.0,0.8271276596,7.17287234,1226.0,,,,,,,,,,,,,,,,,,,,,,,,,,,,,,,,,,,,,,,,,,,,,,,,,,,,,,,
8.0,1239.0,1551.0,46.0,32.0,0.7988394584,7.201160542,1227.0,,,,,,,,,,,,,,,,,,,,,,,,,,,,,,,,,,,,,,,,,,,,,,,,,,,,,,,
8.0,1230.0,1598.0,46.0,33.0,0.7697121402,7.23028786,1228.0,,,,,,,,,,,,,,,,,,,,,,,,,,,,,,,,,,,,,,,,,,,,,,,,,,,,,,,
8.0,1217.0,1645.0,46.0,34.0,0.7398176292,7.260182371,1229.0,,,,,,,,,,,,,,,,,,,,,,,,,,,,,,,,,,,,,,,,,,,,,,,,,,,,,,,
8.0,1200.0,1692.0,46.0,35.0,0.7092198582,7.290780142,1230.0,,,,,,,,,,,,,,,,,,,,,,,,,,,,,,,,,,,,,,,,,,,,,,,,,,,,,,,
8.0,1179.0,1739.0,46.0,36.0,0.6779758482,7.322024152,1231.0,,,,,,,,,,,,,,,,,,,,,,,,,,,,,,,,,,,,,,,,,,,,,,,,,,,,,,,
8.0,1154.0,1786.0,46.0,37.0,0.6461366181,7.353863382,1232.0,,,,,,,,,,,,,,,,,,,,,,,,,,,,,,,,,,,,,,,,,,,,,,,,,,,,,,,
8.0,1125.0,1833.0,46.0,38.0,0.6137479542,7.386252046,1233.0,,,,,,,,,,,,,,,,,,,,,,,,,,,,,,,,,,,,,,,,,,,,,,,,,,,,,,,
8.0,1092.0,1880.0,46.0,39.0,0.5808510638,7.419148936,1234.0,,,,,,,,,,,,,,,,,,,,,,,,,,,,,,,,,,,,,,,,,,,,,,,,,,,,,,,
8.0,1059.0,1927.0,46.0,40.0,0.5495588998,7.4504411,1235.0,,,,,,,,,,,,,,,,,,,,,,,,,,,,,,,,,,,,,,,,,,,,,,,,,,,,,,,
8.0,1022.0,1974.0,46.0,41.0,0.5177304965,7.482269504,1236.0,,,,,,,,,,,,,,,,,,,,,,,,,,,,,,,,,,,,,,,,,,,,,,,,,,,,,,,
8.0,981.0,2021.0,46.0,42.0,0.4854032657,7.514596734,1237.0,,,,,,,,,,,,,,,,,,,,,,,,,,,,,,,,,,,,,,,,,,,,,,,,,,,,,,,
8.0,940.0,2068.0,46.0,43.0,0.4545454545,7.545454545,1238.0,,,,,,,,,,,,,,,,,,,,,,,,,,,,,,,,,,,,,,,,,,,,,,,,,,,,,,,
8.0,895.0,2115.0,46.0,44.0,0.4231678487,7.576832151,1239.0,,,,,,,,,,,,,,,,,,,,,,,,,,,,,,,,,,,,,,,,,,,,,,,,,,,,,,,
8.0,850.0,2162.0,46.0,45.0,0.3931544866,7.606845513,1240.0,,,,,,,,,,,,,,,,,,,,,,,,,,,,,,,,,,,,,,,,,,,,,,,,,,,,,,,
8.0,805.0,2209.0,46.0,46.0,0.3644182888,7.635581711,1241.0,,,,,,,,,,,,,,,,,,,,,,,,,,,,,,,,,,,,,,,,,,,,,,,,,,,,,,,
8.0,1144.0,1152.0,47.0,23.0,0.9930555556,7.006944444,1242.0,,,,,,,,,,,,,,,,,,,,,,,,,,,,,,,,,,,,,,,,,,,,,,,,,,,,,,,
8.0,1176.0,1200.0,47.0,24.0,0.98,7.02,1243.0,,,,,,,,,,,,,,,,,,,,,,,,,,,,,,,,,,,,,,,,,,,,,,,,,,,,,,,
8.0,1200.0,1248.0,47.0,25.0,0.9615384615,7.038461538,1244.0,,,,,,,,,,,,,,,,,,,,,,,,,,,,,,,,,,,,,,,,,,,,,,,,,,,,,,,
8.0,1220.0,1296.0,47.0,26.0,0.9413580247,7.058641975,1245.0,,,,,,,,,,,,,,,,,,,,,,,,,,,,,,,,,,,,,,,,,,,,,,,,,,,,,,,
8.0,1232.0,1344.0,47.0,27.0,0.9166666667,7.083333333,1246.0,,,,,,,,,,,,,,,,,,,,,,,,,,,,,,,,,,,,,,,,,,,,,,,,,,,,,,,
8.0,1240.0,1392.0,47.0,28.0,0.8908045977,7.109195402,1247.0,,,,,,,,,,,,,,,,,,,,,,,,,,,,,,,,,,,,,,,,,,,,,,,,,,,,,,,
8.0,1244.0,1440.0,47.0,29.0,0.8638888889,7.136111111,1248.0,,,,,,,,,,,,,,,,,,,,,,,,,,,,,,,,,,,,,,,,,,,,,,,,,,,,,,,
8.0,1244.0,1488.0,47.0,30.0,0.8360215054,7.163978495,1249.0,,,,,,,,,,,,,,,,,,,,,,,,,,,,,,,,,,,,,,,,,,,,,,,,,,,,,,,
8.0,1240.0,1536.0,47.0,31.0,0.8072916667,7.192708333,1250.0,,,,,,,,,,,,,,,,,,,,,,,,,,,,,,,,,,,,,,,,,,,,,,,,,,,,,,,
8.0,1232.0,1584.0,47.0,32.0,0.7777777778,7.222222222,1251.0,,,,,,,,,,,,,,,,,,,,,,,,,,,,,,,,,,,,,,,,,,,,,,,,,,,,,,,
8.0,1220.0,1632.0,47.0,33.0,0.7475490196,7.25245098,1252.0,,,,,,,,,,,,,,,,,,,,,,,,,,,,,,,,,,,,,,,,,,,,,,,,,,,,,,,
8.0,1204.0,1680.0,47.0,34.0,0.7166666667,7.283333333,1253.0,,,,,,,,,,,,,,,,,,,,,,,,,,,,,,,,,,,,,,,,,,,,,,,,,,,,,,,
8.0,1184.0,1728.0,47.0,35.0,0.6851851852,7.314814815,1254.0,,,,,,,,,,,,,,,,,,,,,,,,,,,,,,,,,,,,,,,,,,,,,,,,,,,,,,,
8.0,1160.0,1776.0,47.0,36.0,0.6531531532,7.346846847,1255.0,,,,,,,,,,,,,,,,,,,,,,,,,,,,,,,,,,,,,,,,,,,,,,,,,,,,,,,
8.0,1132.0,1824.0,47.0,37.0,0.6206140351,7.379385965,1256.0,,,,,,,,,,,,,,,,,,,,,,,,,,,,,,,,,,,,,,,,,,,,,,,,,,,,,,,
8.0,1100.0,1872.0,47.0,38.0,0.5876068376,7.412393162,1257.0,,,,,,,,,,,,,,,,,,,,,,,,,,,,,,,,,,,,,,,,,,,,,,,,,,,,,,,
8.0,1064.0,1920.0,47.0,39.0,0.5541666667,7.445833333,1258.0,,,,,,,,,,,,,,,,,,,,,,,,,,,,,,,,,,,,,,,,,,,,,,,,,,,,,,,
8.0,1028.0,1968.0,47.0,40.0,0.5223577236,7.477642276,1259.0,,,,,,,,,,,,,,,,,,,,,,,,,,,,,,,,,,,,,,,,,,,,,,,,,,,,,,,
8.0,988.0,2016.0,47.0,41.0,0.4900793651,7.509920635,1260.0,,,,,,,,,,,,,,,,,,,,,,,,,,,,,,,,,,,,,,,,,,,,,,,,,,,,,,,
8.0,944.0,2064.0,47.0,42.0,0.4573643411,7.542635659,1261.0,,,,,,,,,,,,,,,,,,,,,,,,,,,,,,,,,,,,,,,,,,,,,,,,,,,,,,,
8.0,900.0,2112.0,47.0,43.0,0.4261363636,7.573863636,1262.0,,,,,,,,,,,,,,,,,,,,,,,,,,,,,,,,,,,,,,,,,,,,,,,,,,,,,,,
8.0,852.0,2160.0,47.0,44.0,0.3944444444,7.605555556,1263.0,,,,,,,,,,,,,,,,,,,,,,,,,,,,,,,,,,,,,,,,,,,,,,,,,,,,,,,
8.0,804.0,2208.0,47.0,45.0,0.3641304348,7.635869565,1264.0,,,,,,,,,,,,,,,,,,,,,,,,,,,,,,,,,,,,,,,,,,,,,,,,,,,,,,,
8.0,760.0,2256.0,47.0,46.0,0.3368794326,7.663120567,1265.0,,,,,,,,,,,,,,,,,,,,,,,,,,,,,,,,,,,,,,,,,,,,,,,,,,,,,,,
8.0,716.0,2304.0,47.0,47.0,0.3107638889,7.689236111,1266.0,,,,,,,,,,,,,,,,,,,,,,,,,,,,,,,,,,,,,,,,,,,,,,,,,,,,,,,
8.0,1123.0,1127.0,48.0,22.0,0.9964507542,7.003549246,1267.0,,,,,,,,,,,,,,,,,,,,,,,,,,,,,,,,,,,,,,,,,,,,,,,,,,,,,,,
8.0,1160.0,1176.0,48.0,23.0,0.9863945578,7.013605442,1268.0,,,,,,,,,,,,,,,,,,,,,,,,,,,,,,,,,,,,,,,,,,,,,,,,,,,,,,,
8.0,1189.0,1225.0,48.0,24.0,0.9706122449,7.029387755,1269.0,,,,,,,,,,,,,,,,,,,,,,,,,,,,,,,,,,,,,,,,,,,,,,,,,,,,,,,
8.0,1210.0,1274.0,48.0,25.0,0.9497645212,7.050235479,1270.0,,,,,,,,,,,,,,,,,,,,,,,,,,,,,,,,,,,,,,,,,,,,,,,,,,,,,,,
8.0,1227.0,1323.0,48.0,26.0,0.9274376417,7.072562358,1271.0,,,,,,,,,,,,,,,,,,,,,,,,,,,,,,,,,,,,,,,,,,,,,,,,,,,,,,,
8.0,1236.0,1372.0,48.0,27.0,0.9008746356,7.099125364,1272.0,,,,,,,,,,,,,,,,,,,,,,,,,,,,,,,,,,,,,,,,,,,,,,,,,,,,,,,
8.0,1241.0,1421.0,48.0,28.0,0.8733286418,7.126671358,1273.0,,,,,,,,,,,,,,,,,,,,,,,,,,,,,,,,,,,,,,,,,,,,,,,,,,,,,,,
8.0,1242.0,1470.0,48.0,29.0,0.8448979592,7.155102041,1274.0,,,,,,,,,,,,,,,,,,,,,,,,,,,,,,,,,,,,,,,,,,,,,,,,,,,,,,,
8.0,1239.0,1519.0,48.0,30.0,0.8156682028,7.184331797,1275.0,,,,,,,,,,,,,,,,,,,,,,,,,,,,,,,,,,,,,,,,,,,,,,,,,,,,,,,
8.0,1232.0,1568.0,48.0,31.0,0.7857142857,7.214285714,1276.0,,,,,,,,,,,,,,,,,,,,,,,,,,,,,,,,,,,,,,,,,,,,,,,,,,,,,,,
8.0,1221.0,1617.0,48.0,32.0,0.7551020408,7.244897959,1277.0,,,,,,,,,,,,,,,,,,,,,,,,,,,,,,,,,,,,,,,,,,,,,,,,,,,,,,,
8.0,1206.0,1666.0,48.0,33.0,0.7238895558,7.276110444,1278.0,,,,,,,,,,,,,,,,,,,,,,,,,,,,,,,,,,,,,,,,,,,,,,,,,,,,,,,
8.0,1187.0,1715.0,48.0,34.0,0.6921282799,7.30787172,1279.0,,,,,,,,,,,,,,,,,,,,,,,,,,,,,,,,,,,,,,,,,,,,,,,,,,,,,,,
8.0,1164.0,1764.0,48.0,35.0,0.6598639456,7.340136054,1280.0,,,,,,,,,,,,,,,,,,,,,,,,,,,,,,,,,,,,,,,,,,,,,,,,,,,,,,,
8.0,1137.0,1813.0,48.0,36.0,0.6271373414,7.372862659,1281.0,,,,,,,,,,,,,,,,,,,,,,,,,,,,,,,,,,,,,,,,,,,,,,,,,,,,,,,
8.0,1106.0,1862.0,48.0,37.0,0.5939849624,7.406015038,1282.0,,,,,,,,,,,,,,,,,,,,,,,,,,,,,,,,,,,,,,,,,,,,,,,,,,,,,,,
8.0,1071.0,1911.0,48.0,38.0,0.5604395604,7.43956044,1283.0,,,,,,,,,,,,,,,,,,,,,,,,,,,,,,,,,,,,,,,,,,,,,,,,,,,,,,,
8.0,1032.0,1960.0,48.0,39.0,0.5265306122,7.473469388,1284.0,,,,,,,,,,,,,,,,,,,,,,,,,,,,,,,,,,,,,,,,,,,,,,,,,,,,,,,
8.0,993.0,2009.0,48.0,40.0,0.4942757591,7.505724241,1285.0,,,,,,,,,,,,,,,,,,,,,,,,,,,,,,,,,,,,,,,,,,,,,,,,,,,,,,,
8.0,950.0,2058.0,48.0,41.0,0.4616132167,7.538386783,1286.0,,,,,,,,,,,,,,,,,,,,,,,,,,,,,,,,,,,,,,,,,,,,,,,,,,,,,,,
8.0,903.0,2107.0,48.0,42.0,0.4285714286,7.571428571,1287.0,,,,,,,,,,,,,,,,,,,,,,,,,,,,,,,,,,,,,,,,,,,,,,,,,,,,,,,
8.0,856.0,2156.0,48.0,43.0,0.3970315399,7.60296846,1288.0,,,,,,,,,,,,,,,,,,,,,,,,,,,,,,,,,,,,,,,,,,,,,,,,,,,,,,,
8.0,809.0,2205.0,48.0,44.0,0.366893424,7.633106576,1289.0,,,,,,,,,,,,,,,,,,,,,,,,,,,,,,,,,,,,,,,,,,,,,,,,,,,,,,,
8.0,762.0,2254.0,48.0,45.0,0.338065661,7.661934339,1290.0,,,,,,,,,,,,,,,,,,,,,,,,,,,,,,,,,,,,,,,,,,,,,,,,,,,,,,,
8.0,719.0,2303.0,48.0,46.0,0.3122014763,7.687798524,1291.0,,,,,,,,,,,,,,,,,,,,,,,,,,,,,,,,,,,,,,,,,,,,,,,,,,,,,,,
8.0,676.0,2352.0,48.0,47.0,0.287414966,7.712585034,1292.0,,,,,,,,,,,,,,,,,,,,,,,,,,,,,,,,,,,,,,,,,,,,,,,,,,,,,,,
8.0,637.0,2401.0,48.0,48.0,0.2653061224,7.734693878,1293.0,,,,,,,,,,,,,,,,,,,,,,,,,,,,,,,,,,,,,,,,,,,,,,,,,,,,,,,
8.0,1142.0,1150.0,49.0,22.0,0.9930434783,7.006956522,1294.0,,,,,,,,,,,,,,,,,,,,,,,,,,,,,,,,,,,,,,,,,,,,,,,,,,,,,,,
8.0,1176.0,1200.0,49.0,23.0,0.98,7.02,1295.0,,,,,,,,,,,,,,,,,,,,,,,,,,,,,,,,,,,,,,,,,,,,,,,,,,,,,,,
8.0,1202.0,1250.0,49.0,24.0,0.9616,7.0384,1296.0,,,,,,,,,,,,,,,,,,,,,,,,,,,,,,,,,,,,,,,,,,,,,,,,,,,,,,,
8.0,1220.0,1300.0,49.0,25.0,0.9384615385,7.061538462,1297.0,,,,,,,,,,,,,,,,,,,,,,,,,,,,,,,,,,,,,,,,,,,,,,,,,,,,,,,
8.0,1234.0,1350.0,49.0,26.0,0.9140740741,7.085925926,1298.0,,,,,,,,,,,,,,,,,,,,,,,,,,,,,,,,,,,,,,,,,,,,,,,,,,,,,,,
8.0,1240.0,1400.0,49.0,27.0,0.8857142857,7.114285714,1299.0,,,,,,,,,,,,,,,,,,,,,,,,,,,,,,,,,,,,,,,,,,,,,,,,,,,,,,,
8.0,1242.0,1450.0,49.0,28.0,0.8565517241,7.143448276,1300.0,,,,,,,,,,,,,,,,,,,,,,,,,,,,,,,,,,,,,,,,,,,,,,,,,,,,,,,
8.0,1240.0,1500.0,49.0,29.0,0.8266666667,7.173333333,1301.0,,,,,,,,,,,,,,,,,,,,,,,,,,,,,,,,,,,,,,,,,,,,,,,,,,,,,,,
8.0,1234.0,1550.0,49.0,30.0,0.7961290323,7.203870968,1302.0,,,,,,,,,,,,,,,,,,,,,,,,,,,,,,,,,,,,,,,,,,,,,,,,,,,,,,,
8.0,1224.0,1600.0,49.0,31.0,0.765,7.235,1303.0,,,,,,,,,,,,,,,,,,,,,,,,,,,,,,,,,,,,,,,,,,,,,,,,,,,,,,,
8.0,1210.0,1650.0,49.0,32.0,0.7333333333,7.266666667,1304.0,,,,,,,,,,,,,,,,,,,,,,,,,,,,,,,,,,,,,,,,,,,,,,,,,,,,,,,
8.0,1192.0,1700.0,49.0,33.0,0.7011764706,7.298823529,1305.0,,,,,,,,,,,,,,,,,,,,,,,,,,,,,,,,,,,,,,,,,,,,,,,,,,,,,,,
8.0,1170.0,1750.0,49.0,34.0,0.6685714286,7.331428571,1306.0,,,,,,,,,,,,,,,,,,,,,,,,,,,,,,,,,,,,,,,,,,,,,,,,,,,,,,,
8.0,1144.0,1800.0,49.0,35.0,0.6355555556,7.364444444,1307.0,,,,,,,,,,,,,,,,,,,,,,,,,,,,,,,,,,,,,,,,,,,,,,,,,,,,,,,
8.0,1114.0,1850.0,49.0,36.0,0.6021621622,7.397837838,1308.0,,,,,,,,,,,,,,,,,,,,,,,,,,,,,,,,,,,,,,,,,,,,,,,,,,,,,,,
8.0,1080.0,1900.0,49.0,37.0,0.5684210526,7.431578947,1309.0,,,,,,,,,,,,,,,,,,,,,,,,,,,,,,,,,,,,,,,,,,,,,,,,,,,,,,,
8.0,1042.0,1950.0,49.0,38.0,0.5343589744,7.465641026,1310.0,,,,,,,,,,,,,,,,,,,,,,,,,,,,,,,,,,,,,,,,,,,,,,,,,,,,,,,
8.0,1000.0,2000.0,49.0,39.0,0.5,7.5,1311.0,,,,,,,,,,,,,,,,,,,,,,,,,,,,,,,,,,,,,,,,,,,,,,,,,,,,,,,
8.0,958.0,2050.0,49.0,40.0,0.4673170732,7.532682927,1312.0,,,,,,,,,,,,,,,,,,,,,,,,,,,,,,,,,,,,,,,,,,,,,,,,,,,,,,,
8.0,912.0,2100.0,49.0,41.0,0.4342857143,7.565714286,1313.0,,,,,,,,,,,,,,,,,,,,,,,,,,,,,,,,,,,,,,,,,,,,,,,,,,,,,,,
8.0,862.0,2150.0,49.0,42.0,0.4009302326,7.599069767,1314.0,,,,,,,,,,,,,,,,,,,,,,,,,,,,,,,,,,,,,,,,,,,,,,,,,,,,,,,
8.0,812.0,2200.0,49.0,43.0,0.3690909091,7.630909091,1315.0,,,,,,,,,,,,,,,,,,,,,,,,,,,,,,,,,,,,,,,,,,,,,,,,,,,,,,,
8.0,766.0,2250.0,49.0,44.0,0.3404444444,7.659555556,1316.0,,,,,,,,,,,,,,,,,,,,,,,,,,,,,,,,,,,,,,,,,,,,,,,,,,,,,,,
8.0,720.0,2300.0,49.0,45.0,0.3130434783,7.686956522,1317.0,,,,,,,,,,,,,,,,,,,,,,,,,,,,,,,,,,,,,,,,,,,,,,,,,,,,,,,
8.0,678.0,2350.0,49.0,46.0,0.2885106383,7.711489362,1318.0,,,,,,,,,,,,,,,,,,,,,,,,,,,,,,,,,,,,,,,,,,,,,,,,,,,,,,,
8.0,636.0,2400.0,49.0,47.0,0.265,7.735,1319.0,,,,,,,,,,,,,,,,,,,,,,,,,,,,,,,,,,,,,,,,,,,,,,,,,,,,,,,
8.0,598.0,2450.0,49.0,48.0,0.2440816327,7.755918367,1320.0,,,,,,,,,,,,,,,,,,,,,,,,,,,,,,,,,,,,,,,,,,,,,,,,,,,,,,,
8.0,560.0,2500.0,49.0,49.0,0.224,7.776,1321.0,,,,,,,,,,,,,,,,,,,,,,,,,,,,,,,,,,,,,,,,,,,,,,,,,,,,,,,
8.0,1118.0,1122.0,50.0,21.0,0.9964349376,7.003565062,1322.0,,,,,,,,,,,,,,,,,,,,,,,,,,,,,,,,,,,,,,,,,,,,,,,,,,,,,,,
8.0,1157.0,1173.0,50.0,22.0,0.9863597613,7.013640239,1323.0,,,,,,,,,,,,,,,,,,,,,,,,,,,,,,,,,,,,,,,,,,,,,,,,,,,,,,,
8.0,1188.0,1224.0,50.0,23.0,0.9705882353,7.029411765,1324.0,,,,,,,,,,,,,,,,,,,,,,,,,,,,,,,,,,,,,,,,,,,,,,,,,,,,,,,
8.0,1211.0,1275.0,50.0,24.0,0.9498039216,7.050196078,1325.0,,,,,,,,,,,,,,,,,,,,,,,,,,,,,,,,,,,,,,,,,,,,,,,,,,,,,,,
8.0,1226.0,1326.0,50.0,25.0,0.9245852187,7.075414781,1326.0,,,,,,,,,,,,,,,,,,,,,,,,,,,,,,,,,,,,,,,,,,,,,,,,,,,,,,,
8.0,1237.0,1377.0,50.0,26.0,0.8983297023,7.101670298,1327.0,,,,,,,,,,,,,,,,,,,,,,,,,,,,,,,,,,,,,,,,,,,,,,,,,,,,,,,
8.0,1240.0,1428.0,50.0,27.0,0.8683473389,7.131652661,1328.0,,,,,,,,,,,,,,,,,,,,,,,,,,,,,,,,,,,,,,,,,,,,,,,,,,,,,,,
8.0,1239.0,1479.0,50.0,28.0,0.8377281947,7.162271805,1329.0,,,,,,,,,,,,,,,,,,,,,,,,,,,,,,,,,,,,,,,,,,,,,,,,,,,,,,,
8.0,1234.0,1530.0,50.0,29.0,0.8065359477,7.193464052,1330.0,,,,,,,,,,,,,,,,,,,,,,,,,,,,,,,,,,,,,,,,,,,,,,,,,,,,,,,
8.0,1225.0,1581.0,50.0,30.0,0.7748260595,7.225173941,1331.0,,,,,,,,,,,,,,,,,,,,,,,,,,,,,,,,,,,,,,,,,,,,,,,,,,,,,,,
8.0,1212.0,1632.0,50.0,31.0,0.7426470588,7.257352941,1332.0,,,,,,,,,,,,,,,,,,,,,,,,,,,,,,,,,,,,,,,,,,,,,,,,,,,,,,,
8.0,1195.0,1683.0,50.0,32.0,0.7100415924,7.289958408,1333.0,,,,,,,,,,,,,,,,,,,,,,,,,,,,,,,,,,,,,,,,,,,,,,,,,,,,,,,
8.0,1174.0,1734.0,50.0,33.0,0.6770472895,7.32295271,1334.0,,,,,,,,,,,,,,,,,,,,,,,,,,,,,,,,,,,,,,,,,,,,,,,,,,,,,,,
8.0,1149.0,1785.0,50.0,34.0,0.643697479,7.356302521,1335.0,,,,,,,,,,,,,,,,,,,,,,,,,,,,,,,,,,,,,,,,,,,,,,,,,,,,,,,
8.0,1120.0,1836.0,50.0,35.0,0.6100217865,7.389978214,1336.0,,,,,,,,,,,,,,,,,,,,,,,,,,,,,,,,,,,,,,,,,,,,,,,,,,,,,,,
8.0,1087.0,1887.0,50.0,36.0,0.5760466349,7.423953365,1337.0,,,,,,,,,,,,,,,,,,,,,,,,,,,,,,,,,,,,,,,,,,,,,,,,,,,,,,,
8.0,1050.0,1938.0,50.0,37.0,0.5417956656,7.458204334,1338.0,,,,,,,,,,,,,,,,,,,,,,,,,,,,,,,,,,,,,,,,,,,,,,,,,,,,,,,
8.0,1009.0,1989.0,50.0,38.0,0.5072900955,7.492709904,1339.0,,,,,,,,,,,,,,,,,,,,,,,,,,,,,,,,,,,,,,,,,,,,,,,,,,,,,,,
8.0,964.0,2040.0,50.0,39.0,0.4725490196,7.52745098,1340.0,,,,,,,,,,,,,,,,,,,,,,,,,,,,,,,,,,,,,,,,,,,,,,,,,,,,,,,
8.0,919.0,2091.0,50.0,40.0,0.4395026303,7.56049737,1341.0,,,,,,,,,,,,,,,,,,,,,,,,,,,,,,,,,,,,,,,,,,,,,,,,,,,,,,,
8.0,870.0,2142.0,50.0,41.0,0.406162465,7.593837535,1342.0,,,,,,,,,,,,,,,,,,,,,,,,,,,,,,,,,,,,,,,,,,,,,,,,,,,,,,,
8.0,821.0,2193.0,50.0,42.0,0.374373005,7.625626995,1343.0,,,,,,,,,,,,,,,,,,,,,,,,,,,,,,,,,,,,,,,,,,,,,,,,,,,,,,,
8.0,772.0,2244.0,50.0,43.0,0.3440285205,7.65597148,1344.0,,,,,,,,,,,,,,,,,,,,,,,,,,,,,,,,,,,,,,,,,,,,,,,,,,,,,,,
8.0,727.0,2295.0,50.0,44.0,0.3167755991,7.683224401,1345.0,,,,,,,,,,,,,,,,,,,,,,,,,,,,,,,,,,,,,,,,,,,,,,,,,,,,,,,
8.0,682.0,2346.0,50.0,45.0,0.2907075874,7.709292413,1346.0,,,,,,,,,,,,,,,,,,,,,,,,,,,,,,,,,,,,,,,,,,,,,,,,,,,,,,,
8.0,641.0,2397.0,50.0,46.0,0.2674176053,7.732582395,1347.0,,,,,,,,,,,,,,,,,,,,,,,,,,,,,,,,,,,,,,,,,,,,,,,,,,,,,,,
8.0,600.0,2448.0,50.0,47.0,0.2450980392,7.754901961,1348.0,,,,,,,,,,,,,,,,,,,,,,,,,,,,,,,,,,,,,,,,,,,,,,,,,,,,,,,
8.0,563.0,2499.0,50.0,48.0,0.225290116,7.774709884,1349.0,,,,,,,,,,,,,,,,,,,,,,,,,,,,,,,,,,,,,,,,,,,,,,,,,,,,,,,
8.0,526.0,2550.0,50.0,49.0,0.2062745098,7.79372549,1350.0,,,,,,,,,,,,,,,,,,,,,,,,,,,,,,,,,,,,,,,,,,,,,,,,,,,,,,,
8.0,493.0,2601.0,50.0,50.0,0.1895424837,7.810457516,1351.0,,,,,,,,,,,,,,,,,,,,,,,,,,,,,,,,,,,,,,,,,,,,,,,,,,,,,,,
8.0,1136.0,1144.0,51.0,21.0,0.993006993,7.006993007,1352.0,,,,,,,,,,,,,,,,,,,,,,,,,,,,,,,,,,,,,,,,,,,,,,,,,,,,,,,
8.0,1172.0,1196.0,51.0,22.0,0.9799331104,7.02006689,1353.0,,,,,,,,,,,,,,,,,,,,,,,,,,,,,,,,,,,,,,,,,,,,,,,,,,,,,,,
8.0,1200.0,1248.0,51.0,23.0,0.9615384615,7.038461538,1354.0,,,,,,,,,,,,,,,,,,,,,,,,,,,,,,,,,,,,,,,,,,,,,,,,,,,,,,,
8.0,1220.0,1300.0,51.0,24.0,0.9384615385,7.061538462,1355.0,,,,,,,,,,,,,,,,,,,,,,,,,,,,,,,,,,,,,,,,,,,,,,,,,,,,,,,
8.0,1232.0,1352.0,51.0,25.0,0.9112426036,7.088757396,1356.0,,,,,,,,,,,,,,,,,,,,,,,,,,,,,,,,,,,,,,,,,,,,,,,,,,,,,,,
8.0,1240.0,1404.0,51.0,26.0,0.8831908832,7.116809117,1357.0,,,,,,,,,,,,,,,,,,,,,,,,,,,,,,,,,,,,,,,,,,,,,,,,,,,,,,,
8.0,1240.0,1456.0,51.0,27.0,0.8516483516,7.148351648,1358.0,,,,,,,,,,,,,,,,,,,,,,,,,,,,,,,,,,,,,,,,,,,,,,,,,,,,,,,
8.0,1236.0,1508.0,51.0,28.0,0.8196286472,7.180371353,1359.0,,,,,,,,,,,,,,,,,,,,,,,,,,,,,,,,,,,,,,,,,,,,,,,,,,,,,,,
8.0,1228.0,1560.0,51.0,29.0,0.7871794872,7.212820513,1360.0,,,,,,,,,,,,,,,,,,,,,,,,,,,,,,,,,,,,,,,,,,,,,,,,,,,,,,,
8.0,1216.0,1612.0,51.0,30.0,0.7543424318,7.245657568,1361.0,,,,,,,,,,,,,,,,,,,,,,,,,,,,,,,,,,,,,,,,,,,,,,,,,,,,,,,
8.0,1200.0,1664.0,51.0,31.0,0.7211538462,7.278846154,1362.0,,,,,,,,,,,,,,,,,,,,,,,,,,,,,,,,,,,,,,,,,,,,,,,,,,,,,,,
8.0,1180.0,1716.0,51.0,32.0,0.6876456876,7.312354312,1363.0,,,,,,,,,,,,,,,,,,,,,,,,,,,,,,,,,,,,,,,,,,,,,,,,,,,,,,,
8.0,1156.0,1768.0,51.0,33.0,0.6538461538,7.346153846,1364.0,,,,,,,,,,,,,,,,,,,,,,,,,,,,,,,,,,,,,,,,,,,,,,,,,,,,,,,
8.0,1128.0,1820.0,51.0,34.0,0.6197802198,7.38021978,1365.0,,,,,,,,,,,,,,,,,,,,,,,,,,,,,,,,,,,,,,,,,,,,,,,,,,,,,,,
8.0,1096.0,1872.0,51.0,35.0,0.5854700855,7.414529915,1366.0,,,,,,,,,,,,,,,,,,,,,,,,,,,,,,,,,,,,,,,,,,,,,,,,,,,,,,,
8.0,1060.0,1924.0,51.0,36.0,0.5509355509,7.449064449,1367.0,,,,,,,,,,,,,,,,,,,,,,,,,,,,,,,,,,,,,,,,,,,,,,,,,,,,,,,
8.0,1020.0,1976.0,51.0,37.0,0.516194332,7.483805668,1368.0,,,,,,,,,,,,,,,,,,,,,,,,,,,,,,,,,,,,,,,,,,,,,,,,,,,,,,,
8.0,976.0,2028.0,51.0,38.0,0.4812623274,7.518737673,1369.0,,,,,,,,,,,,,,,,,,,,,,,,,,,,,,,,,,,,,,,,,,,,,,,,,,,,,,,
8.0,928.0,2080.0,51.0,39.0,0.4461538462,7.553846154,1370.0,,,,,,,,,,,,,,,,,,,,,,,,,,,,,,,,,,,,,,,,,,,,,,,,,,,,,,,
8.0,880.0,2132.0,51.0,40.0,0.4127579737,7.587242026,1371.0,,,,,,,,,,,,,,,,,,,,,,,,,,,,,,,,,,,,,,,,,,,,,,,,,,,,,,,
8.0,828.0,2184.0,51.0,41.0,0.3791208791,7.620879121,1372.0,,,,,,,,,,,,,,,,,,,,,,,,,,,,,,,,,,,,,,,,,,,,,,,,,,,,,,,
8.0,780.0,2236.0,51.0,42.0,0.3488372093,7.651162791,1373.0,,,,,,,,,,,,,,,,,,,,,,,,,,,,,,,,,,,,,,,,,,,,,,,,,,,,,,,
8.0,732.0,2288.0,51.0,43.0,0.3199300699,7.68006993,1374.0,,,,,,,,,,,,,,,,,,,,,,,,,,,,,,,,,,,,,,,,,,,,,,,,,,,,,,,
8.0,688.0,2340.0,51.0,44.0,0.294017094,7.705982906,1375.0,,,,,,,,,,,,,,,,,,,,,,,,,,,,,,,,,,,,,,,,,,,,,,,,,,,,,,,
8.0,644.0,2392.0,51.0,45.0,0.2692307692,7.730769231,1376.0,,,,,,,,,,,,,,,,,,,,,,,,,,,,,,,,,,,,,,,,,,,,,,,,,,,,,,,
8.0,604.0,2444.0,51.0,46.0,0.2471358429,7.752864157,1377.0,,,,,,,,,,,,,,,,,,,,,,,,,,,,,,,,,,,,,,,,,,,,,,,,,,,,,,,
8.0,564.0,2496.0,51.0,47.0,0.2259615385,7.774038462,1378.0,,,,,,,,,,,,,,,,,,,,,,,,,,,,,,,,,,,,,,,,,,,,,,,,,,,,,,,
8.0,528.0,2548.0,51.0,48.0,0.2072213501,7.79277865,1379.0,,,,,,,,,,,,,,,,,,,,,,,,,,,,,,,,,,,,,,,,,,,,,,,,,,,,,,,
8.0,492.0,2600.0,51.0,49.0,0.1892307692,7.810769231,1380.0,,,,,,,,,,,,,,,,,,,,,,,,,,,,,,,,,,,,,,,,,,,,,,,,,,,,,,,
8.0,460.0,2652.0,51.0,50.0,0.173453997,7.826546003,1381.0,,,,,,,,,,,,,,,,,,,,,,,,,,,,,,,,,,,,,,,,,,,,,,,,,,,,,,,
8.0,428.0,2704.0,51.0,51.0,0.1582840237,7.841715976,1382.0,,,,,,,,,,,,,,,,,,,,,,,,,,,,,,,,,,,,,,,,,,,,,,,,,,,,,,,
8.0,1109.0,1113.0,52.0,20.0,0.9964061096,7.00359389,1383.0,,,,,,,,,,,,,,,,,,,,,,,,,,,,,,,,,,,,,,,,,,,,,,,,,,,,,,,
8.0,1150.0,1166.0,52.0,21.0,0.9862778731,7.013722127,1384.0,,,,,,,,,,,,,,,,,,,,,,,,,,,,,,,,,,,,,,,,,,,,,,,,,,,,,,,
8.0,1183.0,1219.0,52.0,22.0,0.9704675964,7.029532404,1385.0,,,,,,,,,,,,,,,,,,,,,,,,,,,,,,,,,,,,,,,,,,,,,,,,,,,,,,,
8.0,1208.0,1272.0,52.0,23.0,0.9496855346,7.050314465,1386.0,,,,,,,,,,,,,,,,,,,,,,,,,,,,,,,,,,,,,,,,,,,,,,,,,,,,,,,
8.0,1225.0,1325.0,52.0,24.0,0.9245283019,7.075471698,1387.0,,,,,,,,,,,,,,,,,,,,,,,,,,,,,,,,,,,,,,,,,,,,,,,,,,,,,,,
8.0,1234.0,1378.0,52.0,25.0,0.8955007257,7.104499274,1388.0,,,,,,,,,,,,,,,,,,,,,,,,,,,,,,,,,,,,,,,,,,,,,,,,,,,,,,,
8.0,1239.0,1431.0,52.0,26.0,0.8658280922,7.134171908,1389.0,,,,,,,,,,,,,,,,,,,,,,,,,,,,,,,,,,,,,,,,,,,,,,,,,,,,,,,
8.0,1236.0,1484.0,52.0,27.0,0.832884097,7.167115903,1390.0,,,,,,,,,,,,,,,,,,,,,,,,,,,,,,,,,,,,,,,,,,,,,,,,,,,,,,,
8.0,1229.0,1537.0,52.0,28.0,0.7996096291,7.200390371,1391.0,,,,,,,,,,,,,,,,,,,,,,,,,,,,,,,,,,,,,,,,,,,,,,,,,,,,,,,
8.0,1218.0,1590.0,52.0,29.0,0.7660377358,7.233962264,1392.0,,,,,,,,,,,,,,,,,,,,,,,,,,,,,,,,,,,,,,,,,,,,,,,,,,,,,,,
8.0,1203.0,1643.0,52.0,30.0,0.7321972002,7.2678028,1393.0,,,,,,,,,,,,,,,,,,,,,,,,,,,,,,,,,,,,,,,,,,,,,,,,,,,,,,,
8.0,1184.0,1696.0,52.0,31.0,0.6981132075,7.301886792,1394.0,,,,,,,,,,,,,,,,,,,,,,,,,,,,,,,,,,,,,,,,,,,,,,,,,,,,,,,
8.0,1161.0,1749.0,52.0,32.0,0.6638078902,7.33619211,1395.0,,,,,,,,,,,,,,,,,,,,,,,,,,,,,,,,,,,,,,,,,,,,,,,,,,,,,,,
8.0,1134.0,1802.0,52.0,33.0,0.6293007769,7.370699223,1396.0,,,,,,,,,,,,,,,,,,,,,,,,,,,,,,,,,,,,,,,,,,,,,,,,,,,,,,,
8.0,1103.0,1855.0,52.0,34.0,0.5946091644,7.405390836,1397.0,,,,,,,,,,,,,,,,,,,,,,,,,,,,,,,,,,,,,,,,,,,,,,,,,,,,,,,
8.0,1068.0,1908.0,52.0,35.0,0.5597484277,7.440251572,1398.0,,,,,,,,,,,,,,,,,,,,,,,,,,,,,,,,,,,,,,,,,,,,,,,,,,,,,,,
8.0,1029.0,1961.0,52.0,36.0,0.5247322794,7.475267721,1399.0,,,,,,,,,,,,,,,,,,,,,,,,,,,,,,,,,,,,,,,,,,,,,,,,,,,,,,,
8.0,986.0,2014.0,52.0,37.0,0.4895729891,7.510427011,1400.0,,,,,,,,,,,,,,,,,,,,,,,,,,,,,,,,,,,,,,,,,,,,,,,,,,,,,,,
8.0,939.0,2067.0,52.0,38.0,0.4542815675,7.545718433,1401.0,,,,,,,,,,,,,,,,,,,,,,,,,,,,,,,,,,,,,,,,,,,,,,,,,,,,,,,
8.0,888.0,2120.0,52.0,39.0,0.4188679245,7.581132075,1402.0,,,,,,,,,,,,,,,,,,,,,,,,,,,,,,,,,,,,,,,,,,,,,,,,,,,,,,,
8.0,839.0,2173.0,52.0,40.0,0.3861021629,7.613897837,1403.0,,,,,,,,,,,,,,,,,,,,,,,,,,,,,,,,,,,,,,,,,,,,,,,,,,,,,,,
8.0,788.0,2226.0,52.0,41.0,0.3539982031,7.646001797,1404.0,,,,,,,,,,,,,,,,,,,,,,,,,,,,,,,,,,,,,,,,,,,,,,,,,,,,,,,
8.0,741.0,2279.0,52.0,42.0,0.3251426064,7.674857394,1405.0,,,,,,,,,,,,,,,,,,,,,,,,,,,,,,,,,,,,,,,,,,,,,,,,,,,,,,,
8.0,694.0,2332.0,52.0,43.0,0.2975986278,7.702401372,1406.0,,,,,,,,,,,,,,,,,,,,,,,,,,,,,,,,,,,,,,,,,,,,,,,,,,,,,,,
8.0,651.0,2385.0,52.0,44.0,0.2729559748,7.727044025,1407.0,,,,,,,,,,,,,,,,,,,,,,,,,,,,,,,,,,,,,,,,,,,,,,,,,,,,,,,
8.0,608.0,2438.0,52.0,45.0,0.2493847416,7.750615258,1408.0,,,,,,,,,,,,,,,,,,,,,,,,,,,,,,,,,,,,,,,,,,,,,,,,,,,,,,,
8.0,569.0,2491.0,52.0,46.0,0.2284223204,7.77157768,1409.0,,,,,,,,,,,,,,,,,,,,,,,,,,,,,,,,,,,,,,,,,,,,,,,,,,,,,,,
8.0,530.0,2544.0,52.0,47.0,0.2083333333,7.791666667,1410.0,,,,,,,,,,,,,,,,,,,,,,,,,,,,,,,,,,,,,,,,,,,,,,,,,,,,,,,
8.0,495.0,2597.0,52.0,48.0,0.1906045437,7.809395456,1411.0,,,,,,,,,,,,,,,,,,,,,,,,,,,,,,,,,,,,,,,,,,,,,,,,,,,,,,,
8.0,460.0,2650.0,52.0,49.0,0.1735849057,7.826415094,1412.0,,,,,,,,,,,,,,,,,,,,,,,,,,,,,,,,,,,,,,,,,,,,,,,,,,,,,,,
8.0,429.0,2703.0,52.0,50.0,0.1587125416,7.841287458,1413.0,,,,,,,,,,,,,,,,,,,,,,,,,,,,,,,,,,,,,,,,,,,,,,,,,,,,,,,
8.0,398.0,2756.0,52.0,51.0,0.1444121916,7.855587808,1414.0,,,,,,,,,,,,,,,,,,,,,,,,,,,,,,,,,,,,,,,,,,,,,,,,,,,,,,,
8.0,369.0,2809.0,52.0,52.0,0.1313634745,7.868636525,1415.0,,,,,,,,,,,,,,,,,,,,,,,,,,,,,,,,,,,,,,,,,,,,,,,,,,,,,,,
8.0,1126.0,1134.0,53.0,20.0,0.9929453263,7.007054674,1416.0,,,,,,,,,,,,,,,,,,,,,,,,,,,,,,,,,,,,,,,,,,,,,,,,,,,,,,,
8.0,1164.0,1188.0,53.0,21.0,0.9797979798,7.02020202,1417.0,,,,,,,,,,,,,,,,,,,,,,,,,,,,,,,,,,,,,,,,,,,,,,,,,,,,,,,
8.0,1194.0,1242.0,53.0,22.0,0.961352657,7.038647343,1418.0,,,,,,,,,,,,,,,,,,,,,,,,,,,,,,,,,,,,,,,,,,,,,,,,,,,,,,,
8.0,1216.0,1296.0,53.0,23.0,0.9382716049,7.061728395,1419.0,,,,,,,,,,,,,,,,,,,,,,,,,,,,,,,,,,,,,,,,,,,,,,,,,,,,,,,
8.0,1230.0,1350.0,53.0,24.0,0.9111111111,7.088888889,1420.0,,,,,,,,,,,,,,,,,,,,,,,,,,,,,,,,,,,,,,,,,,,,,,,,,,,,,,,
8.0,1236.0,1404.0,53.0,25.0,0.8803418803,7.11965812,1421.0,,,,,,,,,,,,,,,,,,,,,,,,,,,,,,,,,,,,,,,,,,,,,,,,,,,,,,,
8.0,1238.0,1458.0,53.0,26.0,0.8491083676,7.150891632,1422.0,,,,,,,,,,,,,,,,,,,,,,,,,,,,,,,,,,,,,,,,,,,,,,,,,,,,,,,
8.0,1232.0,1512.0,53.0,27.0,0.8148148148,7.185185185,1423.0,,,,,,,,,,,,,,,,,,,,,,,,,,,,,,,,,,,,,,,,,,,,,,,,,,,,,,,
8.0,1222.0,1566.0,53.0,28.0,0.7803320562,7.219667944,1424.0,,,,,,,,,,,,,,,,,,,,,,,,,,,,,,,,,,,,,,,,,,,,,,,,,,,,,,,
8.0,1208.0,1620.0,53.0,29.0,0.7456790123,7.254320988,1425.0,,,,,,,,,,,,,,,,,,,,,,,,,,,,,,,,,,,,,,,,,,,,,,,,,,,,,,,
8.0,1190.0,1674.0,53.0,30.0,0.7108721625,7.289127838,1426.0,,,,,,,,,,,,,,,,,,,,,,,,,,,,,,,,,,,,,,,,,,,,,,,,,,,,,,,
8.0,1168.0,1728.0,53.0,31.0,0.6759259259,7.324074074,1427.0,,,,,,,,,,,,,,,,,,,,,,,,,,,,,,,,,,,,,,,,,,,,,,,,,,,,,,,
8.0,1142.0,1782.0,53.0,32.0,0.6408529742,7.359147026,1428.0,,,,,,,,,,,,,,,,,,,,,,,,,,,,,,,,,,,,,,,,,,,,,,,,,,,,,,,
8.0,1112.0,1836.0,53.0,33.0,0.605664488,7.394335512,1429.0,,,,,,,,,,,,,,,,,,,,,,,,,,,,,,,,,,,,,,,,,,,,,,,,,,,,,,,
8.0,1078.0,1890.0,53.0,34.0,0.5703703704,7.42962963,1430.0,,,,,,,,,,,,,,,,,,,,,,,,,,,,,,,,,,,,,,,,,,,,,,,,,,,,,,,
8.0,1040.0,1944.0,53.0,35.0,0.5349794239,7.465020576,1431.0,,,,,,,,,,,,,,,,,,,,,,,,,,,,,,,,,,,,,,,,,,,,,,,,,,,,,,,
8.0,998.0,1998.0,53.0,36.0,0.4994994995,7.500500501,1432.0,,,,,,,,,,,,,,,,,,,,,,,,,,,,,,,,,,,,,,,,,,,,,,,,,,,,,,,
8.0,952.0,2052.0,53.0,37.0,0.4639376218,7.536062378,1433.0,,,,,,,,,,,,,,,,,,,,,,,,,,,,,,,,,,,,,,,,,,,,,,,,,,,,,,,
8.0,902.0,2106.0,53.0,38.0,0.428300095,7.571699905,1434.0,,,,,,,,,,,,,,,,,,,,,,,,,,,,,,,,,,,,,,,,,,,,,,,,,,,,,,,
8.0,848.0,2160.0,53.0,39.0,0.3925925926,7.607407407,1435.0,,,,,,,,,,,,,,,,,,,,,,,,,,,,,,,,,,,,,,,,,,,,,,,,,,,,,,,
8.0,798.0,2214.0,53.0,40.0,0.3604336043,7.639566396,1436.0,,,,,,,,,,,,,,,,,,,,,,,,,,,,,,,,,,,,,,,,,,,,,,,,,,,,,,,
8.0,748.0,2268.0,53.0,41.0,0.3298059965,7.670194004,1437.0,,,,,,,,,,,,,,,,,,,,,,,,,,,,,,,,,,,,,,,,,,,,,,,,,,,,,,,
8.0,702.0,2322.0,53.0,42.0,0.3023255814,7.697674419,1438.0,,,,,,,,,,,,,,,,,,,,,,,,,,,,,,,,,,,,,,,,,,,,,,,,,,,,,,,
8.0,656.0,2376.0,53.0,43.0,0.2760942761,7.723905724,1439.0,,,,,,,,,,,,,,,,,,,,,,,,,,,,,,,,,,,,,,,,,,,,,,,,,,,,,,,
8.0,614.0,2430.0,53.0,44.0,0.2526748971,7.747325103,1440.0,,,,,,,,,,,,,,,,,,,,,,,,,,,,,,,,,,,,,,,,,,,,,,,,,,,,,,,
8.0,572.0,2484.0,53.0,45.0,0.230273752,7.769726248,1441.0,,,,,,,,,,,,,,,,,,,,,,,,,,,,,,,,,,,,,,,,,,,,,,,,,,,,,,,
8.0,534.0,2538.0,53.0,46.0,0.2104018913,7.789598109,1442.0,,,,,,,,,,,,,,,,,,,,,,,,,,,,,,,,,,,,,,,,,,,,,,,,,,,,,,,
8.0,496.0,2592.0,53.0,47.0,0.1913580247,7.808641975,1443.0,,,,,,,,,,,,,,,,,,,,,,,,,,,,,,,,,,,,,,,,,,,,,,,,,,,,,,,
8.0,462.0,2646.0,53.0,48.0,0.1746031746,7.825396825,1444.0,,,,,,,,,,,,,,,,,,,,,,,,,,,,,,,,,,,,,,,,,,,,,,,,,,,,,,,
8.0,428.0,2700.0,53.0,49.0,0.1585185185,7.841481481,1445.0,,,,,,,,,,,,,,,,,,,,,,,,,,,,,,,,,,,,,,,,,,,,,,,,,,,,,,,
8.0,398.0,2754.0,53.0,50.0,0.1445170661,7.855482934,1446.0,,,,,,,,,,,,,,,,,,,,,,,,,,,,,,,,,,,,,,,,,,,,,,,,,,,,,,,
8.0,368.0,2808.0,53.0,51.0,0.1310541311,7.868945869,1447.0,,,,,,,,,,,,,,,,,,,,,,,,,,,,,,,,,,,,,,,,,,,,,,,,,,,,,,,
8.0,340.0,2862.0,53.0,52.0,0.1187980433,7.881201957,1448.0,,,,,,,,,,,,,,,,,,,,,,,,,,,,,,,,,,,,,,,,,,,,,,,,,,,,,,,
8.0,312.0,2916.0,53.0,53.0,0.1069958848,7.893004115,1449.0,,,,,,,,,,,,,,,,,,,,,,,,,,,,,,,,,,,,,,,,,,,,,,,,,,,,,,,
8.0,1096.0,1100.0,54.0,19.0,0.9963636364,7.003636364,1450.0,,,,,,,,,,,,,,,,,,,,,,,,,,,,,,,,,,,,,,,,,,,,,,,,,,,,,,,
8.0,1139.0,1155.0,54.0,20.0,0.9861471861,7.013852814,1451.0,,,,,,,,,,,,,,,,,,,,,,,,,,,,,,,,,,,,,,,,,,,,,,,,,,,,,,,
8.0,1174.0,1210.0,54.0,21.0,0.9702479339,7.029752066,1452.0,,,,,,,,,,,,,,,,,,,,,,,,,,,,,,,,,,,,,,,,,,,,,,,,,,,,,,,
8.0,1201.0,1265.0,54.0,22.0,0.9494071146,7.050592885,1453.0,,,,,,,,,,,,,,,,,,,,,,,,,,,,,,,,,,,,,,,,,,,,,,,,,,,,,,,
8.0,1220.0,1320.0,54.0,23.0,0.9242424242,7.075757576,1454.0,,,,,,,,,,,,,,,,,,,,,,,,,,,,,,,,,,,,,,,,,,,,,,,,,,,,,,,
8.0,1231.0,1375.0,54.0,24.0,0.8952727273,7.104727273,1455.0,,,,,,,,,,,,,,,,,,,,,,,,,,,,,,,,,,,,,,,,,,,,,,,,,,,,,,,
8.0,1234.0,1430.0,54.0,25.0,0.8629370629,7.137062937,1456.0,,,,,,,,,,,,,,,,,,,,,,,,,,,,,,,,,,,,,,,,,,,,,,,,,,,,,,,
8.0,1233.0,1485.0,54.0,26.0,0.8303030303,7.16969697,1457.0,,,,,,,,,,,,,,,,,,,,,,,,,,,,,,,,,,,,,,,,,,,,,,,,,,,,,,,
8.0,1224.0,1540.0,54.0,27.0,0.7948051948,7.205194805,1458.0,,,,,,,,,,,,,,,,,,,,,,,,,,,,,,,,,,,,,,,,,,,,,,,,,,,,,,,
8.0,1211.0,1595.0,54.0,28.0,0.7592476489,7.240752351,1459.0,,,,,,,,,,,,,,,,,,,,,,,,,,,,,,,,,,,,,,,,,,,,,,,,,,,,,,,
8.0,1194.0,1650.0,54.0,29.0,0.7236363636,7.276363636,1460.0,,,,,,,,,,,,,,,,,,,,,,,,,,,,,,,,,,,,,,,,,,,,,,,,,,,,,,,
8.0,1173.0,1705.0,54.0,30.0,0.6879765396,7.31202346,1461.0,,,,,,,,,,,,,,,,,,,,,,,,,,,,,,,,,,,,,,,,,,,,,,,,,,,,,,,
8.0,1148.0,1760.0,54.0,31.0,0.6522727273,7.347727273,1462.0,,,,,,,,,,,,,,,,,,,,,,,,,,,,,,,,,,,,,,,,,,,,,,,,,,,,,,,
8.0,1119.0,1815.0,54.0,32.0,0.6165289256,7.383471074,1463.0,,,,,,,,,,,,,,,,,,,,,,,,,,,,,,,,,,,,,,,,,,,,,,,,,,,,,,,
8.0,1086.0,1870.0,54.0,33.0,0.5807486631,7.419251337,1464.0,,,,,,,,,,,,,,,,,,,,,,,,,,,,,,,,,,,,,,,,,,,,,,,,,,,,,,,
8.0,1049.0,1925.0,54.0,34.0,0.5449350649,7.455064935,1465.0,,,,,,,,,,,,,,,,,,,,,,,,,,,,,,,,,,,,,,,,,,,,,,,,,,,,,,,
8.0,1008.0,1980.0,54.0,35.0,0.5090909091,7.490909091,1466.0,,,,,,,,,,,,,,,,,,,,,,,,,,,,,,,,,,,,,,,,,,,,,,,,,,,,,,,
8.0,963.0,2035.0,54.0,36.0,0.4732186732,7.526781327,1467.0,,,,,,,,,,,,,,,,,,,,,,,,,,,,,,,,,,,,,,,,,,,,,,,,,,,,,,,
8.0,914.0,2090.0,54.0,37.0,0.4373205742,7.562679426,1468.0,,,,,,,,,,,,,,,,,,,,,,,,,,,,,,,,,,,,,,,,,,,,,,,,,,,,,,,
8.0,863.0,2145.0,54.0,38.0,0.4023310023,7.597668998,1469.0,,,,,,,,,,,,,,,,,,,,,,,,,,,,,,,,,,,,,,,,,,,,,,,,,,,,,,,
8.0,810.0,2200.0,54.0,39.0,0.3681818182,7.631818182,1470.0,,,,,,,,,,,,,,,,,,,,,,,,,,,,,,,,,,,,,,,,,,,,,,,,,,,,,,,
8.0,761.0,2255.0,54.0,40.0,0.3374722838,7.662527716,1471.0,,,,,,,,,,,,,,,,,,,,,,,,,,,,,,,,,,,,,,,,,,,,,,,,,,,,,,,
8.0,712.0,2310.0,54.0,41.0,0.3082251082,7.691774892,1472.0,,,,,,,,,,,,,,,,,,,,,,,,,,,,,,,,,,,,,,,,,,,,,,,,,,,,,,,
8.0,667.0,2365.0,54.0,42.0,0.2820295983,7.717970402,1473.0,,,,,,,,,,,,,,,,,,,,,,,,,,,,,,,,,,,,,,,,,,,,,,,,,,,,,,,
8.0,622.0,2420.0,54.0,43.0,0.2570247934,7.742975207,1474.0,,,,,,,,,,,,,,,,,,,,,,,,,,,,,,,,,,,,,,,,,,,,,,,,,,,,,,,
8.0,581.0,2475.0,54.0,44.0,0.2347474747,7.765252525,1475.0,,,,,,,,,,,,,,,,,,,,,,,,,,,,,,,,,,,,,,,,,,,,,,,,,,,,,,,
8.0,540.0,2530.0,54.0,45.0,0.2134387352,7.786561265,1476.0,,,,,,,,,,,,,,,,,,,,,,,,,,,,,,,,,,,,,,,,,,,,,,,,,,,,,,,
8.0,503.0,2585.0,54.0,46.0,0.1945841393,7.805415861,1477.0,,,,,,,,,,,,,,,,,,,,,,,,,,,,,,,,,,,,,,,,,,,,,,,,,,,,,,,
8.0,466.0,2640.0,54.0,47.0,0.1765151515,7.823484848,1478.0,,,,,,,,,,,,,,,,,,,,,,,,,,,,,,,,,,,,,,,,,,,,,,,,,,,,,,,
8.0,433.0,2695.0,54.0,48.0,0.1606679035,7.839332096,1479.0,,,,,,,,,,,,,,,,,,,,,,,,,,,,,,,,,,,,,,,,,,,,,,,,,,,,,,,
8.0,400.0,2750.0,54.0,49.0,0.1454545455,7.854545455,1480.0,,,,,,,,,,,,,,,,,,,,,,,,,,,,,,,,,,,,,,,,,,,,,,,,,,,,,,,
