,,,,,1.0,2.0,3.0,4.0,5.0,6.0,7.0,1.0,2.0,3.0,4.0,5.0,6.0,7.0,,,,2.8,0.02
+1,3.0,1.0,1.0,=D2+A2,"=IF((AND($A2 = ""+0"",$E2 = F$1)), $C2, """")","=IF((AND($A2 = ""+0"",$E2 = G$1)), $C2, """")","=IF((AND($A2 = ""+0"",$E2 = H$1)), $C2, """")","=IF((AND($A2 = ""+0"",$E2 = I$1)), $C2, """")","=IF((AND($A2 = ""+0"",$E2 = J$1)), $C2, """")","=IF((AND($A2 = ""+0"",$E2 = K$1)), $C2, """")","=IF((AND($A2 = ""+0"",$E2 = L$1)), $C2, """")","=IF((AND($A2 = ""+0"",$E2 = M$1)), $C2, """")",,,,,,,=B2*C2,=B2/C2,=(C2-1)/(B2),"=log(T2, W$1)",=W2+U2*X$1
+0,2.0,1.0,1.0,=D3+A3,"=IF((AND($A3 = ""+0"",$E3 = F$1)), $C3, """")","=IF((AND($A3 = ""+0"",$E3 = G$1)), $C3, """")","=IF((AND($A3 = ""+0"",$E3 = H$1)), $C3, """")","=IF((AND($A3 = ""+0"",$E3 = I$1)), $C3, """")","=IF((AND($A3 = ""+0"",$E3 = J$1)), $C3, """")","=IF((AND($A3 = ""+0"",$E3 = K$1)), $C3, """")","=IF((AND($A3 = ""+0"",$E3 = L$1)), $C3, """")","=IF((AND($A3 = ""+0"",$E3 = M$1)), 2^$D3-$B3, """")","=IF((AND($A3 = ""+0"",$E3 = N$1)), 2^$D3-$B3, """")","=IF((AND($A3 = ""+0"",$E3 = O$1)), 2^$D3-$B3, """")","=IF((AND($A3 = ""+0"",$E3 = P$1)), 2^$D3-$B3, """")","=IF((AND($A3 = ""+0"",$E3 = Q$1)), 2^$D3-$B3, """")","=IF((AND($A3 = ""+0"",$E3 = R$1)), 2^$D3-$B3, """")","=IF((AND($A3 = ""+0"",$E3 = S$1)), 2^$D3-$B3, """")",=B3*C3,=B3/C3,=(C3-1)/(B3),"=log(T3, W$1)",=W3+U3*X$1
+1,2.0,2.0,1.0,=D4+A4,"=IF((AND($A4 = ""+0"",$E4 = F$1)), $C4, """")","=IF((AND($A4 = ""+0"",$E4 = G$1)), $C4, """")","=IF((AND($A4 = ""+0"",$E4 = H$1)), $C4, """")","=IF((AND($A4 = ""+0"",$E4 = I$1)), $C4, """")","=IF((AND($A4 = ""+0"",$E4 = J$1)), $C4, """")","=IF((AND($A4 = ""+0"",$E4 = K$1)), $C4, """")","=IF((AND($A4 = ""+0"",$E4 = L$1)), $C4, """")","=IF((AND($A4 = ""+0"",$E4 = M$1)), 2^$D4-$B4, """")","=IF((AND($A4 = ""+0"",$E4 = N$1)), 2^$D4-$B4, """")","=IF((AND($A4 = ""+0"",$E4 = O$1)), 2^$D4-$B4, """")","=IF((AND($A4 = ""+0"",$E4 = P$1)), 2^$D4-$B4, """")","=IF((AND($A4 = ""+0"",$E4 = Q$1)), 2^$D4-$B4, """")","=IF((AND($A4 = ""+0"",$E4 = R$1)), 2^$D4-$B4, """")","=IF((AND($A4 = ""+0"",$E4 = S$1)), 2^$D4-$B4, """")",=B4*C4,=B4/C4,=(C4-1)/(B4),"=log(T4, W$1)",=W4+U4*X$1
+1,5.0,1.0,2.0,=D5+A5,"=IF((AND($A5 = ""+0"",$E5 = F$1)), $C5, """")","=IF((AND($A5 = ""+0"",$E5 = G$1)), $C5, """")","=IF((AND($A5 = ""+0"",$E5 = H$1)), $C5, """")","=IF((AND($A5 = ""+0"",$E5 = I$1)), $C5, """")","=IF((AND($A5 = ""+0"",$E5 = J$1)), $C5, """")","=IF((AND($A5 = ""+0"",$E5 = K$1)), $C5, """")","=IF((AND($A5 = ""+0"",$E5 = L$1)), $C5, """")","=IF((AND($A5 = ""+0"",$E5 = M$1)), 2^$D5-$B5, """")","=IF((AND($A5 = ""+0"",$E5 = N$1)), 2^$D5-$B5, """")","=IF((AND($A5 = ""+0"",$E5 = O$1)), 2^$D5-$B5, """")","=IF((AND($A5 = ""+0"",$E5 = P$1)), 2^$D5-$B5, """")","=IF((AND($A5 = ""+0"",$E5 = Q$1)), 2^$D5-$B5, """")","=IF((AND($A5 = ""+0"",$E5 = R$1)), 2^$D5-$B5, """")","=IF((AND($A5 = ""+0"",$E5 = S$1)), 2^$D5-$B5, """")",=B5*C5,=B5/C5,=(C5-1)/(B5),"=log(T5, W$1)",=W5+U5*X$1
+0,4.0,1.0,2.0,=D6+A6,"=IF((AND($A6 = ""+0"",$E6 = F$1)), $C6, """")","=IF((AND($A6 = ""+0"",$E6 = G$1)), $C6, """")","=IF((AND($A6 = ""+0"",$E6 = H$1)), $C6, """")","=IF((AND($A6 = ""+0"",$E6 = I$1)), $C6, """")","=IF((AND($A6 = ""+0"",$E6 = J$1)), $C6, """")","=IF((AND($A6 = ""+0"",$E6 = K$1)), $C6, """")","=IF((AND($A6 = ""+0"",$E6 = L$1)), $C6, """")","=IF((AND($A6 = ""+0"",$E6 = M$1)), 2^$D6-$B6, """")","=IF((AND($A6 = ""+0"",$E6 = N$1)), 2^$D6-$B6, """")","=IF((AND($A6 = ""+0"",$E6 = O$1)), 2^$D6-$B6, """")","=IF((AND($A6 = ""+0"",$E6 = P$1)), 2^$D6-$B6, """")","=IF((AND($A6 = ""+0"",$E6 = Q$1)), 2^$D6-$B6, """")","=IF((AND($A6 = ""+0"",$E6 = R$1)), 2^$D6-$B6, """")","=IF((AND($A6 = ""+0"",$E6 = S$1)), 2^$D6-$B6, """")",=B6*C6,=B6/C6,=(C6-1)/(B6),"=log(T6, W$1)",=W6+U6*X$1
+1,4.0,2.0,2.0,=D7+A7,"=IF((AND($A7 = ""+0"",$E7 = F$1)), $C7, """")","=IF((AND($A7 = ""+0"",$E7 = G$1)), $C7, """")","=IF((AND($A7 = ""+0"",$E7 = H$1)), $C7, """")","=IF((AND($A7 = ""+0"",$E7 = I$1)), $C7, """")","=IF((AND($A7 = ""+0"",$E7 = J$1)), $C7, """")","=IF((AND($A7 = ""+0"",$E7 = K$1)), $C7, """")","=IF((AND($A7 = ""+0"",$E7 = L$1)), $C7, """")","=IF((AND($A7 = ""+0"",$E7 = M$1)), 2^$D7-$B7, """")","=IF((AND($A7 = ""+0"",$E7 = N$1)), 2^$D7-$B7, """")","=IF((AND($A7 = ""+0"",$E7 = O$1)), 2^$D7-$B7, """")","=IF((AND($A7 = ""+0"",$E7 = P$1)), 2^$D7-$B7, """")","=IF((AND($A7 = ""+0"",$E7 = Q$1)), 2^$D7-$B7, """")","=IF((AND($A7 = ""+0"",$E7 = R$1)), 2^$D7-$B7, """")","=IF((AND($A7 = ""+0"",$E7 = S$1)), 2^$D7-$B7, """")",=B7*C7,=B7/C7,=(C7-1)/(B7),"=log(T7, W$1)",=W7+U7*X$1
+0,3.0,2.0,2.0,=D8+A8,"=IF((AND($A8 = ""+0"",$E8 = F$1)), $C8, """")","=IF((AND($A8 = ""+0"",$E8 = G$1)), $C8, """")","=IF((AND($A8 = ""+0"",$E8 = H$1)), $C8, """")","=IF((AND($A8 = ""+0"",$E8 = I$1)), $C8, """")","=IF((AND($A8 = ""+0"",$E8 = J$1)), $C8, """")","=IF((AND($A8 = ""+0"",$E8 = K$1)), $C8, """")","=IF((AND($A8 = ""+0"",$E8 = L$1)), $C8, """")","=IF((AND($A8 = ""+0"",$E8 = M$1)), 2^$D8-$B8, """")","=IF((AND($A8 = ""+0"",$E8 = N$1)), 2^$D8-$B8, """")","=IF((AND($A8 = ""+0"",$E8 = O$1)), 2^$D8-$B8, """")","=IF((AND($A8 = ""+0"",$E8 = P$1)), 2^$D8-$B8, """")","=IF((AND($A8 = ""+0"",$E8 = Q$1)), 2^$D8-$B8, """")","=IF((AND($A8 = ""+0"",$E8 = R$1)), 2^$D8-$B8, """")","=IF((AND($A8 = ""+0"",$E8 = S$1)), 2^$D8-$B8, """")",=B8*C8,=B8/C8,=(C8-1)/(B8),"=log(T8, W$1)",=W8+U8*X$1
+1,3.0,3.0,2.0,=D9+A9,"=IF((AND($A9 = ""+0"",$E9 = F$1)), $C9, """")","=IF((AND($A9 = ""+0"",$E9 = G$1)), $C9, """")","=IF((AND($A9 = ""+0"",$E9 = H$1)), $C9, """")","=IF((AND($A9 = ""+0"",$E9 = I$1)), $C9, """")","=IF((AND($A9 = ""+0"",$E9 = J$1)), $C9, """")","=IF((AND($A9 = ""+0"",$E9 = K$1)), $C9, """")","=IF((AND($A9 = ""+0"",$E9 = L$1)), $C9, """")","=IF((AND($A9 = ""+0"",$E9 = M$1)), 2^$D9-$B9, """")","=IF((AND($A9 = ""+0"",$E9 = N$1)), 2^$D9-$B9, """")","=IF((AND($A9 = ""+0"",$E9 = O$1)), 2^$D9-$B9, """")","=IF((AND($A9 = ""+0"",$E9 = P$1)), 2^$D9-$B9, """")","=IF((AND($A9 = ""+0"",$E9 = Q$1)), 2^$D9-$B9, """")","=IF((AND($A9 = ""+0"",$E9 = R$1)), 2^$D9-$B9, """")","=IF((AND($A9 = ""+0"",$E9 = S$1)), 2^$D9-$B9, """")",=B9*C9,=B9/C9,=(C9-1)/(B9),"=log(T9, W$1)",=W9+U9*X$1
+1,9.0,1.0,3.0,=D10+A10,"=IF((AND($A10 = ""+0"",$E10 = F$1)), $C10, """")","=IF((AND($A10 = ""+0"",$E10 = G$1)), $C10, """")","=IF((AND($A10 = ""+0"",$E10 = H$1)), $C10, """")","=IF((AND($A10 = ""+0"",$E10 = I$1)), $C10, """")","=IF((AND($A10 = ""+0"",$E10 = J$1)), $C10, """")","=IF((AND($A10 = ""+0"",$E10 = K$1)), $C10, """")","=IF((AND($A10 = ""+0"",$E10 = L$1)), $C10, """")","=IF((AND($A10 = ""+0"",$E10 = M$1)), 2^$D10-$B10, """")","=IF((AND($A10 = ""+0"",$E10 = N$1)), 2^$D10-$B10, """")","=IF((AND($A10 = ""+0"",$E10 = O$1)), 2^$D10-$B10, """")","=IF((AND($A10 = ""+0"",$E10 = P$1)), 2^$D10-$B10, """")","=IF((AND($A10 = ""+0"",$E10 = Q$1)), 2^$D10-$B10, """")","=IF((AND($A10 = ""+0"",$E10 = R$1)), 2^$D10-$B10, """")","=IF((AND($A10 = ""+0"",$E10 = S$1)), 2^$D10-$B10, """")",=B10*C10,=B10/C10,=(C10-1)/(B10),"=log(T10, W$1)",=W10+U10*X$1
+0,8.0,1.0,3.0,=D11+A11,"=IF((AND($A11 = ""+0"",$E11 = F$1)), $C11, """")","=IF((AND($A11 = ""+0"",$E11 = G$1)), $C11, """")","=IF((AND($A11 = ""+0"",$E11 = H$1)), $C11, """")","=IF((AND($A11 = ""+0"",$E11 = I$1)), $C11, """")","=IF((AND($A11 = ""+0"",$E11 = J$1)), $C11, """")","=IF((AND($A11 = ""+0"",$E11 = K$1)), $C11, """")","=IF((AND($A11 = ""+0"",$E11 = L$1)), $C11, """")","=IF((AND($A11 = ""+0"",$E11 = M$1)), 2^$D11-$B11, """")","=IF((AND($A11 = ""+0"",$E11 = N$1)), 2^$D11-$B11, """")","=IF((AND($A11 = ""+0"",$E11 = O$1)), 2^$D11-$B11, """")","=IF((AND($A11 = ""+0"",$E11 = P$1)), 2^$D11-$B11, """")","=IF((AND($A11 = ""+0"",$E11 = Q$1)), 2^$D11-$B11, """")","=IF((AND($A11 = ""+0"",$E11 = R$1)), 2^$D11-$B11, """")","=IF((AND($A11 = ""+0"",$E11 = S$1)), 2^$D11-$B11, """")",=B11*C11,=B11/C11,=(C11-1)/(B11),"=log(T11, W$1)",=W11+U11*X$1
+1,8.0,2.0,3.0,=D12+A12,"=IF((AND($A12 = ""+0"",$E12 = F$1)), $C12, """")","=IF((AND($A12 = ""+0"",$E12 = G$1)), $C12, """")","=IF((AND($A12 = ""+0"",$E12 = H$1)), $C12, """")","=IF((AND($A12 = ""+0"",$E12 = I$1)), $C12, """")","=IF((AND($A12 = ""+0"",$E12 = J$1)), $C12, """")","=IF((AND($A12 = ""+0"",$E12 = K$1)), $C12, """")","=IF((AND($A12 = ""+0"",$E12 = L$1)), $C12, """")","=IF((AND($A12 = ""+0"",$E12 = M$1)), 2^$D12-$B12, """")","=IF((AND($A12 = ""+0"",$E12 = N$1)), 2^$D12-$B12, """")","=IF((AND($A12 = ""+0"",$E12 = O$1)), 2^$D12-$B12, """")","=IF((AND($A12 = ""+0"",$E12 = P$1)), 2^$D12-$B12, """")","=IF((AND($A12 = ""+0"",$E12 = Q$1)), 2^$D12-$B12, """")","=IF((AND($A12 = ""+0"",$E12 = R$1)), 2^$D12-$B12, """")","=IF((AND($A12 = ""+0"",$E12 = S$1)), 2^$D12-$B12, """")",=B12*C12,=B12/C12,=(C12-1)/(B12),"=log(T12, W$1)",=W12+U12*X$1
+0,7.0,2.0,3.0,=D13+A13,"=IF((AND($A13 = ""+0"",$E13 = F$1)), $C13, """")","=IF((AND($A13 = ""+0"",$E13 = G$1)), $C13, """")","=IF((AND($A13 = ""+0"",$E13 = H$1)), $C13, """")","=IF((AND($A13 = ""+0"",$E13 = I$1)), $C13, """")","=IF((AND($A13 = ""+0"",$E13 = J$1)), $C13, """")","=IF((AND($A13 = ""+0"",$E13 = K$1)), $C13, """")","=IF((AND($A13 = ""+0"",$E13 = L$1)), $C13, """")","=IF((AND($A13 = ""+0"",$E13 = M$1)), 2^$D13-$B13, """")","=IF((AND($A13 = ""+0"",$E13 = N$1)), 2^$D13-$B13, """")","=IF((AND($A13 = ""+0"",$E13 = O$1)), 2^$D13-$B13, """")","=IF((AND($A13 = ""+0"",$E13 = P$1)), 2^$D13-$B13, """")","=IF((AND($A13 = ""+0"",$E13 = Q$1)), 2^$D13-$B13, """")","=IF((AND($A13 = ""+0"",$E13 = R$1)), 2^$D13-$B13, """")","=IF((AND($A13 = ""+0"",$E13 = S$1)), 2^$D13-$B13, """")",=B13*C13,=B13/C13,=(C13-1)/(B13),"=log(T13, W$1)",=W13+U13*X$1
+1,7.0,3.0,3.0,=D14+A14,"=IF((AND($A14 = ""+0"",$E14 = F$1)), $C14, """")","=IF((AND($A14 = ""+0"",$E14 = G$1)), $C14, """")","=IF((AND($A14 = ""+0"",$E14 = H$1)), $C14, """")","=IF((AND($A14 = ""+0"",$E14 = I$1)), $C14, """")","=IF((AND($A14 = ""+0"",$E14 = J$1)), $C14, """")","=IF((AND($A14 = ""+0"",$E14 = K$1)), $C14, """")","=IF((AND($A14 = ""+0"",$E14 = L$1)), $C14, """")","=IF((AND($A14 = ""+0"",$E14 = M$1)), 2^$D14-$B14, """")","=IF((AND($A14 = ""+0"",$E14 = N$1)), 2^$D14-$B14, """")","=IF((AND($A14 = ""+0"",$E14 = O$1)), 2^$D14-$B14, """")","=IF((AND($A14 = ""+0"",$E14 = P$1)), 2^$D14-$B14, """")","=IF((AND($A14 = ""+0"",$E14 = Q$1)), 2^$D14-$B14, """")","=IF((AND($A14 = ""+0"",$E14 = R$1)), 2^$D14-$B14, """")","=IF((AND($A14 = ""+0"",$E14 = S$1)), 2^$D14-$B14, """")",=B14*C14,=B14/C14,=(C14-1)/(B14),"=log(T14, W$1)",=W14+U14*X$1
+1,6.0,3.0,3.0,=D15+A15,"=IF((AND($A15 = ""+0"",$E15 = F$1)), $C15, """")","=IF((AND($A15 = ""+0"",$E15 = G$1)), $C15, """")","=IF((AND($A15 = ""+0"",$E15 = H$1)), $C15, """")","=IF((AND($A15 = ""+0"",$E15 = I$1)), $C15, """")","=IF((AND($A15 = ""+0"",$E15 = J$1)), $C15, """")","=IF((AND($A15 = ""+0"",$E15 = K$1)), $C15, """")","=IF((AND($A15 = ""+0"",$E15 = L$1)), $C15, """")","=IF((AND($A15 = ""+0"",$E15 = M$1)), 2^$D15-$B15, """")","=IF((AND($A15 = ""+0"",$E15 = N$1)), 2^$D15-$B15, """")","=IF((AND($A15 = ""+0"",$E15 = O$1)), 2^$D15-$B15, """")","=IF((AND($A15 = ""+0"",$E15 = P$1)), 2^$D15-$B15, """")","=IF((AND($A15 = ""+0"",$E15 = Q$1)), 2^$D15-$B15, """")","=IF((AND($A15 = ""+0"",$E15 = R$1)), 2^$D15-$B15, """")","=IF((AND($A15 = ""+0"",$E15 = S$1)), 2^$D15-$B15, """")",=B15*C15,=B15/C15,=(C15-1)/(B15),"=log(T15, W$1)",=W15+U15*X$1
+0,5.0,3.0,3.0,=D16+A16,"=IF((AND($A16 = ""+0"",$E16 = F$1)), $C16, """")","=IF((AND($A16 = ""+0"",$E16 = G$1)), $C16, """")","=IF((AND($A16 = ""+0"",$E16 = H$1)), $C16, """")","=IF((AND($A16 = ""+0"",$E16 = I$1)), $C16, """")","=IF((AND($A16 = ""+0"",$E16 = J$1)), $C16, """")","=IF((AND($A16 = ""+0"",$E16 = K$1)), $C16, """")","=IF((AND($A16 = ""+0"",$E16 = L$1)), $C16, """")","=IF((AND($A16 = ""+0"",$E16 = M$1)), 2^$D16-$B16, """")","=IF((AND($A16 = ""+0"",$E16 = N$1)), 2^$D16-$B16, """")","=IF((AND($A16 = ""+0"",$E16 = O$1)), 2^$D16-$B16, """")","=IF((AND($A16 = ""+0"",$E16 = P$1)), 2^$D16-$B16, """")","=IF((AND($A16 = ""+0"",$E16 = Q$1)), 2^$D16-$B16, """")","=IF((AND($A16 = ""+0"",$E16 = R$1)), 2^$D16-$B16, """")","=IF((AND($A16 = ""+0"",$E16 = S$1)), 2^$D16-$B16, """")",=B16*C16,=B16/C16,=(C16-1)/(B16),"=log(T16, W$1)",=W16+U16*X$1
+1,5.0,4.0,3.0,=D17+A17,"=IF((AND($A17 = ""+0"",$E17 = F$1)), $C17, """")","=IF((AND($A17 = ""+0"",$E17 = G$1)), $C17, """")","=IF((AND($A17 = ""+0"",$E17 = H$1)), $C17, """")","=IF((AND($A17 = ""+0"",$E17 = I$1)), $C17, """")","=IF((AND($A17 = ""+0"",$E17 = J$1)), $C17, """")","=IF((AND($A17 = ""+0"",$E17 = K$1)), $C17, """")","=IF((AND($A17 = ""+0"",$E17 = L$1)), $C17, """")","=IF((AND($A17 = ""+0"",$E17 = M$1)), 2^$D17-$B17, """")","=IF((AND($A17 = ""+0"",$E17 = N$1)), 2^$D17-$B17, """")","=IF((AND($A17 = ""+0"",$E17 = O$1)), 2^$D17-$B17, """")","=IF((AND($A17 = ""+0"",$E17 = P$1)), 2^$D17-$B17, """")","=IF((AND($A17 = ""+0"",$E17 = Q$1)), 2^$D17-$B17, """")","=IF((AND($A17 = ""+0"",$E17 = R$1)), 2^$D17-$B17, """")","=IF((AND($A17 = ""+0"",$E17 = S$1)), 2^$D17-$B17, """")",=B17*C17,=B17/C17,=(C17-1)/(B17),"=log(T17, W$1)",=W17+U17*X$1
+0,4.0,4.0,3.0,=D18+A18,"=IF((AND($A18 = ""+0"",$E18 = F$1)), $C18, """")","=IF((AND($A18 = ""+0"",$E18 = G$1)), $C18, """")","=IF((AND($A18 = ""+0"",$E18 = H$1)), $C18, """")","=IF((AND($A18 = ""+0"",$E18 = I$1)), $C18, """")","=IF((AND($A18 = ""+0"",$E18 = J$1)), $C18, """")","=IF((AND($A18 = ""+0"",$E18 = K$1)), $C18, """")","=IF((AND($A18 = ""+0"",$E18 = L$1)), $C18, """")","=IF((AND($A18 = ""+0"",$E18 = M$1)), 2^$D18-$B18, """")","=IF((AND($A18 = ""+0"",$E18 = N$1)), 2^$D18-$B18, """")","=IF((AND($A18 = ""+0"",$E18 = O$1)), 2^$D18-$B18, """")","=IF((AND($A18 = ""+0"",$E18 = P$1)), 2^$D18-$B18, """")","=IF((AND($A18 = ""+0"",$E18 = Q$1)), 2^$D18-$B18, """")","=IF((AND($A18 = ""+0"",$E18 = R$1)), 2^$D18-$B18, """")","=IF((AND($A18 = ""+0"",$E18 = S$1)), 2^$D18-$B18, """")",=B18*C18,=B18/C18,=(C18-1)/(B18),"=log(T18, W$1)",=W18+U18*X$1
+1,17.0,1.0,4.0,=D19+A19,"=IF((AND($A19 = ""+0"",$E19 = F$1)), $C19, """")","=IF((AND($A19 = ""+0"",$E19 = G$1)), $C19, """")","=IF((AND($A19 = ""+0"",$E19 = H$1)), $C19, """")","=IF((AND($A19 = ""+0"",$E19 = I$1)), $C19, """")","=IF((AND($A19 = ""+0"",$E19 = J$1)), $C19, """")","=IF((AND($A19 = ""+0"",$E19 = K$1)), $C19, """")","=IF((AND($A19 = ""+0"",$E19 = L$1)), $C19, """")","=IF((AND($A19 = ""+0"",$E19 = M$1)), 2^$D19-$B19, """")","=IF((AND($A19 = ""+0"",$E19 = N$1)), 2^$D19-$B19, """")","=IF((AND($A19 = ""+0"",$E19 = O$1)), 2^$D19-$B19, """")","=IF((AND($A19 = ""+0"",$E19 = P$1)), 2^$D19-$B19, """")","=IF((AND($A19 = ""+0"",$E19 = Q$1)), 2^$D19-$B19, """")","=IF((AND($A19 = ""+0"",$E19 = R$1)), 2^$D19-$B19, """")","=IF((AND($A19 = ""+0"",$E19 = S$1)), 2^$D19-$B19, """")",=B19*C19,=B19/C19,=(C19-1)/(B19),"=log(T19, W$1)",=W19+U19*X$1
+0,16.0,1.0,4.0,=D20+A20,"=IF((AND($A20 = ""+0"",$E20 = F$1)), $C20, """")","=IF((AND($A20 = ""+0"",$E20 = G$1)), $C20, """")","=IF((AND($A20 = ""+0"",$E20 = H$1)), $C20, """")","=IF((AND($A20 = ""+0"",$E20 = I$1)), $C20, """")","=IF((AND($A20 = ""+0"",$E20 = J$1)), $C20, """")","=IF((AND($A20 = ""+0"",$E20 = K$1)), $C20, """")","=IF((AND($A20 = ""+0"",$E20 = L$1)), $C20, """")","=IF((AND($A20 = ""+0"",$E20 = M$1)), 2^$D20-$B20, """")","=IF((AND($A20 = ""+0"",$E20 = N$1)), 2^$D20-$B20, """")","=IF((AND($A20 = ""+0"",$E20 = O$1)), 2^$D20-$B20, """")","=IF((AND($A20 = ""+0"",$E20 = P$1)), 2^$D20-$B20, """")","=IF((AND($A20 = ""+0"",$E20 = Q$1)), 2^$D20-$B20, """")","=IF((AND($A20 = ""+0"",$E20 = R$1)), 2^$D20-$B20, """")","=IF((AND($A20 = ""+0"",$E20 = S$1)), 2^$D20-$B20, """")",=B20*C20,=B20/C20,=(C20-1)/(B20),"=log(T20, W$1)",=W20+U20*X$1
+1,16.0,2.0,4.0,=D21+A21,"=IF((AND($A21 = ""+0"",$E21 = F$1)), $C21, """")","=IF((AND($A21 = ""+0"",$E21 = G$1)), $C21, """")","=IF((AND($A21 = ""+0"",$E21 = H$1)), $C21, """")","=IF((AND($A21 = ""+0"",$E21 = I$1)), $C21, """")","=IF((AND($A21 = ""+0"",$E21 = J$1)), $C21, """")","=IF((AND($A21 = ""+0"",$E21 = K$1)), $C21, """")","=IF((AND($A21 = ""+0"",$E21 = L$1)), $C21, """")","=IF((AND($A21 = ""+0"",$E21 = M$1)), 2^$D21-$B21, """")","=IF((AND($A21 = ""+0"",$E21 = N$1)), 2^$D21-$B21, """")","=IF((AND($A21 = ""+0"",$E21 = O$1)), 2^$D21-$B21, """")","=IF((AND($A21 = ""+0"",$E21 = P$1)), 2^$D21-$B21, """")","=IF((AND($A21 = ""+0"",$E21 = Q$1)), 2^$D21-$B21, """")","=IF((AND($A21 = ""+0"",$E21 = R$1)), 2^$D21-$B21, """")","=IF((AND($A21 = ""+0"",$E21 = S$1)), 2^$D21-$B21, """")",=B21*C21,=B21/C21,=(C21-1)/(B21),"=log(T21, W$1)",=W21+U21*X$1
+0,15.0,2.0,4.0,=D22+A22,"=IF((AND($A22 = ""+0"",$E22 = F$1)), $C22, """")","=IF((AND($A22 = ""+0"",$E22 = G$1)), $C22, """")","=IF((AND($A22 = ""+0"",$E22 = H$1)), $C22, """")","=IF((AND($A22 = ""+0"",$E22 = I$1)), $C22, """")","=IF((AND($A22 = ""+0"",$E22 = J$1)), $C22, """")","=IF((AND($A22 = ""+0"",$E22 = K$1)), $C22, """")","=IF((AND($A22 = ""+0"",$E22 = L$1)), $C22, """")","=IF((AND($A22 = ""+0"",$E22 = M$1)), 2^$D22-$B22, """")","=IF((AND($A22 = ""+0"",$E22 = N$1)), 2^$D22-$B22, """")","=IF((AND($A22 = ""+0"",$E22 = O$1)), 2^$D22-$B22, """")","=IF((AND($A22 = ""+0"",$E22 = P$1)), 2^$D22-$B22, """")","=IF((AND($A22 = ""+0"",$E22 = Q$1)), 2^$D22-$B22, """")","=IF((AND($A22 = ""+0"",$E22 = R$1)), 2^$D22-$B22, """")","=IF((AND($A22 = ""+0"",$E22 = S$1)), 2^$D22-$B22, """")",=B22*C22,=B22/C22,=(C22-1)/(B22),"=log(T22, W$1)",=W22+U22*X$1
+1,15.0,3.0,4.0,=D23+A23,"=IF((AND($A23 = ""+0"",$E23 = F$1)), $C23, """")","=IF((AND($A23 = ""+0"",$E23 = G$1)), $C23, """")","=IF((AND($A23 = ""+0"",$E23 = H$1)), $C23, """")","=IF((AND($A23 = ""+0"",$E23 = I$1)), $C23, """")","=IF((AND($A23 = ""+0"",$E23 = J$1)), $C23, """")","=IF((AND($A23 = ""+0"",$E23 = K$1)), $C23, """")","=IF((AND($A23 = ""+0"",$E23 = L$1)), $C23, """")","=IF((AND($A23 = ""+0"",$E23 = M$1)), 2^$D23-$B23, """")","=IF((AND($A23 = ""+0"",$E23 = N$1)), 2^$D23-$B23, """")","=IF((AND($A23 = ""+0"",$E23 = O$1)), 2^$D23-$B23, """")","=IF((AND($A23 = ""+0"",$E23 = P$1)), 2^$D23-$B23, """")","=IF((AND($A23 = ""+0"",$E23 = Q$1)), 2^$D23-$B23, """")","=IF((AND($A23 = ""+0"",$E23 = R$1)), 2^$D23-$B23, """")","=IF((AND($A23 = ""+0"",$E23 = S$1)), 2^$D23-$B23, """")",=B23*C23,=B23/C23,=(C23-1)/(B23),"=log(T23, W$1)",=W23+U23*X$1
+1,14.0,3.0,4.0,=D24+A24,"=IF((AND($A24 = ""+0"",$E24 = F$1)), $C24, """")","=IF((AND($A24 = ""+0"",$E24 = G$1)), $C24, """")","=IF((AND($A24 = ""+0"",$E24 = H$1)), $C24, """")","=IF((AND($A24 = ""+0"",$E24 = I$1)), $C24, """")","=IF((AND($A24 = ""+0"",$E24 = J$1)), $C24, """")","=IF((AND($A24 = ""+0"",$E24 = K$1)), $C24, """")","=IF((AND($A24 = ""+0"",$E24 = L$1)), $C24, """")","=IF((AND($A24 = ""+0"",$E24 = M$1)), 2^$D24-$B24, """")","=IF((AND($A24 = ""+0"",$E24 = N$1)), 2^$D24-$B24, """")","=IF((AND($A24 = ""+0"",$E24 = O$1)), 2^$D24-$B24, """")","=IF((AND($A24 = ""+0"",$E24 = P$1)), 2^$D24-$B24, """")","=IF((AND($A24 = ""+0"",$E24 = Q$1)), 2^$D24-$B24, """")","=IF((AND($A24 = ""+0"",$E24 = R$1)), 2^$D24-$B24, """")","=IF((AND($A24 = ""+0"",$E24 = S$1)), 2^$D24-$B24, """")",=B24*C24,=B24/C24,=(C24-1)/(B24),"=log(T24, W$1)",=W24+U24*X$1
+1,13.0,3.0,4.0,=D25+A25,"=IF((AND($A25 = ""+0"",$E25 = F$1)), $C25, """")","=IF((AND($A25 = ""+0"",$E25 = G$1)), $C25, """")","=IF((AND($A25 = ""+0"",$E25 = H$1)), $C25, """")","=IF((AND($A25 = ""+0"",$E25 = I$1)), $C25, """")","=IF((AND($A25 = ""+0"",$E25 = J$1)), $C25, """")","=IF((AND($A25 = ""+0"",$E25 = K$1)), $C25, """")","=IF((AND($A25 = ""+0"",$E25 = L$1)), $C25, """")","=IF((AND($A25 = ""+0"",$E25 = M$1)), 2^$D25-$B25, """")","=IF((AND($A25 = ""+0"",$E25 = N$1)), 2^$D25-$B25, """")","=IF((AND($A25 = ""+0"",$E25 = O$1)), 2^$D25-$B25, """")","=IF((AND($A25 = ""+0"",$E25 = P$1)), 2^$D25-$B25, """")","=IF((AND($A25 = ""+0"",$E25 = Q$1)), 2^$D25-$B25, """")","=IF((AND($A25 = ""+0"",$E25 = R$1)), 2^$D25-$B25, """")","=IF((AND($A25 = ""+0"",$E25 = S$1)), 2^$D25-$B25, """")",=B25*C25,=B25/C25,=(C25-1)/(B25),"=log(T25, W$1)",=W25+U25*X$1
+0,12.0,3.0,4.0,=D26+A26,"=IF((AND($A26 = ""+0"",$E26 = F$1)), $C26, """")","=IF((AND($A26 = ""+0"",$E26 = G$1)), $C26, """")","=IF((AND($A26 = ""+0"",$E26 = H$1)), $C26, """")","=IF((AND($A26 = ""+0"",$E26 = I$1)), $C26, """")","=IF((AND($A26 = ""+0"",$E26 = J$1)), $C26, """")","=IF((AND($A26 = ""+0"",$E26 = K$1)), $C26, """")","=IF((AND($A26 = ""+0"",$E26 = L$1)), $C26, """")","=IF((AND($A26 = ""+0"",$E26 = M$1)), 2^$D26-$B26, """")","=IF((AND($A26 = ""+0"",$E26 = N$1)), 2^$D26-$B26, """")","=IF((AND($A26 = ""+0"",$E26 = O$1)), 2^$D26-$B26, """")","=IF((AND($A26 = ""+0"",$E26 = P$1)), 2^$D26-$B26, """")","=IF((AND($A26 = ""+0"",$E26 = Q$1)), 2^$D26-$B26, """")","=IF((AND($A26 = ""+0"",$E26 = R$1)), 2^$D26-$B26, """")","=IF((AND($A26 = ""+0"",$E26 = S$1)), 2^$D26-$B26, """")",=B26*C26,=B26/C26,=(C26-1)/(B26),"=log(T26, W$1)",=W26+U26*X$1
+1,12.0,4.0,4.0,=D27+A27,"=IF((AND($A27 = ""+0"",$E27 = F$1)), $C27, """")","=IF((AND($A27 = ""+0"",$E27 = G$1)), $C27, """")","=IF((AND($A27 = ""+0"",$E27 = H$1)), $C27, """")","=IF((AND($A27 = ""+0"",$E27 = I$1)), $C27, """")","=IF((AND($A27 = ""+0"",$E27 = J$1)), $C27, """")","=IF((AND($A27 = ""+0"",$E27 = K$1)), $C27, """")","=IF((AND($A27 = ""+0"",$E27 = L$1)), $C27, """")","=IF((AND($A27 = ""+0"",$E27 = M$1)), 2^$D27-$B27, """")","=IF((AND($A27 = ""+0"",$E27 = N$1)), 2^$D27-$B27, """")","=IF((AND($A27 = ""+0"",$E27 = O$1)), 2^$D27-$B27, """")","=IF((AND($A27 = ""+0"",$E27 = P$1)), 2^$D27-$B27, """")","=IF((AND($A27 = ""+0"",$E27 = Q$1)), 2^$D27-$B27, """")","=IF((AND($A27 = ""+0"",$E27 = R$1)), 2^$D27-$B27, """")","=IF((AND($A27 = ""+0"",$E27 = S$1)), 2^$D27-$B27, """")",=B27*C27,=B27/C27,=(C27-1)/(B27),"=log(T27, W$1)",=W27+U27*X$1
+1,11.0,4.0,4.0,=D28+A28,"=IF((AND($A28 = ""+0"",$E28 = F$1)), $C28, """")","=IF((AND($A28 = ""+0"",$E28 = G$1)), $C28, """")","=IF((AND($A28 = ""+0"",$E28 = H$1)), $C28, """")","=IF((AND($A28 = ""+0"",$E28 = I$1)), $C28, """")","=IF((AND($A28 = ""+0"",$E28 = J$1)), $C28, """")","=IF((AND($A28 = ""+0"",$E28 = K$1)), $C28, """")","=IF((AND($A28 = ""+0"",$E28 = L$1)), $C28, """")","=IF((AND($A28 = ""+0"",$E28 = M$1)), 2^$D28-$B28, """")","=IF((AND($A28 = ""+0"",$E28 = N$1)), 2^$D28-$B28, """")","=IF((AND($A28 = ""+0"",$E28 = O$1)), 2^$D28-$B28, """")","=IF((AND($A28 = ""+0"",$E28 = P$1)), 2^$D28-$B28, """")","=IF((AND($A28 = ""+0"",$E28 = Q$1)), 2^$D28-$B28, """")","=IF((AND($A28 = ""+0"",$E28 = R$1)), 2^$D28-$B28, """")","=IF((AND($A28 = ""+0"",$E28 = S$1)), 2^$D28-$B28, """")",=B28*C28,=B28/C28,=(C28-1)/(B28),"=log(T28, W$1)",=W28+U28*X$1
+0,10.0,4.0,4.0,=D29+A29,"=IF((AND($A29 = ""+0"",$E29 = F$1)), $C29, """")","=IF((AND($A29 = ""+0"",$E29 = G$1)), $C29, """")","=IF((AND($A29 = ""+0"",$E29 = H$1)), $C29, """")","=IF((AND($A29 = ""+0"",$E29 = I$1)), $C29, """")","=IF((AND($A29 = ""+0"",$E29 = J$1)), $C29, """")","=IF((AND($A29 = ""+0"",$E29 = K$1)), $C29, """")","=IF((AND($A29 = ""+0"",$E29 = L$1)), $C29, """")","=IF((AND($A29 = ""+0"",$E29 = M$1)), 2^$D29-$B29, """")","=IF((AND($A29 = ""+0"",$E29 = N$1)), 2^$D29-$B29, """")","=IF((AND($A29 = ""+0"",$E29 = O$1)), 2^$D29-$B29, """")","=IF((AND($A29 = ""+0"",$E29 = P$1)), 2^$D29-$B29, """")","=IF((AND($A29 = ""+0"",$E29 = Q$1)), 2^$D29-$B29, """")","=IF((AND($A29 = ""+0"",$E29 = R$1)), 2^$D29-$B29, """")","=IF((AND($A29 = ""+0"",$E29 = S$1)), 2^$D29-$B29, """")",=B29*C29,=B29/C29,=(C29-1)/(B29),"=log(T29, W$1)",=W29+U29*X$1
+1,10.0,5.0,4.0,=D30+A30,"=IF((AND($A30 = ""+0"",$E30 = F$1)), $C30, """")","=IF((AND($A30 = ""+0"",$E30 = G$1)), $C30, """")","=IF((AND($A30 = ""+0"",$E30 = H$1)), $C30, """")","=IF((AND($A30 = ""+0"",$E30 = I$1)), $C30, """")","=IF((AND($A30 = ""+0"",$E30 = J$1)), $C30, """")","=IF((AND($A30 = ""+0"",$E30 = K$1)), $C30, """")","=IF((AND($A30 = ""+0"",$E30 = L$1)), $C30, """")","=IF((AND($A30 = ""+0"",$E30 = M$1)), 2^$D30-$B30, """")","=IF((AND($A30 = ""+0"",$E30 = N$1)), 2^$D30-$B30, """")","=IF((AND($A30 = ""+0"",$E30 = O$1)), 2^$D30-$B30, """")","=IF((AND($A30 = ""+0"",$E30 = P$1)), 2^$D30-$B30, """")","=IF((AND($A30 = ""+0"",$E30 = Q$1)), 2^$D30-$B30, """")","=IF((AND($A30 = ""+0"",$E30 = R$1)), 2^$D30-$B30, """")","=IF((AND($A30 = ""+0"",$E30 = S$1)), 2^$D30-$B30, """")",=B30*C30,=B30/C30,=(C30-1)/(B30),"=log(T30, W$1)",=W30+U30*X$1
+0,9.0,5.0,4.0,=D31+A31,"=IF((AND($A31 = ""+0"",$E31 = F$1)), $C31, """")","=IF((AND($A31 = ""+0"",$E31 = G$1)), $C31, """")","=IF((AND($A31 = ""+0"",$E31 = H$1)), $C31, """")","=IF((AND($A31 = ""+0"",$E31 = I$1)), $C31, """")","=IF((AND($A31 = ""+0"",$E31 = J$1)), $C31, """")","=IF((AND($A31 = ""+0"",$E31 = K$1)), $C31, """")","=IF((AND($A31 = ""+0"",$E31 = L$1)), $C31, """")","=IF((AND($A31 = ""+0"",$E31 = M$1)), 2^$D31-$B31, """")","=IF((AND($A31 = ""+0"",$E31 = N$1)), 2^$D31-$B31, """")","=IF((AND($A31 = ""+0"",$E31 = O$1)), 2^$D31-$B31, """")","=IF((AND($A31 = ""+0"",$E31 = P$1)), 2^$D31-$B31, """")","=IF((AND($A31 = ""+0"",$E31 = Q$1)), 2^$D31-$B31, """")","=IF((AND($A31 = ""+0"",$E31 = R$1)), 2^$D31-$B31, """")","=IF((AND($A31 = ""+0"",$E31 = S$1)), 2^$D31-$B31, """")",=B31*C31,=B31/C31,=(C31-1)/(B31),"=log(T31, W$1)",=W31+U31*X$1
+1,9.0,6.0,4.0,=D32+A32,"=IF((AND($A32 = ""+0"",$E32 = F$1)), $C32, """")","=IF((AND($A32 = ""+0"",$E32 = G$1)), $C32, """")","=IF((AND($A32 = ""+0"",$E32 = H$1)), $C32, """")","=IF((AND($A32 = ""+0"",$E32 = I$1)), $C32, """")","=IF((AND($A32 = ""+0"",$E32 = J$1)), $C32, """")","=IF((AND($A32 = ""+0"",$E32 = K$1)), $C32, """")","=IF((AND($A32 = ""+0"",$E32 = L$1)), $C32, """")","=IF((AND($A32 = ""+0"",$E32 = M$1)), 2^$D32-$B32, """")","=IF((AND($A32 = ""+0"",$E32 = N$1)), 2^$D32-$B32, """")","=IF((AND($A32 = ""+0"",$E32 = O$1)), 2^$D32-$B32, """")","=IF((AND($A32 = ""+0"",$E32 = P$1)), 2^$D32-$B32, """")","=IF((AND($A32 = ""+0"",$E32 = Q$1)), 2^$D32-$B32, """")","=IF((AND($A32 = ""+0"",$E32 = R$1)), 2^$D32-$B32, """")","=IF((AND($A32 = ""+0"",$E32 = S$1)), 2^$D32-$B32, """")",=B32*C32,=B32/C32,=(C32-1)/(B32),"=log(T32, W$1)",=W32+U32*X$1
+1,8.0,6.0,4.0,=D33+A33,"=IF((AND($A33 = ""+0"",$E33 = F$1)), $C33, """")","=IF((AND($A33 = ""+0"",$E33 = G$1)), $C33, """")","=IF((AND($A33 = ""+0"",$E33 = H$1)), $C33, """")","=IF((AND($A33 = ""+0"",$E33 = I$1)), $C33, """")","=IF((AND($A33 = ""+0"",$E33 = J$1)), $C33, """")","=IF((AND($A33 = ""+0"",$E33 = K$1)), $C33, """")","=IF((AND($A33 = ""+0"",$E33 = L$1)), $C33, """")","=IF((AND($A33 = ""+0"",$E33 = M$1)), 2^$D33-$B33, """")","=IF((AND($A33 = ""+0"",$E33 = N$1)), 2^$D33-$B33, """")","=IF((AND($A33 = ""+0"",$E33 = O$1)), 2^$D33-$B33, """")","=IF((AND($A33 = ""+0"",$E33 = P$1)), 2^$D33-$B33, """")","=IF((AND($A33 = ""+0"",$E33 = Q$1)), 2^$D33-$B33, """")","=IF((AND($A33 = ""+0"",$E33 = R$1)), 2^$D33-$B33, """")","=IF((AND($A33 = ""+0"",$E33 = S$1)), 2^$D33-$B33, """")",=B33*C33,=B33/C33,=(C33-1)/(B33),"=log(T33, W$1)",=W33+U33*X$1
+0,7.0,6.0,4.0,=D34+A34,"=IF((AND($A34 = ""+0"",$E34 = F$1)), $C34, """")","=IF((AND($A34 = ""+0"",$E34 = G$1)), $C34, """")","=IF((AND($A34 = ""+0"",$E34 = H$1)), $C34, """")","=IF((AND($A34 = ""+0"",$E34 = I$1)), $C34, """")","=IF((AND($A34 = ""+0"",$E34 = J$1)), $C34, """")","=IF((AND($A34 = ""+0"",$E34 = K$1)), $C34, """")","=IF((AND($A34 = ""+0"",$E34 = L$1)), $C34, """")","=IF((AND($A34 = ""+0"",$E34 = M$1)), 2^$D34-$B34, """")","=IF((AND($A34 = ""+0"",$E34 = N$1)), 2^$D34-$B34, """")","=IF((AND($A34 = ""+0"",$E34 = O$1)), 2^$D34-$B34, """")","=IF((AND($A34 = ""+0"",$E34 = P$1)), 2^$D34-$B34, """")","=IF((AND($A34 = ""+0"",$E34 = Q$1)), 2^$D34-$B34, """")","=IF((AND($A34 = ""+0"",$E34 = R$1)), 2^$D34-$B34, """")","=IF((AND($A34 = ""+0"",$E34 = S$1)), 2^$D34-$B34, """")",=B34*C34,=B34/C34,=(C34-1)/(B34),"=log(T34, W$1)",=W34+U34*X$1
+1,7.0,7.0,4.0,=D35+A35,"=IF((AND($A35 = ""+0"",$E35 = F$1)), $C35, """")","=IF((AND($A35 = ""+0"",$E35 = G$1)), $C35, """")","=IF((AND($A35 = ""+0"",$E35 = H$1)), $C35, """")","=IF((AND($A35 = ""+0"",$E35 = I$1)), $C35, """")","=IF((AND($A35 = ""+0"",$E35 = J$1)), $C35, """")","=IF((AND($A35 = ""+0"",$E35 = K$1)), $C35, """")","=IF((AND($A35 = ""+0"",$E35 = L$1)), $C35, """")","=IF((AND($A35 = ""+0"",$E35 = M$1)), 2^$D35-$B35, """")","=IF((AND($A35 = ""+0"",$E35 = N$1)), 2^$D35-$B35, """")","=IF((AND($A35 = ""+0"",$E35 = O$1)), 2^$D35-$B35, """")","=IF((AND($A35 = ""+0"",$E35 = P$1)), 2^$D35-$B35, """")","=IF((AND($A35 = ""+0"",$E35 = Q$1)), 2^$D35-$B35, """")","=IF((AND($A35 = ""+0"",$E35 = R$1)), 2^$D35-$B35, """")","=IF((AND($A35 = ""+0"",$E35 = S$1)), 2^$D35-$B35, """")",=B35*C35,=B35/C35,=(C35-1)/(B35),"=log(T35, W$1)",=W35+U35*X$1
+1,33.0,1.0,5.0,=D36+A36,"=IF((AND($A36 = ""+0"",$E36 = F$1)), $C36, """")","=IF((AND($A36 = ""+0"",$E36 = G$1)), $C36, """")","=IF((AND($A36 = ""+0"",$E36 = H$1)), $C36, """")","=IF((AND($A36 = ""+0"",$E36 = I$1)), $C36, """")","=IF((AND($A36 = ""+0"",$E36 = J$1)), $C36, """")","=IF((AND($A36 = ""+0"",$E36 = K$1)), $C36, """")","=IF((AND($A36 = ""+0"",$E36 = L$1)), $C36, """")","=IF((AND($A36 = ""+0"",$E36 = M$1)), 2^$D36-$B36, """")","=IF((AND($A36 = ""+0"",$E36 = N$1)), 2^$D36-$B36, """")","=IF((AND($A36 = ""+0"",$E36 = O$1)), 2^$D36-$B36, """")","=IF((AND($A36 = ""+0"",$E36 = P$1)), 2^$D36-$B36, """")","=IF((AND($A36 = ""+0"",$E36 = Q$1)), 2^$D36-$B36, """")","=IF((AND($A36 = ""+0"",$E36 = R$1)), 2^$D36-$B36, """")","=IF((AND($A36 = ""+0"",$E36 = S$1)), 2^$D36-$B36, """")",=B36*C36,=B36/C36,=(C36-1)/(B36),"=log(T36, W$1)",=W36+U36*X$1
+0,32.0,1.0,5.0,=D37+A37,"=IF((AND($A37 = ""+0"",$E37 = F$1)), $C37, """")","=IF((AND($A37 = ""+0"",$E37 = G$1)), $C37, """")","=IF((AND($A37 = ""+0"",$E37 = H$1)), $C37, """")","=IF((AND($A37 = ""+0"",$E37 = I$1)), $C37, """")","=IF((AND($A37 = ""+0"",$E37 = J$1)), $C37, """")","=IF((AND($A37 = ""+0"",$E37 = K$1)), $C37, """")","=IF((AND($A37 = ""+0"",$E37 = L$1)), $C37, """")","=IF((AND($A37 = ""+0"",$E37 = M$1)), 2^$D37-$B37, """")","=IF((AND($A37 = ""+0"",$E37 = N$1)), 2^$D37-$B37, """")","=IF((AND($A37 = ""+0"",$E37 = O$1)), 2^$D37-$B37, """")","=IF((AND($A37 = ""+0"",$E37 = P$1)), 2^$D37-$B37, """")","=IF((AND($A37 = ""+0"",$E37 = Q$1)), 2^$D37-$B37, """")","=IF((AND($A37 = ""+0"",$E37 = R$1)), 2^$D37-$B37, """")","=IF((AND($A37 = ""+0"",$E37 = S$1)), 2^$D37-$B37, """")",=B37*C37,=B37/C37,=(C37-1)/(B37),"=log(T37, W$1)",=W37+U37*X$1
+1,32.0,2.0,5.0,=D38+A38,"=IF((AND($A38 = ""+0"",$E38 = F$1)), $C38, """")","=IF((AND($A38 = ""+0"",$E38 = G$1)), $C38, """")","=IF((AND($A38 = ""+0"",$E38 = H$1)), $C38, """")","=IF((AND($A38 = ""+0"",$E38 = I$1)), $C38, """")","=IF((AND($A38 = ""+0"",$E38 = J$1)), $C38, """")","=IF((AND($A38 = ""+0"",$E38 = K$1)), $C38, """")","=IF((AND($A38 = ""+0"",$E38 = L$1)), $C38, """")","=IF((AND($A38 = ""+0"",$E38 = M$1)), 2^$D38-$B38, """")","=IF((AND($A38 = ""+0"",$E38 = N$1)), 2^$D38-$B38, """")","=IF((AND($A38 = ""+0"",$E38 = O$1)), 2^$D38-$B38, """")","=IF((AND($A38 = ""+0"",$E38 = P$1)), 2^$D38-$B38, """")","=IF((AND($A38 = ""+0"",$E38 = Q$1)), 2^$D38-$B38, """")","=IF((AND($A38 = ""+0"",$E38 = R$1)), 2^$D38-$B38, """")","=IF((AND($A38 = ""+0"",$E38 = S$1)), 2^$D38-$B38, """")",=B38*C38,=B38/C38,=(C38-1)/(B38),"=log(T38, W$1)",=W38+U38*X$1
+0,31.0,2.0,5.0,=D39+A39,"=IF((AND($A39 = ""+0"",$E39 = F$1)), $C39, """")","=IF((AND($A39 = ""+0"",$E39 = G$1)), $C39, """")","=IF((AND($A39 = ""+0"",$E39 = H$1)), $C39, """")","=IF((AND($A39 = ""+0"",$E39 = I$1)), $C39, """")","=IF((AND($A39 = ""+0"",$E39 = J$1)), $C39, """")","=IF((AND($A39 = ""+0"",$E39 = K$1)), $C39, """")","=IF((AND($A39 = ""+0"",$E39 = L$1)), $C39, """")","=IF((AND($A39 = ""+0"",$E39 = M$1)), 2^$D39-$B39, """")","=IF((AND($A39 = ""+0"",$E39 = N$1)), 2^$D39-$B39, """")","=IF((AND($A39 = ""+0"",$E39 = O$1)), 2^$D39-$B39, """")","=IF((AND($A39 = ""+0"",$E39 = P$1)), 2^$D39-$B39, """")","=IF((AND($A39 = ""+0"",$E39 = Q$1)), 2^$D39-$B39, """")","=IF((AND($A39 = ""+0"",$E39 = R$1)), 2^$D39-$B39, """")","=IF((AND($A39 = ""+0"",$E39 = S$1)), 2^$D39-$B39, """")",=B39*C39,=B39/C39,=(C39-1)/(B39),"=log(T39, W$1)",=W39+U39*X$1
+1,31.0,3.0,5.0,=D40+A40,"=IF((AND($A40 = ""+0"",$E40 = F$1)), $C40, """")","=IF((AND($A40 = ""+0"",$E40 = G$1)), $C40, """")","=IF((AND($A40 = ""+0"",$E40 = H$1)), $C40, """")","=IF((AND($A40 = ""+0"",$E40 = I$1)), $C40, """")","=IF((AND($A40 = ""+0"",$E40 = J$1)), $C40, """")","=IF((AND($A40 = ""+0"",$E40 = K$1)), $C40, """")","=IF((AND($A40 = ""+0"",$E40 = L$1)), $C40, """")","=IF((AND($A40 = ""+0"",$E40 = M$1)), 2^$D40-$B40, """")","=IF((AND($A40 = ""+0"",$E40 = N$1)), 2^$D40-$B40, """")","=IF((AND($A40 = ""+0"",$E40 = O$1)), 2^$D40-$B40, """")","=IF((AND($A40 = ""+0"",$E40 = P$1)), 2^$D40-$B40, """")","=IF((AND($A40 = ""+0"",$E40 = Q$1)), 2^$D40-$B40, """")","=IF((AND($A40 = ""+0"",$E40 = R$1)), 2^$D40-$B40, """")","=IF((AND($A40 = ""+0"",$E40 = S$1)), 2^$D40-$B40, """")",=B40*C40,=B40/C40,=(C40-1)/(B40),"=log(T40, W$1)",=W40+U40*X$1
+1,30.0,3.0,5.0,=D41+A41,"=IF((AND($A41 = ""+0"",$E41 = F$1)), $C41, """")","=IF((AND($A41 = ""+0"",$E41 = G$1)), $C41, """")","=IF((AND($A41 = ""+0"",$E41 = H$1)), $C41, """")","=IF((AND($A41 = ""+0"",$E41 = I$1)), $C41, """")","=IF((AND($A41 = ""+0"",$E41 = J$1)), $C41, """")","=IF((AND($A41 = ""+0"",$E41 = K$1)), $C41, """")","=IF((AND($A41 = ""+0"",$E41 = L$1)), $C41, """")","=IF((AND($A41 = ""+0"",$E41 = M$1)), 2^$D41-$B41, """")","=IF((AND($A41 = ""+0"",$E41 = N$1)), 2^$D41-$B41, """")","=IF((AND($A41 = ""+0"",$E41 = O$1)), 2^$D41-$B41, """")","=IF((AND($A41 = ""+0"",$E41 = P$1)), 2^$D41-$B41, """")","=IF((AND($A41 = ""+0"",$E41 = Q$1)), 2^$D41-$B41, """")","=IF((AND($A41 = ""+0"",$E41 = R$1)), 2^$D41-$B41, """")","=IF((AND($A41 = ""+0"",$E41 = S$1)), 2^$D41-$B41, """")",=B41*C41,=B41/C41,=(C41-1)/(B41),"=log(T41, W$1)",=W41+U41*X$1
+1,29.0,3.0,5.0,=D42+A42,"=IF((AND($A42 = ""+0"",$E42 = F$1)), $C42, """")","=IF((AND($A42 = ""+0"",$E42 = G$1)), $C42, """")","=IF((AND($A42 = ""+0"",$E42 = H$1)), $C42, """")","=IF((AND($A42 = ""+0"",$E42 = I$1)), $C42, """")","=IF((AND($A42 = ""+0"",$E42 = J$1)), $C42, """")","=IF((AND($A42 = ""+0"",$E42 = K$1)), $C42, """")","=IF((AND($A42 = ""+0"",$E42 = L$1)), $C42, """")","=IF((AND($A42 = ""+0"",$E42 = M$1)), 2^$D42-$B42, """")","=IF((AND($A42 = ""+0"",$E42 = N$1)), 2^$D42-$B42, """")","=IF((AND($A42 = ""+0"",$E42 = O$1)), 2^$D42-$B42, """")","=IF((AND($A42 = ""+0"",$E42 = P$1)), 2^$D42-$B42, """")","=IF((AND($A42 = ""+0"",$E42 = Q$1)), 2^$D42-$B42, """")","=IF((AND($A42 = ""+0"",$E42 = R$1)), 2^$D42-$B42, """")","=IF((AND($A42 = ""+0"",$E42 = S$1)), 2^$D42-$B42, """")",=B42*C42,=B42/C42,=(C42-1)/(B42),"=log(T42, W$1)",=W42+U42*X$1
+1,28.0,3.0,5.0,=D43+A43,"=IF((AND($A43 = ""+0"",$E43 = F$1)), $C43, """")","=IF((AND($A43 = ""+0"",$E43 = G$1)), $C43, """")","=IF((AND($A43 = ""+0"",$E43 = H$1)), $C43, """")","=IF((AND($A43 = ""+0"",$E43 = I$1)), $C43, """")","=IF((AND($A43 = ""+0"",$E43 = J$1)), $C43, """")","=IF((AND($A43 = ""+0"",$E43 = K$1)), $C43, """")","=IF((AND($A43 = ""+0"",$E43 = L$1)), $C43, """")","=IF((AND($A43 = ""+0"",$E43 = M$1)), 2^$D43-$B43, """")","=IF((AND($A43 = ""+0"",$E43 = N$1)), 2^$D43-$B43, """")","=IF((AND($A43 = ""+0"",$E43 = O$1)), 2^$D43-$B43, """")","=IF((AND($A43 = ""+0"",$E43 = P$1)), 2^$D43-$B43, """")","=IF((AND($A43 = ""+0"",$E43 = Q$1)), 2^$D43-$B43, """")","=IF((AND($A43 = ""+0"",$E43 = R$1)), 2^$D43-$B43, """")","=IF((AND($A43 = ""+0"",$E43 = S$1)), 2^$D43-$B43, """")",=B43*C43,=B43/C43,=(C43-1)/(B43),"=log(T43, W$1)",=W43+U43*X$1
+0,27.0,3.0,5.0,=D44+A44,"=IF((AND($A44 = ""+0"",$E44 = F$1)), $C44, """")","=IF((AND($A44 = ""+0"",$E44 = G$1)), $C44, """")","=IF((AND($A44 = ""+0"",$E44 = H$1)), $C44, """")","=IF((AND($A44 = ""+0"",$E44 = I$1)), $C44, """")","=IF((AND($A44 = ""+0"",$E44 = J$1)), $C44, """")","=IF((AND($A44 = ""+0"",$E44 = K$1)), $C44, """")","=IF((AND($A44 = ""+0"",$E44 = L$1)), $C44, """")","=IF((AND($A44 = ""+0"",$E44 = M$1)), 2^$D44-$B44, """")","=IF((AND($A44 = ""+0"",$E44 = N$1)), 2^$D44-$B44, """")","=IF((AND($A44 = ""+0"",$E44 = O$1)), 2^$D44-$B44, """")","=IF((AND($A44 = ""+0"",$E44 = P$1)), 2^$D44-$B44, """")","=IF((AND($A44 = ""+0"",$E44 = Q$1)), 2^$D44-$B44, """")","=IF((AND($A44 = ""+0"",$E44 = R$1)), 2^$D44-$B44, """")","=IF((AND($A44 = ""+0"",$E44 = S$1)), 2^$D44-$B44, """")",=B44*C44,=B44/C44,=(C44-1)/(B44),"=log(T44, W$1)",=W44+U44*X$1
+1,27.0,4.0,5.0,=D45+A45,"=IF((AND($A45 = ""+0"",$E45 = F$1)), $C45, """")","=IF((AND($A45 = ""+0"",$E45 = G$1)), $C45, """")","=IF((AND($A45 = ""+0"",$E45 = H$1)), $C45, """")","=IF((AND($A45 = ""+0"",$E45 = I$1)), $C45, """")","=IF((AND($A45 = ""+0"",$E45 = J$1)), $C45, """")","=IF((AND($A45 = ""+0"",$E45 = K$1)), $C45, """")","=IF((AND($A45 = ""+0"",$E45 = L$1)), $C45, """")","=IF((AND($A45 = ""+0"",$E45 = M$1)), 2^$D45-$B45, """")","=IF((AND($A45 = ""+0"",$E45 = N$1)), 2^$D45-$B45, """")","=IF((AND($A45 = ""+0"",$E45 = O$1)), 2^$D45-$B45, """")","=IF((AND($A45 = ""+0"",$E45 = P$1)), 2^$D45-$B45, """")","=IF((AND($A45 = ""+0"",$E45 = Q$1)), 2^$D45-$B45, """")","=IF((AND($A45 = ""+0"",$E45 = R$1)), 2^$D45-$B45, """")","=IF((AND($A45 = ""+0"",$E45 = S$1)), 2^$D45-$B45, """")",=B45*C45,=B45/C45,=(C45-1)/(B45),"=log(T45, W$1)",=W45+U45*X$1
+1,26.0,4.0,5.0,=D46+A46,"=IF((AND($A46 = ""+0"",$E46 = F$1)), $C46, """")","=IF((AND($A46 = ""+0"",$E46 = G$1)), $C46, """")","=IF((AND($A46 = ""+0"",$E46 = H$1)), $C46, """")","=IF((AND($A46 = ""+0"",$E46 = I$1)), $C46, """")","=IF((AND($A46 = ""+0"",$E46 = J$1)), $C46, """")","=IF((AND($A46 = ""+0"",$E46 = K$1)), $C46, """")","=IF((AND($A46 = ""+0"",$E46 = L$1)), $C46, """")","=IF((AND($A46 = ""+0"",$E46 = M$1)), 2^$D46-$B46, """")","=IF((AND($A46 = ""+0"",$E46 = N$1)), 2^$D46-$B46, """")","=IF((AND($A46 = ""+0"",$E46 = O$1)), 2^$D46-$B46, """")","=IF((AND($A46 = ""+0"",$E46 = P$1)), 2^$D46-$B46, """")","=IF((AND($A46 = ""+0"",$E46 = Q$1)), 2^$D46-$B46, """")","=IF((AND($A46 = ""+0"",$E46 = R$1)), 2^$D46-$B46, """")","=IF((AND($A46 = ""+0"",$E46 = S$1)), 2^$D46-$B46, """")",=B46*C46,=B46/C46,=(C46-1)/(B46),"=log(T46, W$1)",=W46+U46*X$1
+1,25.0,4.0,5.0,=D47+A47,"=IF((AND($A47 = ""+0"",$E47 = F$1)), $C47, """")","=IF((AND($A47 = ""+0"",$E47 = G$1)), $C47, """")","=IF((AND($A47 = ""+0"",$E47 = H$1)), $C47, """")","=IF((AND($A47 = ""+0"",$E47 = I$1)), $C47, """")","=IF((AND($A47 = ""+0"",$E47 = J$1)), $C47, """")","=IF((AND($A47 = ""+0"",$E47 = K$1)), $C47, """")","=IF((AND($A47 = ""+0"",$E47 = L$1)), $C47, """")","=IF((AND($A47 = ""+0"",$E47 = M$1)), 2^$D47-$B47, """")","=IF((AND($A47 = ""+0"",$E47 = N$1)), 2^$D47-$B47, """")","=IF((AND($A47 = ""+0"",$E47 = O$1)), 2^$D47-$B47, """")","=IF((AND($A47 = ""+0"",$E47 = P$1)), 2^$D47-$B47, """")","=IF((AND($A47 = ""+0"",$E47 = Q$1)), 2^$D47-$B47, """")","=IF((AND($A47 = ""+0"",$E47 = R$1)), 2^$D47-$B47, """")","=IF((AND($A47 = ""+0"",$E47 = S$1)), 2^$D47-$B47, """")",=B47*C47,=B47/C47,=(C47-1)/(B47),"=log(T47, W$1)",=W47+U47*X$1
+0,24.0,4.0,5.0,=D48+A48,"=IF((AND($A48 = ""+0"",$E48 = F$1)), $C48, """")","=IF((AND($A48 = ""+0"",$E48 = G$1)), $C48, """")","=IF((AND($A48 = ""+0"",$E48 = H$1)), $C48, """")","=IF((AND($A48 = ""+0"",$E48 = I$1)), $C48, """")","=IF((AND($A48 = ""+0"",$E48 = J$1)), $C48, """")","=IF((AND($A48 = ""+0"",$E48 = K$1)), $C48, """")","=IF((AND($A48 = ""+0"",$E48 = L$1)), $C48, """")","=IF((AND($A48 = ""+0"",$E48 = M$1)), 2^$D48-$B48, """")","=IF((AND($A48 = ""+0"",$E48 = N$1)), 2^$D48-$B48, """")","=IF((AND($A48 = ""+0"",$E48 = O$1)), 2^$D48-$B48, """")","=IF((AND($A48 = ""+0"",$E48 = P$1)), 2^$D48-$B48, """")","=IF((AND($A48 = ""+0"",$E48 = Q$1)), 2^$D48-$B48, """")","=IF((AND($A48 = ""+0"",$E48 = R$1)), 2^$D48-$B48, """")","=IF((AND($A48 = ""+0"",$E48 = S$1)), 2^$D48-$B48, """")",=B48*C48,=B48/C48,=(C48-1)/(B48),"=log(T48, W$1)",=W48+U48*X$1
+1,24.0,5.0,5.0,=D49+A49,"=IF((AND($A49 = ""+0"",$E49 = F$1)), $C49, """")","=IF((AND($A49 = ""+0"",$E49 = G$1)), $C49, """")","=IF((AND($A49 = ""+0"",$E49 = H$1)), $C49, """")","=IF((AND($A49 = ""+0"",$E49 = I$1)), $C49, """")","=IF((AND($A49 = ""+0"",$E49 = J$1)), $C49, """")","=IF((AND($A49 = ""+0"",$E49 = K$1)), $C49, """")","=IF((AND($A49 = ""+0"",$E49 = L$1)), $C49, """")","=IF((AND($A49 = ""+0"",$E49 = M$1)), 2^$D49-$B49, """")","=IF((AND($A49 = ""+0"",$E49 = N$1)), 2^$D49-$B49, """")","=IF((AND($A49 = ""+0"",$E49 = O$1)), 2^$D49-$B49, """")","=IF((AND($A49 = ""+0"",$E49 = P$1)), 2^$D49-$B49, """")","=IF((AND($A49 = ""+0"",$E49 = Q$1)), 2^$D49-$B49, """")","=IF((AND($A49 = ""+0"",$E49 = R$1)), 2^$D49-$B49, """")","=IF((AND($A49 = ""+0"",$E49 = S$1)), 2^$D49-$B49, """")",=B49*C49,=B49/C49,=(C49-1)/(B49),"=log(T49, W$1)",=W49+U49*X$1
+1,23.0,5.0,5.0,=D50+A50,"=IF((AND($A50 = ""+0"",$E50 = F$1)), $C50, """")","=IF((AND($A50 = ""+0"",$E50 = G$1)), $C50, """")","=IF((AND($A50 = ""+0"",$E50 = H$1)), $C50, """")","=IF((AND($A50 = ""+0"",$E50 = I$1)), $C50, """")","=IF((AND($A50 = ""+0"",$E50 = J$1)), $C50, """")","=IF((AND($A50 = ""+0"",$E50 = K$1)), $C50, """")","=IF((AND($A50 = ""+0"",$E50 = L$1)), $C50, """")","=IF((AND($A50 = ""+0"",$E50 = M$1)), 2^$D50-$B50, """")","=IF((AND($A50 = ""+0"",$E50 = N$1)), 2^$D50-$B50, """")","=IF((AND($A50 = ""+0"",$E50 = O$1)), 2^$D50-$B50, """")","=IF((AND($A50 = ""+0"",$E50 = P$1)), 2^$D50-$B50, """")","=IF((AND($A50 = ""+0"",$E50 = Q$1)), 2^$D50-$B50, """")","=IF((AND($A50 = ""+0"",$E50 = R$1)), 2^$D50-$B50, """")","=IF((AND($A50 = ""+0"",$E50 = S$1)), 2^$D50-$B50, """")",=B50*C50,=B50/C50,=(C50-1)/(B50),"=log(T50, W$1)",=W50+U50*X$1
+0,22.0,5.0,5.0,=D51+A51,"=IF((AND($A51 = ""+0"",$E51 = F$1)), $C51, """")","=IF((AND($A51 = ""+0"",$E51 = G$1)), $C51, """")","=IF((AND($A51 = ""+0"",$E51 = H$1)), $C51, """")","=IF((AND($A51 = ""+0"",$E51 = I$1)), $C51, """")","=IF((AND($A51 = ""+0"",$E51 = J$1)), $C51, """")","=IF((AND($A51 = ""+0"",$E51 = K$1)), $C51, """")","=IF((AND($A51 = ""+0"",$E51 = L$1)), $C51, """")","=IF((AND($A51 = ""+0"",$E51 = M$1)), 2^$D51-$B51, """")","=IF((AND($A51 = ""+0"",$E51 = N$1)), 2^$D51-$B51, """")","=IF((AND($A51 = ""+0"",$E51 = O$1)), 2^$D51-$B51, """")","=IF((AND($A51 = ""+0"",$E51 = P$1)), 2^$D51-$B51, """")","=IF((AND($A51 = ""+0"",$E51 = Q$1)), 2^$D51-$B51, """")","=IF((AND($A51 = ""+0"",$E51 = R$1)), 2^$D51-$B51, """")","=IF((AND($A51 = ""+0"",$E51 = S$1)), 2^$D51-$B51, """")",=B51*C51,=B51/C51,=(C51-1)/(B51),"=log(T51, W$1)",=W51+U51*X$1
+1,22.0,6.0,5.0,=D52+A52,"=IF((AND($A52 = ""+0"",$E52 = F$1)), $C52, """")","=IF((AND($A52 = ""+0"",$E52 = G$1)), $C52, """")","=IF((AND($A52 = ""+0"",$E52 = H$1)), $C52, """")","=IF((AND($A52 = ""+0"",$E52 = I$1)), $C52, """")","=IF((AND($A52 = ""+0"",$E52 = J$1)), $C52, """")","=IF((AND($A52 = ""+0"",$E52 = K$1)), $C52, """")","=IF((AND($A52 = ""+0"",$E52 = L$1)), $C52, """")","=IF((AND($A52 = ""+0"",$E52 = M$1)), 2^$D52-$B52, """")","=IF((AND($A52 = ""+0"",$E52 = N$1)), 2^$D52-$B52, """")","=IF((AND($A52 = ""+0"",$E52 = O$1)), 2^$D52-$B52, """")","=IF((AND($A52 = ""+0"",$E52 = P$1)), 2^$D52-$B52, """")","=IF((AND($A52 = ""+0"",$E52 = Q$1)), 2^$D52-$B52, """")","=IF((AND($A52 = ""+0"",$E52 = R$1)), 2^$D52-$B52, """")","=IF((AND($A52 = ""+0"",$E52 = S$1)), 2^$D52-$B52, """")",=B52*C52,=B52/C52,=(C52-1)/(B52),"=log(T52, W$1)",=W52+U52*X$1
+1,21.0,6.0,5.0,=D53+A53,"=IF((AND($A53 = ""+0"",$E53 = F$1)), $C53, """")","=IF((AND($A53 = ""+0"",$E53 = G$1)), $C53, """")","=IF((AND($A53 = ""+0"",$E53 = H$1)), $C53, """")","=IF((AND($A53 = ""+0"",$E53 = I$1)), $C53, """")","=IF((AND($A53 = ""+0"",$E53 = J$1)), $C53, """")","=IF((AND($A53 = ""+0"",$E53 = K$1)), $C53, """")","=IF((AND($A53 = ""+0"",$E53 = L$1)), $C53, """")","=IF((AND($A53 = ""+0"",$E53 = M$1)), 2^$D53-$B53, """")","=IF((AND($A53 = ""+0"",$E53 = N$1)), 2^$D53-$B53, """")","=IF((AND($A53 = ""+0"",$E53 = O$1)), 2^$D53-$B53, """")","=IF((AND($A53 = ""+0"",$E53 = P$1)), 2^$D53-$B53, """")","=IF((AND($A53 = ""+0"",$E53 = Q$1)), 2^$D53-$B53, """")","=IF((AND($A53 = ""+0"",$E53 = R$1)), 2^$D53-$B53, """")","=IF((AND($A53 = ""+0"",$E53 = S$1)), 2^$D53-$B53, """")",=B53*C53,=B53/C53,=(C53-1)/(B53),"=log(T53, W$1)",=W53+U53*X$1
+1,20.0,6.0,5.0,=D54+A54,"=IF((AND($A54 = ""+0"",$E54 = F$1)), $C54, """")","=IF((AND($A54 = ""+0"",$E54 = G$1)), $C54, """")","=IF((AND($A54 = ""+0"",$E54 = H$1)), $C54, """")","=IF((AND($A54 = ""+0"",$E54 = I$1)), $C54, """")","=IF((AND($A54 = ""+0"",$E54 = J$1)), $C54, """")","=IF((AND($A54 = ""+0"",$E54 = K$1)), $C54, """")","=IF((AND($A54 = ""+0"",$E54 = L$1)), $C54, """")","=IF((AND($A54 = ""+0"",$E54 = M$1)), 2^$D54-$B54, """")","=IF((AND($A54 = ""+0"",$E54 = N$1)), 2^$D54-$B54, """")","=IF((AND($A54 = ""+0"",$E54 = O$1)), 2^$D54-$B54, """")","=IF((AND($A54 = ""+0"",$E54 = P$1)), 2^$D54-$B54, """")","=IF((AND($A54 = ""+0"",$E54 = Q$1)), 2^$D54-$B54, """")","=IF((AND($A54 = ""+0"",$E54 = R$1)), 2^$D54-$B54, """")","=IF((AND($A54 = ""+0"",$E54 = S$1)), 2^$D54-$B54, """")",=B54*C54,=B54/C54,=(C54-1)/(B54),"=log(T54, W$1)",=W54+U54*X$1
+0,19.0,6.0,5.0,=D55+A55,"=IF((AND($A55 = ""+0"",$E55 = F$1)), $C55, """")","=IF((AND($A55 = ""+0"",$E55 = G$1)), $C55, """")","=IF((AND($A55 = ""+0"",$E55 = H$1)), $C55, """")","=IF((AND($A55 = ""+0"",$E55 = I$1)), $C55, """")","=IF((AND($A55 = ""+0"",$E55 = J$1)), $C55, """")","=IF((AND($A55 = ""+0"",$E55 = K$1)), $C55, """")","=IF((AND($A55 = ""+0"",$E55 = L$1)), $C55, """")","=IF((AND($A55 = ""+0"",$E55 = M$1)), 2^$D55-$B55, """")","=IF((AND($A55 = ""+0"",$E55 = N$1)), 2^$D55-$B55, """")","=IF((AND($A55 = ""+0"",$E55 = O$1)), 2^$D55-$B55, """")","=IF((AND($A55 = ""+0"",$E55 = P$1)), 2^$D55-$B55, """")","=IF((AND($A55 = ""+0"",$E55 = Q$1)), 2^$D55-$B55, """")","=IF((AND($A55 = ""+0"",$E55 = R$1)), 2^$D55-$B55, """")","=IF((AND($A55 = ""+0"",$E55 = S$1)), 2^$D55-$B55, """")",=B55*C55,=B55/C55,=(C55-1)/(B55),"=log(T55, W$1)",=W55+U55*X$1
+1,19.0,7.0,5.0,=D56+A56,"=IF((AND($A56 = ""+0"",$E56 = F$1)), $C56, """")","=IF((AND($A56 = ""+0"",$E56 = G$1)), $C56, """")","=IF((AND($A56 = ""+0"",$E56 = H$1)), $C56, """")","=IF((AND($A56 = ""+0"",$E56 = I$1)), $C56, """")","=IF((AND($A56 = ""+0"",$E56 = J$1)), $C56, """")","=IF((AND($A56 = ""+0"",$E56 = K$1)), $C56, """")","=IF((AND($A56 = ""+0"",$E56 = L$1)), $C56, """")","=IF((AND($A56 = ""+0"",$E56 = M$1)), 2^$D56-$B56, """")","=IF((AND($A56 = ""+0"",$E56 = N$1)), 2^$D56-$B56, """")","=IF((AND($A56 = ""+0"",$E56 = O$1)), 2^$D56-$B56, """")","=IF((AND($A56 = ""+0"",$E56 = P$1)), 2^$D56-$B56, """")","=IF((AND($A56 = ""+0"",$E56 = Q$1)), 2^$D56-$B56, """")","=IF((AND($A56 = ""+0"",$E56 = R$1)), 2^$D56-$B56, """")","=IF((AND($A56 = ""+0"",$E56 = S$1)), 2^$D56-$B56, """")",=B56*C56,=B56/C56,=(C56-1)/(B56),"=log(T56, W$1)",=W56+U56*X$1
+1,18.0,7.0,5.0,=D57+A57,"=IF((AND($A57 = ""+0"",$E57 = F$1)), $C57, """")","=IF((AND($A57 = ""+0"",$E57 = G$1)), $C57, """")","=IF((AND($A57 = ""+0"",$E57 = H$1)), $C57, """")","=IF((AND($A57 = ""+0"",$E57 = I$1)), $C57, """")","=IF((AND($A57 = ""+0"",$E57 = J$1)), $C57, """")","=IF((AND($A57 = ""+0"",$E57 = K$1)), $C57, """")","=IF((AND($A57 = ""+0"",$E57 = L$1)), $C57, """")","=IF((AND($A57 = ""+0"",$E57 = M$1)), 2^$D57-$B57, """")","=IF((AND($A57 = ""+0"",$E57 = N$1)), 2^$D57-$B57, """")","=IF((AND($A57 = ""+0"",$E57 = O$1)), 2^$D57-$B57, """")","=IF((AND($A57 = ""+0"",$E57 = P$1)), 2^$D57-$B57, """")","=IF((AND($A57 = ""+0"",$E57 = Q$1)), 2^$D57-$B57, """")","=IF((AND($A57 = ""+0"",$E57 = R$1)), 2^$D57-$B57, """")","=IF((AND($A57 = ""+0"",$E57 = S$1)), 2^$D57-$B57, """")",=B57*C57,=B57/C57,=(C57-1)/(B57),"=log(T57, W$1)",=W57+U57*X$1
+0,17.0,7.0,5.0,=D58+A58,"=IF((AND($A58 = ""+0"",$E58 = F$1)), $C58, """")","=IF((AND($A58 = ""+0"",$E58 = G$1)), $C58, """")","=IF((AND($A58 = ""+0"",$E58 = H$1)), $C58, """")","=IF((AND($A58 = ""+0"",$E58 = I$1)), $C58, """")","=IF((AND($A58 = ""+0"",$E58 = J$1)), $C58, """")","=IF((AND($A58 = ""+0"",$E58 = K$1)), $C58, """")","=IF((AND($A58 = ""+0"",$E58 = L$1)), $C58, """")","=IF((AND($A58 = ""+0"",$E58 = M$1)), 2^$D58-$B58, """")","=IF((AND($A58 = ""+0"",$E58 = N$1)), 2^$D58-$B58, """")","=IF((AND($A58 = ""+0"",$E58 = O$1)), 2^$D58-$B58, """")","=IF((AND($A58 = ""+0"",$E58 = P$1)), 2^$D58-$B58, """")","=IF((AND($A58 = ""+0"",$E58 = Q$1)), 2^$D58-$B58, """")","=IF((AND($A58 = ""+0"",$E58 = R$1)), 2^$D58-$B58, """")","=IF((AND($A58 = ""+0"",$E58 = S$1)), 2^$D58-$B58, """")",=B58*C58,=B58/C58,=(C58-1)/(B58),"=log(T58, W$1)",=W58+U58*X$1
+1,17.0,8.0,5.0,=D59+A59,"=IF((AND($A59 = ""+0"",$E59 = F$1)), $C59, """")","=IF((AND($A59 = ""+0"",$E59 = G$1)), $C59, """")","=IF((AND($A59 = ""+0"",$E59 = H$1)), $C59, """")","=IF((AND($A59 = ""+0"",$E59 = I$1)), $C59, """")","=IF((AND($A59 = ""+0"",$E59 = J$1)), $C59, """")","=IF((AND($A59 = ""+0"",$E59 = K$1)), $C59, """")","=IF((AND($A59 = ""+0"",$E59 = L$1)), $C59, """")","=IF((AND($A59 = ""+0"",$E59 = M$1)), 2^$D59-$B59, """")","=IF((AND($A59 = ""+0"",$E59 = N$1)), 2^$D59-$B59, """")","=IF((AND($A59 = ""+0"",$E59 = O$1)), 2^$D59-$B59, """")","=IF((AND($A59 = ""+0"",$E59 = P$1)), 2^$D59-$B59, """")","=IF((AND($A59 = ""+0"",$E59 = Q$1)), 2^$D59-$B59, """")","=IF((AND($A59 = ""+0"",$E59 = R$1)), 2^$D59-$B59, """")","=IF((AND($A59 = ""+0"",$E59 = S$1)), 2^$D59-$B59, """")",=B59*C59,=B59/C59,=(C59-1)/(B59),"=log(T59, W$1)",=W59+U59*X$1
+1,16.0,8.0,5.0,=D60+A60,"=IF((AND($A60 = ""+0"",$E60 = F$1)), $C60, """")","=IF((AND($A60 = ""+0"",$E60 = G$1)), $C60, """")","=IF((AND($A60 = ""+0"",$E60 = H$1)), $C60, """")","=IF((AND($A60 = ""+0"",$E60 = I$1)), $C60, """")","=IF((AND($A60 = ""+0"",$E60 = J$1)), $C60, """")","=IF((AND($A60 = ""+0"",$E60 = K$1)), $C60, """")","=IF((AND($A60 = ""+0"",$E60 = L$1)), $C60, """")","=IF((AND($A60 = ""+0"",$E60 = M$1)), 2^$D60-$B60, """")","=IF((AND($A60 = ""+0"",$E60 = N$1)), 2^$D60-$B60, """")","=IF((AND($A60 = ""+0"",$E60 = O$1)), 2^$D60-$B60, """")","=IF((AND($A60 = ""+0"",$E60 = P$1)), 2^$D60-$B60, """")","=IF((AND($A60 = ""+0"",$E60 = Q$1)), 2^$D60-$B60, """")","=IF((AND($A60 = ""+0"",$E60 = R$1)), 2^$D60-$B60, """")","=IF((AND($A60 = ""+0"",$E60 = S$1)), 2^$D60-$B60, """")",=B60*C60,=B60/C60,=(C60-1)/(B60),"=log(T60, W$1)",=W60+U60*X$1
+0,15.0,8.0,5.0,=D61+A61,"=IF((AND($A61 = ""+0"",$E61 = F$1)), $C61, """")","=IF((AND($A61 = ""+0"",$E61 = G$1)), $C61, """")","=IF((AND($A61 = ""+0"",$E61 = H$1)), $C61, """")","=IF((AND($A61 = ""+0"",$E61 = I$1)), $C61, """")","=IF((AND($A61 = ""+0"",$E61 = J$1)), $C61, """")","=IF((AND($A61 = ""+0"",$E61 = K$1)), $C61, """")","=IF((AND($A61 = ""+0"",$E61 = L$1)), $C61, """")","=IF((AND($A61 = ""+0"",$E61 = M$1)), 2^$D61-$B61, """")","=IF((AND($A61 = ""+0"",$E61 = N$1)), 2^$D61-$B61, """")","=IF((AND($A61 = ""+0"",$E61 = O$1)), 2^$D61-$B61, """")","=IF((AND($A61 = ""+0"",$E61 = P$1)), 2^$D61-$B61, """")","=IF((AND($A61 = ""+0"",$E61 = Q$1)), 2^$D61-$B61, """")","=IF((AND($A61 = ""+0"",$E61 = R$1)), 2^$D61-$B61, """")","=IF((AND($A61 = ""+0"",$E61 = S$1)), 2^$D61-$B61, """")",=B61*C61,=B61/C61,=(C61-1)/(B61),"=log(T61, W$1)",=W61+U61*X$1
+1,15.0,9.0,5.0,=D62+A62,"=IF((AND($A62 = ""+0"",$E62 = F$1)), $C62, """")","=IF((AND($A62 = ""+0"",$E62 = G$1)), $C62, """")","=IF((AND($A62 = ""+0"",$E62 = H$1)), $C62, """")","=IF((AND($A62 = ""+0"",$E62 = I$1)), $C62, """")","=IF((AND($A62 = ""+0"",$E62 = J$1)), $C62, """")","=IF((AND($A62 = ""+0"",$E62 = K$1)), $C62, """")","=IF((AND($A62 = ""+0"",$E62 = L$1)), $C62, """")","=IF((AND($A62 = ""+0"",$E62 = M$1)), 2^$D62-$B62, """")","=IF((AND($A62 = ""+0"",$E62 = N$1)), 2^$D62-$B62, """")","=IF((AND($A62 = ""+0"",$E62 = O$1)), 2^$D62-$B62, """")","=IF((AND($A62 = ""+0"",$E62 = P$1)), 2^$D62-$B62, """")","=IF((AND($A62 = ""+0"",$E62 = Q$1)), 2^$D62-$B62, """")","=IF((AND($A62 = ""+0"",$E62 = R$1)), 2^$D62-$B62, """")","=IF((AND($A62 = ""+0"",$E62 = S$1)), 2^$D62-$B62, """")",=B62*C62,=B62/C62,=(C62-1)/(B62),"=log(T62, W$1)",=W62+U62*X$1
+0,14.0,9.0,5.0,=D63+A63,"=IF((AND($A63 = ""+0"",$E63 = F$1)), $C63, """")","=IF((AND($A63 = ""+0"",$E63 = G$1)), $C63, """")","=IF((AND($A63 = ""+0"",$E63 = H$1)), $C63, """")","=IF((AND($A63 = ""+0"",$E63 = I$1)), $C63, """")","=IF((AND($A63 = ""+0"",$E63 = J$1)), $C63, """")","=IF((AND($A63 = ""+0"",$E63 = K$1)), $C63, """")","=IF((AND($A63 = ""+0"",$E63 = L$1)), $C63, """")","=IF((AND($A63 = ""+0"",$E63 = M$1)), 2^$D63-$B63, """")","=IF((AND($A63 = ""+0"",$E63 = N$1)), 2^$D63-$B63, """")","=IF((AND($A63 = ""+0"",$E63 = O$1)), 2^$D63-$B63, """")","=IF((AND($A63 = ""+0"",$E63 = P$1)), 2^$D63-$B63, """")","=IF((AND($A63 = ""+0"",$E63 = Q$1)), 2^$D63-$B63, """")","=IF((AND($A63 = ""+0"",$E63 = R$1)), 2^$D63-$B63, """")","=IF((AND($A63 = ""+0"",$E63 = S$1)), 2^$D63-$B63, """")",=B63*C63,=B63/C63,=(C63-1)/(B63),"=log(T63, W$1)",=W63+U63*X$1
+1,14.0,10.0,5.0,=D64+A64,"=IF((AND($A64 = ""+0"",$E64 = F$1)), $C64, """")","=IF((AND($A64 = ""+0"",$E64 = G$1)), $C64, """")","=IF((AND($A64 = ""+0"",$E64 = H$1)), $C64, """")","=IF((AND($A64 = ""+0"",$E64 = I$1)), $C64, """")","=IF((AND($A64 = ""+0"",$E64 = J$1)), $C64, """")","=IF((AND($A64 = ""+0"",$E64 = K$1)), $C64, """")","=IF((AND($A64 = ""+0"",$E64 = L$1)), $C64, """")","=IF((AND($A64 = ""+0"",$E64 = M$1)), 2^$D64-$B64, """")","=IF((AND($A64 = ""+0"",$E64 = N$1)), 2^$D64-$B64, """")","=IF((AND($A64 = ""+0"",$E64 = O$1)), 2^$D64-$B64, """")","=IF((AND($A64 = ""+0"",$E64 = P$1)), 2^$D64-$B64, """")","=IF((AND($A64 = ""+0"",$E64 = Q$1)), 2^$D64-$B64, """")","=IF((AND($A64 = ""+0"",$E64 = R$1)), 2^$D64-$B64, """")","=IF((AND($A64 = ""+0"",$E64 = S$1)), 2^$D64-$B64, """")",=B64*C64,=B64/C64,=(C64-1)/(B64),"=log(T64, W$1)",=W64+U64*X$1
+1,13.0,10.0,5.0,=D65+A65,"=IF((AND($A65 = ""+0"",$E65 = F$1)), $C65, """")","=IF((AND($A65 = ""+0"",$E65 = G$1)), $C65, """")","=IF((AND($A65 = ""+0"",$E65 = H$1)), $C65, """")","=IF((AND($A65 = ""+0"",$E65 = I$1)), $C65, """")","=IF((AND($A65 = ""+0"",$E65 = J$1)), $C65, """")","=IF((AND($A65 = ""+0"",$E65 = K$1)), $C65, """")","=IF((AND($A65 = ""+0"",$E65 = L$1)), $C65, """")","=IF((AND($A65 = ""+0"",$E65 = M$1)), 2^$D65-$B65, """")","=IF((AND($A65 = ""+0"",$E65 = N$1)), 2^$D65-$B65, """")","=IF((AND($A65 = ""+0"",$E65 = O$1)), 2^$D65-$B65, """")","=IF((AND($A65 = ""+0"",$E65 = P$1)), 2^$D65-$B65, """")","=IF((AND($A65 = ""+0"",$E65 = Q$1)), 2^$D65-$B65, """")","=IF((AND($A65 = ""+0"",$E65 = R$1)), 2^$D65-$B65, """")","=IF((AND($A65 = ""+0"",$E65 = S$1)), 2^$D65-$B65, """")",=B65*C65,=B65/C65,=(C65-1)/(B65),"=log(T65, W$1)",=W65+U65*X$1
+0,12.0,10.0,5.0,=D66+A66,"=IF((AND($A66 = ""+0"",$E66 = F$1)), $C66, """")","=IF((AND($A66 = ""+0"",$E66 = G$1)), $C66, """")","=IF((AND($A66 = ""+0"",$E66 = H$1)), $C66, """")","=IF((AND($A66 = ""+0"",$E66 = I$1)), $C66, """")","=IF((AND($A66 = ""+0"",$E66 = J$1)), $C66, """")","=IF((AND($A66 = ""+0"",$E66 = K$1)), $C66, """")","=IF((AND($A66 = ""+0"",$E66 = L$1)), $C66, """")","=IF((AND($A66 = ""+0"",$E66 = M$1)), 2^$D66-$B66, """")","=IF((AND($A66 = ""+0"",$E66 = N$1)), 2^$D66-$B66, """")","=IF((AND($A66 = ""+0"",$E66 = O$1)), 2^$D66-$B66, """")","=IF((AND($A66 = ""+0"",$E66 = P$1)), 2^$D66-$B66, """")","=IF((AND($A66 = ""+0"",$E66 = Q$1)), 2^$D66-$B66, """")","=IF((AND($A66 = ""+0"",$E66 = R$1)), 2^$D66-$B66, """")","=IF((AND($A66 = ""+0"",$E66 = S$1)), 2^$D66-$B66, """")",=B66*C66,=B66/C66,=(C66-1)/(B66),"=log(T66, W$1)",=W66+U66*X$1
+1,12.0,11.0,5.0,=D67+A67,"=IF((AND($A67 = ""+0"",$E67 = F$1)), $C67, """")","=IF((AND($A67 = ""+0"",$E67 = G$1)), $C67, """")","=IF((AND($A67 = ""+0"",$E67 = H$1)), $C67, """")","=IF((AND($A67 = ""+0"",$E67 = I$1)), $C67, """")","=IF((AND($A67 = ""+0"",$E67 = J$1)), $C67, """")","=IF((AND($A67 = ""+0"",$E67 = K$1)), $C67, """")","=IF((AND($A67 = ""+0"",$E67 = L$1)), $C67, """")","=IF((AND($A67 = ""+0"",$E67 = M$1)), 2^$D67-$B67, """")","=IF((AND($A67 = ""+0"",$E67 = N$1)), 2^$D67-$B67, """")","=IF((AND($A67 = ""+0"",$E67 = O$1)), 2^$D67-$B67, """")","=IF((AND($A67 = ""+0"",$E67 = P$1)), 2^$D67-$B67, """")","=IF((AND($A67 = ""+0"",$E67 = Q$1)), 2^$D67-$B67, """")","=IF((AND($A67 = ""+0"",$E67 = R$1)), 2^$D67-$B67, """")","=IF((AND($A67 = ""+0"",$E67 = S$1)), 2^$D67-$B67, """")",=B67*C67,=B67/C67,=(C67-1)/(B67),"=log(T67, W$1)",=W67+U67*X$1
+0,11.0,11.0,5.0,=D68+A68,"=IF((AND($A68 = ""+0"",$E68 = F$1)), $C68, """")","=IF((AND($A68 = ""+0"",$E68 = G$1)), $C68, """")","=IF((AND($A68 = ""+0"",$E68 = H$1)), $C68, """")","=IF((AND($A68 = ""+0"",$E68 = I$1)), $C68, """")","=IF((AND($A68 = ""+0"",$E68 = J$1)), $C68, """")","=IF((AND($A68 = ""+0"",$E68 = K$1)), $C68, """")","=IF((AND($A68 = ""+0"",$E68 = L$1)), $C68, """")","=IF((AND($A68 = ""+0"",$E68 = M$1)), 2^$D68-$B68, """")","=IF((AND($A68 = ""+0"",$E68 = N$1)), 2^$D68-$B68, """")","=IF((AND($A68 = ""+0"",$E68 = O$1)), 2^$D68-$B68, """")","=IF((AND($A68 = ""+0"",$E68 = P$1)), 2^$D68-$B68, """")","=IF((AND($A68 = ""+0"",$E68 = Q$1)), 2^$D68-$B68, """")","=IF((AND($A68 = ""+0"",$E68 = R$1)), 2^$D68-$B68, """")","=IF((AND($A68 = ""+0"",$E68 = S$1)), 2^$D68-$B68, """")",=B68*C68,=B68/C68,=(C68-1)/(B68),"=log(T68, W$1)",=W68+U68*X$1
+1,65.0,1.0,6.0,=D69+A69,"=IF((AND($A69 = ""+0"",$E69 = F$1)), $C69, """")","=IF((AND($A69 = ""+0"",$E69 = G$1)), $C69, """")","=IF((AND($A69 = ""+0"",$E69 = H$1)), $C69, """")","=IF((AND($A69 = ""+0"",$E69 = I$1)), $C69, """")","=IF((AND($A69 = ""+0"",$E69 = J$1)), $C69, """")","=IF((AND($A69 = ""+0"",$E69 = K$1)), $C69, """")","=IF((AND($A69 = ""+0"",$E69 = L$1)), $C69, """")","=IF((AND($A69 = ""+0"",$E69 = M$1)), 2^$D69-$B69, """")","=IF((AND($A69 = ""+0"",$E69 = N$1)), 2^$D69-$B69, """")","=IF((AND($A69 = ""+0"",$E69 = O$1)), 2^$D69-$B69, """")","=IF((AND($A69 = ""+0"",$E69 = P$1)), 2^$D69-$B69, """")","=IF((AND($A69 = ""+0"",$E69 = Q$1)), 2^$D69-$B69, """")","=IF((AND($A69 = ""+0"",$E69 = R$1)), 2^$D69-$B69, """")","=IF((AND($A69 = ""+0"",$E69 = S$1)), 2^$D69-$B69, """")",=B69*C69,=B69/C69,=(C69-1)/(B69),"=log(T69, W$1)",=W69+U69*X$1
+0,64.0,1.0,6.0,=D70+A70,"=IF((AND($A70 = ""+0"",$E70 = F$1)), $C70, """")","=IF((AND($A70 = ""+0"",$E70 = G$1)), $C70, """")","=IF((AND($A70 = ""+0"",$E70 = H$1)), $C70, """")","=IF((AND($A70 = ""+0"",$E70 = I$1)), $C70, """")","=IF((AND($A70 = ""+0"",$E70 = J$1)), $C70, """")","=IF((AND($A70 = ""+0"",$E70 = K$1)), $C70, """")","=IF((AND($A70 = ""+0"",$E70 = L$1)), $C70, """")","=IF((AND($A70 = ""+0"",$E70 = M$1)), 2^$D70-$B70, """")","=IF((AND($A70 = ""+0"",$E70 = N$1)), 2^$D70-$B70, """")","=IF((AND($A70 = ""+0"",$E70 = O$1)), 2^$D70-$B70, """")","=IF((AND($A70 = ""+0"",$E70 = P$1)), 2^$D70-$B70, """")","=IF((AND($A70 = ""+0"",$E70 = Q$1)), 2^$D70-$B70, """")","=IF((AND($A70 = ""+0"",$E70 = R$1)), 2^$D70-$B70, """")","=IF((AND($A70 = ""+0"",$E70 = S$1)), 2^$D70-$B70, """")",=B70*C70,=B70/C70,=(C70-1)/(B70),"=log(T70, W$1)",=W70+U70*X$1
+1,64.0,2.0,6.0,=D71+A71,"=IF((AND($A71 = ""+0"",$E71 = F$1)), $C71, """")","=IF((AND($A71 = ""+0"",$E71 = G$1)), $C71, """")","=IF((AND($A71 = ""+0"",$E71 = H$1)), $C71, """")","=IF((AND($A71 = ""+0"",$E71 = I$1)), $C71, """")","=IF((AND($A71 = ""+0"",$E71 = J$1)), $C71, """")","=IF((AND($A71 = ""+0"",$E71 = K$1)), $C71, """")","=IF((AND($A71 = ""+0"",$E71 = L$1)), $C71, """")","=IF((AND($A71 = ""+0"",$E71 = M$1)), 2^$D71-$B71, """")","=IF((AND($A71 = ""+0"",$E71 = N$1)), 2^$D71-$B71, """")","=IF((AND($A71 = ""+0"",$E71 = O$1)), 2^$D71-$B71, """")","=IF((AND($A71 = ""+0"",$E71 = P$1)), 2^$D71-$B71, """")","=IF((AND($A71 = ""+0"",$E71 = Q$1)), 2^$D71-$B71, """")","=IF((AND($A71 = ""+0"",$E71 = R$1)), 2^$D71-$B71, """")","=IF((AND($A71 = ""+0"",$E71 = S$1)), 2^$D71-$B71, """")",=B71*C71,=B71/C71,=(C71-1)/(B71),"=log(T71, W$1)",=W71+U71*X$1
+0,63.0,2.0,6.0,=D72+A72,"=IF((AND($A72 = ""+0"",$E72 = F$1)), $C72, """")","=IF((AND($A72 = ""+0"",$E72 = G$1)), $C72, """")","=IF((AND($A72 = ""+0"",$E72 = H$1)), $C72, """")","=IF((AND($A72 = ""+0"",$E72 = I$1)), $C72, """")","=IF((AND($A72 = ""+0"",$E72 = J$1)), $C72, """")","=IF((AND($A72 = ""+0"",$E72 = K$1)), $C72, """")","=IF((AND($A72 = ""+0"",$E72 = L$1)), $C72, """")","=IF((AND($A72 = ""+0"",$E72 = M$1)), 2^$D72-$B72, """")","=IF((AND($A72 = ""+0"",$E72 = N$1)), 2^$D72-$B72, """")","=IF((AND($A72 = ""+0"",$E72 = O$1)), 2^$D72-$B72, """")","=IF((AND($A72 = ""+0"",$E72 = P$1)), 2^$D72-$B72, """")","=IF((AND($A72 = ""+0"",$E72 = Q$1)), 2^$D72-$B72, """")","=IF((AND($A72 = ""+0"",$E72 = R$1)), 2^$D72-$B72, """")","=IF((AND($A72 = ""+0"",$E72 = S$1)), 2^$D72-$B72, """")",=B72*C72,=B72/C72,=(C72-1)/(B72),"=log(T72, W$1)",=W72+U72*X$1
+1,63.0,3.0,6.0,=D73+A73,"=IF((AND($A73 = ""+0"",$E73 = F$1)), $C73, """")","=IF((AND($A73 = ""+0"",$E73 = G$1)), $C73, """")","=IF((AND($A73 = ""+0"",$E73 = H$1)), $C73, """")","=IF((AND($A73 = ""+0"",$E73 = I$1)), $C73, """")","=IF((AND($A73 = ""+0"",$E73 = J$1)), $C73, """")","=IF((AND($A73 = ""+0"",$E73 = K$1)), $C73, """")","=IF((AND($A73 = ""+0"",$E73 = L$1)), $C73, """")","=IF((AND($A73 = ""+0"",$E73 = M$1)), 2^$D73-$B73, """")","=IF((AND($A73 = ""+0"",$E73 = N$1)), 2^$D73-$B73, """")","=IF((AND($A73 = ""+0"",$E73 = O$1)), 2^$D73-$B73, """")","=IF((AND($A73 = ""+0"",$E73 = P$1)), 2^$D73-$B73, """")","=IF((AND($A73 = ""+0"",$E73 = Q$1)), 2^$D73-$B73, """")","=IF((AND($A73 = ""+0"",$E73 = R$1)), 2^$D73-$B73, """")","=IF((AND($A73 = ""+0"",$E73 = S$1)), 2^$D73-$B73, """")",=B73*C73,=B73/C73,=(C73-1)/(B73),"=log(T73, W$1)",=W73+U73*X$1
+1,62.0,3.0,6.0,=D74+A74,"=IF((AND($A74 = ""+0"",$E74 = F$1)), $C74, """")","=IF((AND($A74 = ""+0"",$E74 = G$1)), $C74, """")","=IF((AND($A74 = ""+0"",$E74 = H$1)), $C74, """")","=IF((AND($A74 = ""+0"",$E74 = I$1)), $C74, """")","=IF((AND($A74 = ""+0"",$E74 = J$1)), $C74, """")","=IF((AND($A74 = ""+0"",$E74 = K$1)), $C74, """")","=IF((AND($A74 = ""+0"",$E74 = L$1)), $C74, """")","=IF((AND($A74 = ""+0"",$E74 = M$1)), 2^$D74-$B74, """")","=IF((AND($A74 = ""+0"",$E74 = N$1)), 2^$D74-$B74, """")","=IF((AND($A74 = ""+0"",$E74 = O$1)), 2^$D74-$B74, """")","=IF((AND($A74 = ""+0"",$E74 = P$1)), 2^$D74-$B74, """")","=IF((AND($A74 = ""+0"",$E74 = Q$1)), 2^$D74-$B74, """")","=IF((AND($A74 = ""+0"",$E74 = R$1)), 2^$D74-$B74, """")","=IF((AND($A74 = ""+0"",$E74 = S$1)), 2^$D74-$B74, """")",=B74*C74,=B74/C74,=(C74-1)/(B74),"=log(T74, W$1)",=W74+U74*X$1
+1,61.0,3.0,6.0,=D75+A75,"=IF((AND($A75 = ""+0"",$E75 = F$1)), $C75, """")","=IF((AND($A75 = ""+0"",$E75 = G$1)), $C75, """")","=IF((AND($A75 = ""+0"",$E75 = H$1)), $C75, """")","=IF((AND($A75 = ""+0"",$E75 = I$1)), $C75, """")","=IF((AND($A75 = ""+0"",$E75 = J$1)), $C75, """")","=IF((AND($A75 = ""+0"",$E75 = K$1)), $C75, """")","=IF((AND($A75 = ""+0"",$E75 = L$1)), $C75, """")","=IF((AND($A75 = ""+0"",$E75 = M$1)), 2^$D75-$B75, """")","=IF((AND($A75 = ""+0"",$E75 = N$1)), 2^$D75-$B75, """")","=IF((AND($A75 = ""+0"",$E75 = O$1)), 2^$D75-$B75, """")","=IF((AND($A75 = ""+0"",$E75 = P$1)), 2^$D75-$B75, """")","=IF((AND($A75 = ""+0"",$E75 = Q$1)), 2^$D75-$B75, """")","=IF((AND($A75 = ""+0"",$E75 = R$1)), 2^$D75-$B75, """")","=IF((AND($A75 = ""+0"",$E75 = S$1)), 2^$D75-$B75, """")",=B75*C75,=B75/C75,=(C75-1)/(B75),"=log(T75, W$1)",=W75+U75*X$1
+1,60.0,3.0,6.0,=D76+A76,"=IF((AND($A76 = ""+0"",$E76 = F$1)), $C76, """")","=IF((AND($A76 = ""+0"",$E76 = G$1)), $C76, """")","=IF((AND($A76 = ""+0"",$E76 = H$1)), $C76, """")","=IF((AND($A76 = ""+0"",$E76 = I$1)), $C76, """")","=IF((AND($A76 = ""+0"",$E76 = J$1)), $C76, """")","=IF((AND($A76 = ""+0"",$E76 = K$1)), $C76, """")","=IF((AND($A76 = ""+0"",$E76 = L$1)), $C76, """")","=IF((AND($A76 = ""+0"",$E76 = M$1)), 2^$D76-$B76, """")","=IF((AND($A76 = ""+0"",$E76 = N$1)), 2^$D76-$B76, """")","=IF((AND($A76 = ""+0"",$E76 = O$1)), 2^$D76-$B76, """")","=IF((AND($A76 = ""+0"",$E76 = P$1)), 2^$D76-$B76, """")","=IF((AND($A76 = ""+0"",$E76 = Q$1)), 2^$D76-$B76, """")","=IF((AND($A76 = ""+0"",$E76 = R$1)), 2^$D76-$B76, """")","=IF((AND($A76 = ""+0"",$E76 = S$1)), 2^$D76-$B76, """")",=B76*C76,=B76/C76,=(C76-1)/(B76),"=log(T76, W$1)",=W76+U76*X$1
+1,59.0,3.0,6.0,=D77+A77,"=IF((AND($A77 = ""+0"",$E77 = F$1)), $C77, """")","=IF((AND($A77 = ""+0"",$E77 = G$1)), $C77, """")","=IF((AND($A77 = ""+0"",$E77 = H$1)), $C77, """")","=IF((AND($A77 = ""+0"",$E77 = I$1)), $C77, """")","=IF((AND($A77 = ""+0"",$E77 = J$1)), $C77, """")","=IF((AND($A77 = ""+0"",$E77 = K$1)), $C77, """")","=IF((AND($A77 = ""+0"",$E77 = L$1)), $C77, """")","=IF((AND($A77 = ""+0"",$E77 = M$1)), 2^$D77-$B77, """")","=IF((AND($A77 = ""+0"",$E77 = N$1)), 2^$D77-$B77, """")","=IF((AND($A77 = ""+0"",$E77 = O$1)), 2^$D77-$B77, """")","=IF((AND($A77 = ""+0"",$E77 = P$1)), 2^$D77-$B77, """")","=IF((AND($A77 = ""+0"",$E77 = Q$1)), 2^$D77-$B77, """")","=IF((AND($A77 = ""+0"",$E77 = R$1)), 2^$D77-$B77, """")","=IF((AND($A77 = ""+0"",$E77 = S$1)), 2^$D77-$B77, """")",=B77*C77,=B77/C77,=(C77-1)/(B77),"=log(T77, W$1)",=W77+U77*X$1
+0,58.0,3.0,6.0,=D78+A78,"=IF((AND($A78 = ""+0"",$E78 = F$1)), $C78, """")","=IF((AND($A78 = ""+0"",$E78 = G$1)), $C78, """")","=IF((AND($A78 = ""+0"",$E78 = H$1)), $C78, """")","=IF((AND($A78 = ""+0"",$E78 = I$1)), $C78, """")","=IF((AND($A78 = ""+0"",$E78 = J$1)), $C78, """")","=IF((AND($A78 = ""+0"",$E78 = K$1)), $C78, """")","=IF((AND($A78 = ""+0"",$E78 = L$1)), $C78, """")","=IF((AND($A78 = ""+0"",$E78 = M$1)), 2^$D78-$B78, """")","=IF((AND($A78 = ""+0"",$E78 = N$1)), 2^$D78-$B78, """")","=IF((AND($A78 = ""+0"",$E78 = O$1)), 2^$D78-$B78, """")","=IF((AND($A78 = ""+0"",$E78 = P$1)), 2^$D78-$B78, """")","=IF((AND($A78 = ""+0"",$E78 = Q$1)), 2^$D78-$B78, """")","=IF((AND($A78 = ""+0"",$E78 = R$1)), 2^$D78-$B78, """")","=IF((AND($A78 = ""+0"",$E78 = S$1)), 2^$D78-$B78, """")",=B78*C78,=B78/C78,=(C78-1)/(B78),"=log(T78, W$1)",=W78+U78*X$1
+1,58.0,4.0,6.0,=D79+A79,"=IF((AND($A79 = ""+0"",$E79 = F$1)), $C79, """")","=IF((AND($A79 = ""+0"",$E79 = G$1)), $C79, """")","=IF((AND($A79 = ""+0"",$E79 = H$1)), $C79, """")","=IF((AND($A79 = ""+0"",$E79 = I$1)), $C79, """")","=IF((AND($A79 = ""+0"",$E79 = J$1)), $C79, """")","=IF((AND($A79 = ""+0"",$E79 = K$1)), $C79, """")","=IF((AND($A79 = ""+0"",$E79 = L$1)), $C79, """")","=IF((AND($A79 = ""+0"",$E79 = M$1)), 2^$D79-$B79, """")","=IF((AND($A79 = ""+0"",$E79 = N$1)), 2^$D79-$B79, """")","=IF((AND($A79 = ""+0"",$E79 = O$1)), 2^$D79-$B79, """")","=IF((AND($A79 = ""+0"",$E79 = P$1)), 2^$D79-$B79, """")","=IF((AND($A79 = ""+0"",$E79 = Q$1)), 2^$D79-$B79, """")","=IF((AND($A79 = ""+0"",$E79 = R$1)), 2^$D79-$B79, """")","=IF((AND($A79 = ""+0"",$E79 = S$1)), 2^$D79-$B79, """")",=B79*C79,=B79/C79,=(C79-1)/(B79),"=log(T79, W$1)",=W79+U79*X$1
+1,57.0,4.0,6.0,=D80+A80,"=IF((AND($A80 = ""+0"",$E80 = F$1)), $C80, """")","=IF((AND($A80 = ""+0"",$E80 = G$1)), $C80, """")","=IF((AND($A80 = ""+0"",$E80 = H$1)), $C80, """")","=IF((AND($A80 = ""+0"",$E80 = I$1)), $C80, """")","=IF((AND($A80 = ""+0"",$E80 = J$1)), $C80, """")","=IF((AND($A80 = ""+0"",$E80 = K$1)), $C80, """")","=IF((AND($A80 = ""+0"",$E80 = L$1)), $C80, """")","=IF((AND($A80 = ""+0"",$E80 = M$1)), 2^$D80-$B80, """")","=IF((AND($A80 = ""+0"",$E80 = N$1)), 2^$D80-$B80, """")","=IF((AND($A80 = ""+0"",$E80 = O$1)), 2^$D80-$B80, """")","=IF((AND($A80 = ""+0"",$E80 = P$1)), 2^$D80-$B80, """")","=IF((AND($A80 = ""+0"",$E80 = Q$1)), 2^$D80-$B80, """")","=IF((AND($A80 = ""+0"",$E80 = R$1)), 2^$D80-$B80, """")","=IF((AND($A80 = ""+0"",$E80 = S$1)), 2^$D80-$B80, """")",=B80*C80,=B80/C80,=(C80-1)/(B80),"=log(T80, W$1)",=W80+U80*X$1
+1,56.0,4.0,6.0,=D81+A81,"=IF((AND($A81 = ""+0"",$E81 = F$1)), $C81, """")","=IF((AND($A81 = ""+0"",$E81 = G$1)), $C81, """")","=IF((AND($A81 = ""+0"",$E81 = H$1)), $C81, """")","=IF((AND($A81 = ""+0"",$E81 = I$1)), $C81, """")","=IF((AND($A81 = ""+0"",$E81 = J$1)), $C81, """")","=IF((AND($A81 = ""+0"",$E81 = K$1)), $C81, """")","=IF((AND($A81 = ""+0"",$E81 = L$1)), $C81, """")","=IF((AND($A81 = ""+0"",$E81 = M$1)), 2^$D81-$B81, """")","=IF((AND($A81 = ""+0"",$E81 = N$1)), 2^$D81-$B81, """")","=IF((AND($A81 = ""+0"",$E81 = O$1)), 2^$D81-$B81, """")","=IF((AND($A81 = ""+0"",$E81 = P$1)), 2^$D81-$B81, """")","=IF((AND($A81 = ""+0"",$E81 = Q$1)), 2^$D81-$B81, """")","=IF((AND($A81 = ""+0"",$E81 = R$1)), 2^$D81-$B81, """")","=IF((AND($A81 = ""+0"",$E81 = S$1)), 2^$D81-$B81, """")",=B81*C81,=B81/C81,=(C81-1)/(B81),"=log(T81, W$1)",=W81+U81*X$1
+1,55.0,4.0,6.0,=D82+A82,"=IF((AND($A82 = ""+0"",$E82 = F$1)), $C82, """")","=IF((AND($A82 = ""+0"",$E82 = G$1)), $C82, """")","=IF((AND($A82 = ""+0"",$E82 = H$1)), $C82, """")","=IF((AND($A82 = ""+0"",$E82 = I$1)), $C82, """")","=IF((AND($A82 = ""+0"",$E82 = J$1)), $C82, """")","=IF((AND($A82 = ""+0"",$E82 = K$1)), $C82, """")","=IF((AND($A82 = ""+0"",$E82 = L$1)), $C82, """")","=IF((AND($A82 = ""+0"",$E82 = M$1)), 2^$D82-$B82, """")","=IF((AND($A82 = ""+0"",$E82 = N$1)), 2^$D82-$B82, """")","=IF((AND($A82 = ""+0"",$E82 = O$1)), 2^$D82-$B82, """")","=IF((AND($A82 = ""+0"",$E82 = P$1)), 2^$D82-$B82, """")","=IF((AND($A82 = ""+0"",$E82 = Q$1)), 2^$D82-$B82, """")","=IF((AND($A82 = ""+0"",$E82 = R$1)), 2^$D82-$B82, """")","=IF((AND($A82 = ""+0"",$E82 = S$1)), 2^$D82-$B82, """")",=B82*C82,=B82/C82,=(C82-1)/(B82),"=log(T82, W$1)",=W82+U82*X$1
+0,54.0,4.0,6.0,=D83+A83,"=IF((AND($A83 = ""+0"",$E83 = F$1)), $C83, """")","=IF((AND($A83 = ""+0"",$E83 = G$1)), $C83, """")","=IF((AND($A83 = ""+0"",$E83 = H$1)), $C83, """")","=IF((AND($A83 = ""+0"",$E83 = I$1)), $C83, """")","=IF((AND($A83 = ""+0"",$E83 = J$1)), $C83, """")","=IF((AND($A83 = ""+0"",$E83 = K$1)), $C83, """")","=IF((AND($A83 = ""+0"",$E83 = L$1)), $C83, """")","=IF((AND($A83 = ""+0"",$E83 = M$1)), 2^$D83-$B83, """")","=IF((AND($A83 = ""+0"",$E83 = N$1)), 2^$D83-$B83, """")","=IF((AND($A83 = ""+0"",$E83 = O$1)), 2^$D83-$B83, """")","=IF((AND($A83 = ""+0"",$E83 = P$1)), 2^$D83-$B83, """")","=IF((AND($A83 = ""+0"",$E83 = Q$1)), 2^$D83-$B83, """")","=IF((AND($A83 = ""+0"",$E83 = R$1)), 2^$D83-$B83, """")","=IF((AND($A83 = ""+0"",$E83 = S$1)), 2^$D83-$B83, """")",=B83*C83,=B83/C83,=(C83-1)/(B83),"=log(T83, W$1)",=W83+U83*X$1
+1,54.0,5.0,6.0,=D84+A84,"=IF((AND($A84 = ""+0"",$E84 = F$1)), $C84, """")","=IF((AND($A84 = ""+0"",$E84 = G$1)), $C84, """")","=IF((AND($A84 = ""+0"",$E84 = H$1)), $C84, """")","=IF((AND($A84 = ""+0"",$E84 = I$1)), $C84, """")","=IF((AND($A84 = ""+0"",$E84 = J$1)), $C84, """")","=IF((AND($A84 = ""+0"",$E84 = K$1)), $C84, """")","=IF((AND($A84 = ""+0"",$E84 = L$1)), $C84, """")","=IF((AND($A84 = ""+0"",$E84 = M$1)), 2^$D84-$B84, """")","=IF((AND($A84 = ""+0"",$E84 = N$1)), 2^$D84-$B84, """")","=IF((AND($A84 = ""+0"",$E84 = O$1)), 2^$D84-$B84, """")","=IF((AND($A84 = ""+0"",$E84 = P$1)), 2^$D84-$B84, """")","=IF((AND($A84 = ""+0"",$E84 = Q$1)), 2^$D84-$B84, """")","=IF((AND($A84 = ""+0"",$E84 = R$1)), 2^$D84-$B84, """")","=IF((AND($A84 = ""+0"",$E84 = S$1)), 2^$D84-$B84, """")",=B84*C84,=B84/C84,=(C84-1)/(B84),"=log(T84, W$1)",=W84+U84*X$1
+1,53.0,5.0,6.0,=D85+A85,"=IF((AND($A85 = ""+0"",$E85 = F$1)), $C85, """")","=IF((AND($A85 = ""+0"",$E85 = G$1)), $C85, """")","=IF((AND($A85 = ""+0"",$E85 = H$1)), $C85, """")","=IF((AND($A85 = ""+0"",$E85 = I$1)), $C85, """")","=IF((AND($A85 = ""+0"",$E85 = J$1)), $C85, """")","=IF((AND($A85 = ""+0"",$E85 = K$1)), $C85, """")","=IF((AND($A85 = ""+0"",$E85 = L$1)), $C85, """")","=IF((AND($A85 = ""+0"",$E85 = M$1)), 2^$D85-$B85, """")","=IF((AND($A85 = ""+0"",$E85 = N$1)), 2^$D85-$B85, """")","=IF((AND($A85 = ""+0"",$E85 = O$1)), 2^$D85-$B85, """")","=IF((AND($A85 = ""+0"",$E85 = P$1)), 2^$D85-$B85, """")","=IF((AND($A85 = ""+0"",$E85 = Q$1)), 2^$D85-$B85, """")","=IF((AND($A85 = ""+0"",$E85 = R$1)), 2^$D85-$B85, """")","=IF((AND($A85 = ""+0"",$E85 = S$1)), 2^$D85-$B85, """")",=B85*C85,=B85/C85,=(C85-1)/(B85),"=log(T85, W$1)",=W85+U85*X$1
+1,52.0,5.0,6.0,=D86+A86,"=IF((AND($A86 = ""+0"",$E86 = F$1)), $C86, """")","=IF((AND($A86 = ""+0"",$E86 = G$1)), $C86, """")","=IF((AND($A86 = ""+0"",$E86 = H$1)), $C86, """")","=IF((AND($A86 = ""+0"",$E86 = I$1)), $C86, """")","=IF((AND($A86 = ""+0"",$E86 = J$1)), $C86, """")","=IF((AND($A86 = ""+0"",$E86 = K$1)), $C86, """")","=IF((AND($A86 = ""+0"",$E86 = L$1)), $C86, """")","=IF((AND($A86 = ""+0"",$E86 = M$1)), 2^$D86-$B86, """")","=IF((AND($A86 = ""+0"",$E86 = N$1)), 2^$D86-$B86, """")","=IF((AND($A86 = ""+0"",$E86 = O$1)), 2^$D86-$B86, """")","=IF((AND($A86 = ""+0"",$E86 = P$1)), 2^$D86-$B86, """")","=IF((AND($A86 = ""+0"",$E86 = Q$1)), 2^$D86-$B86, """")","=IF((AND($A86 = ""+0"",$E86 = R$1)), 2^$D86-$B86, """")","=IF((AND($A86 = ""+0"",$E86 = S$1)), 2^$D86-$B86, """")",=B86*C86,=B86/C86,=(C86-1)/(B86),"=log(T86, W$1)",=W86+U86*X$1
+1,51.0,5.0,6.0,=D87+A87,"=IF((AND($A87 = ""+0"",$E87 = F$1)), $C87, """")","=IF((AND($A87 = ""+0"",$E87 = G$1)), $C87, """")","=IF((AND($A87 = ""+0"",$E87 = H$1)), $C87, """")","=IF((AND($A87 = ""+0"",$E87 = I$1)), $C87, """")","=IF((AND($A87 = ""+0"",$E87 = J$1)), $C87, """")","=IF((AND($A87 = ""+0"",$E87 = K$1)), $C87, """")","=IF((AND($A87 = ""+0"",$E87 = L$1)), $C87, """")","=IF((AND($A87 = ""+0"",$E87 = M$1)), 2^$D87-$B87, """")","=IF((AND($A87 = ""+0"",$E87 = N$1)), 2^$D87-$B87, """")","=IF((AND($A87 = ""+0"",$E87 = O$1)), 2^$D87-$B87, """")","=IF((AND($A87 = ""+0"",$E87 = P$1)), 2^$D87-$B87, """")","=IF((AND($A87 = ""+0"",$E87 = Q$1)), 2^$D87-$B87, """")","=IF((AND($A87 = ""+0"",$E87 = R$1)), 2^$D87-$B87, """")","=IF((AND($A87 = ""+0"",$E87 = S$1)), 2^$D87-$B87, """")",=B87*C87,=B87/C87,=(C87-1)/(B87),"=log(T87, W$1)",=W87+U87*X$1
+0,50.0,5.0,6.0,=D88+A88,"=IF((AND($A88 = ""+0"",$E88 = F$1)), $C88, """")","=IF((AND($A88 = ""+0"",$E88 = G$1)), $C88, """")","=IF((AND($A88 = ""+0"",$E88 = H$1)), $C88, """")","=IF((AND($A88 = ""+0"",$E88 = I$1)), $C88, """")","=IF((AND($A88 = ""+0"",$E88 = J$1)), $C88, """")","=IF((AND($A88 = ""+0"",$E88 = K$1)), $C88, """")","=IF((AND($A88 = ""+0"",$E88 = L$1)), $C88, """")","=IF((AND($A88 = ""+0"",$E88 = M$1)), 2^$D88-$B88, """")","=IF((AND($A88 = ""+0"",$E88 = N$1)), 2^$D88-$B88, """")","=IF((AND($A88 = ""+0"",$E88 = O$1)), 2^$D88-$B88, """")","=IF((AND($A88 = ""+0"",$E88 = P$1)), 2^$D88-$B88, """")","=IF((AND($A88 = ""+0"",$E88 = Q$1)), 2^$D88-$B88, """")","=IF((AND($A88 = ""+0"",$E88 = R$1)), 2^$D88-$B88, """")","=IF((AND($A88 = ""+0"",$E88 = S$1)), 2^$D88-$B88, """")",=B88*C88,=B88/C88,=(C88-1)/(B88),"=log(T88, W$1)",=W88+U88*X$1
+1,50.0,6.0,6.0,=D89+A89,"=IF((AND($A89 = ""+0"",$E89 = F$1)), $C89, """")","=IF((AND($A89 = ""+0"",$E89 = G$1)), $C89, """")","=IF((AND($A89 = ""+0"",$E89 = H$1)), $C89, """")","=IF((AND($A89 = ""+0"",$E89 = I$1)), $C89, """")","=IF((AND($A89 = ""+0"",$E89 = J$1)), $C89, """")","=IF((AND($A89 = ""+0"",$E89 = K$1)), $C89, """")","=IF((AND($A89 = ""+0"",$E89 = L$1)), $C89, """")","=IF((AND($A89 = ""+0"",$E89 = M$1)), 2^$D89-$B89, """")","=IF((AND($A89 = ""+0"",$E89 = N$1)), 2^$D89-$B89, """")","=IF((AND($A89 = ""+0"",$E89 = O$1)), 2^$D89-$B89, """")","=IF((AND($A89 = ""+0"",$E89 = P$1)), 2^$D89-$B89, """")","=IF((AND($A89 = ""+0"",$E89 = Q$1)), 2^$D89-$B89, """")","=IF((AND($A89 = ""+0"",$E89 = R$1)), 2^$D89-$B89, """")","=IF((AND($A89 = ""+0"",$E89 = S$1)), 2^$D89-$B89, """")",=B89*C89,=B89/C89,=(C89-1)/(B89),"=log(T89, W$1)",=W89+U89*X$1
+1,49.0,6.0,6.0,=D90+A90,"=IF((AND($A90 = ""+0"",$E90 = F$1)), $C90, """")","=IF((AND($A90 = ""+0"",$E90 = G$1)), $C90, """")","=IF((AND($A90 = ""+0"",$E90 = H$1)), $C90, """")","=IF((AND($A90 = ""+0"",$E90 = I$1)), $C90, """")","=IF((AND($A90 = ""+0"",$E90 = J$1)), $C90, """")","=IF((AND($A90 = ""+0"",$E90 = K$1)), $C90, """")","=IF((AND($A90 = ""+0"",$E90 = L$1)), $C90, """")","=IF((AND($A90 = ""+0"",$E90 = M$1)), 2^$D90-$B90, """")","=IF((AND($A90 = ""+0"",$E90 = N$1)), 2^$D90-$B90, """")","=IF((AND($A90 = ""+0"",$E90 = O$1)), 2^$D90-$B90, """")","=IF((AND($A90 = ""+0"",$E90 = P$1)), 2^$D90-$B90, """")","=IF((AND($A90 = ""+0"",$E90 = Q$1)), 2^$D90-$B90, """")","=IF((AND($A90 = ""+0"",$E90 = R$1)), 2^$D90-$B90, """")","=IF((AND($A90 = ""+0"",$E90 = S$1)), 2^$D90-$B90, """")",=B90*C90,=B90/C90,=(C90-1)/(B90),"=log(T90, W$1)",=W90+U90*X$1
+1,48.0,6.0,6.0,=D91+A91,"=IF((AND($A91 = ""+0"",$E91 = F$1)), $C91, """")","=IF((AND($A91 = ""+0"",$E91 = G$1)), $C91, """")","=IF((AND($A91 = ""+0"",$E91 = H$1)), $C91, """")","=IF((AND($A91 = ""+0"",$E91 = I$1)), $C91, """")","=IF((AND($A91 = ""+0"",$E91 = J$1)), $C91, """")","=IF((AND($A91 = ""+0"",$E91 = K$1)), $C91, """")","=IF((AND($A91 = ""+0"",$E91 = L$1)), $C91, """")","=IF((AND($A91 = ""+0"",$E91 = M$1)), 2^$D91-$B91, """")","=IF((AND($A91 = ""+0"",$E91 = N$1)), 2^$D91-$B91, """")","=IF((AND($A91 = ""+0"",$E91 = O$1)), 2^$D91-$B91, """")","=IF((AND($A91 = ""+0"",$E91 = P$1)), 2^$D91-$B91, """")","=IF((AND($A91 = ""+0"",$E91 = Q$1)), 2^$D91-$B91, """")","=IF((AND($A91 = ""+0"",$E91 = R$1)), 2^$D91-$B91, """")","=IF((AND($A91 = ""+0"",$E91 = S$1)), 2^$D91-$B91, """")",=B91*C91,=B91/C91,=(C91-1)/(B91),"=log(T91, W$1)",=W91+U91*X$1
+1,47.0,6.0,6.0,=D92+A92,"=IF((AND($A92 = ""+0"",$E92 = F$1)), $C92, """")","=IF((AND($A92 = ""+0"",$E92 = G$1)), $C92, """")","=IF((AND($A92 = ""+0"",$E92 = H$1)), $C92, """")","=IF((AND($A92 = ""+0"",$E92 = I$1)), $C92, """")","=IF((AND($A92 = ""+0"",$E92 = J$1)), $C92, """")","=IF((AND($A92 = ""+0"",$E92 = K$1)), $C92, """")","=IF((AND($A92 = ""+0"",$E92 = L$1)), $C92, """")","=IF((AND($A92 = ""+0"",$E92 = M$1)), 2^$D92-$B92, """")","=IF((AND($A92 = ""+0"",$E92 = N$1)), 2^$D92-$B92, """")","=IF((AND($A92 = ""+0"",$E92 = O$1)), 2^$D92-$B92, """")","=IF((AND($A92 = ""+0"",$E92 = P$1)), 2^$D92-$B92, """")","=IF((AND($A92 = ""+0"",$E92 = Q$1)), 2^$D92-$B92, """")","=IF((AND($A92 = ""+0"",$E92 = R$1)), 2^$D92-$B92, """")","=IF((AND($A92 = ""+0"",$E92 = S$1)), 2^$D92-$B92, """")",=B92*C92,=B92/C92,=(C92-1)/(B92),"=log(T92, W$1)",=W92+U92*X$1
+0,46.0,6.0,6.0,=D93+A93,"=IF((AND($A93 = ""+0"",$E93 = F$1)), $C93, """")","=IF((AND($A93 = ""+0"",$E93 = G$1)), $C93, """")","=IF((AND($A93 = ""+0"",$E93 = H$1)), $C93, """")","=IF((AND($A93 = ""+0"",$E93 = I$1)), $C93, """")","=IF((AND($A93 = ""+0"",$E93 = J$1)), $C93, """")","=IF((AND($A93 = ""+0"",$E93 = K$1)), $C93, """")","=IF((AND($A93 = ""+0"",$E93 = L$1)), $C93, """")","=IF((AND($A93 = ""+0"",$E93 = M$1)), 2^$D93-$B93, """")","=IF((AND($A93 = ""+0"",$E93 = N$1)), 2^$D93-$B93, """")","=IF((AND($A93 = ""+0"",$E93 = O$1)), 2^$D93-$B93, """")","=IF((AND($A93 = ""+0"",$E93 = P$1)), 2^$D93-$B93, """")","=IF((AND($A93 = ""+0"",$E93 = Q$1)), 2^$D93-$B93, """")","=IF((AND($A93 = ""+0"",$E93 = R$1)), 2^$D93-$B93, """")","=IF((AND($A93 = ""+0"",$E93 = S$1)), 2^$D93-$B93, """")",=B93*C93,=B93/C93,=(C93-1)/(B93),"=log(T93, W$1)",=W93+U93*X$1
+1,46.0,7.0,6.0,=D94+A94,"=IF((AND($A94 = ""+0"",$E94 = F$1)), $C94, """")","=IF((AND($A94 = ""+0"",$E94 = G$1)), $C94, """")","=IF((AND($A94 = ""+0"",$E94 = H$1)), $C94, """")","=IF((AND($A94 = ""+0"",$E94 = I$1)), $C94, """")","=IF((AND($A94 = ""+0"",$E94 = J$1)), $C94, """")","=IF((AND($A94 = ""+0"",$E94 = K$1)), $C94, """")","=IF((AND($A94 = ""+0"",$E94 = L$1)), $C94, """")","=IF((AND($A94 = ""+0"",$E94 = M$1)), 2^$D94-$B94, """")","=IF((AND($A94 = ""+0"",$E94 = N$1)), 2^$D94-$B94, """")","=IF((AND($A94 = ""+0"",$E94 = O$1)), 2^$D94-$B94, """")","=IF((AND($A94 = ""+0"",$E94 = P$1)), 2^$D94-$B94, """")","=IF((AND($A94 = ""+0"",$E94 = Q$1)), 2^$D94-$B94, """")","=IF((AND($A94 = ""+0"",$E94 = R$1)), 2^$D94-$B94, """")","=IF((AND($A94 = ""+0"",$E94 = S$1)), 2^$D94-$B94, """")",=B94*C94,=B94/C94,=(C94-1)/(B94),"=log(T94, W$1)",=W94+U94*X$1
+1,45.0,7.0,6.0,=D95+A95,"=IF((AND($A95 = ""+0"",$E95 = F$1)), $C95, """")","=IF((AND($A95 = ""+0"",$E95 = G$1)), $C95, """")","=IF((AND($A95 = ""+0"",$E95 = H$1)), $C95, """")","=IF((AND($A95 = ""+0"",$E95 = I$1)), $C95, """")","=IF((AND($A95 = ""+0"",$E95 = J$1)), $C95, """")","=IF((AND($A95 = ""+0"",$E95 = K$1)), $C95, """")","=IF((AND($A95 = ""+0"",$E95 = L$1)), $C95, """")","=IF((AND($A95 = ""+0"",$E95 = M$1)), 2^$D95-$B95, """")","=IF((AND($A95 = ""+0"",$E95 = N$1)), 2^$D95-$B95, """")","=IF((AND($A95 = ""+0"",$E95 = O$1)), 2^$D95-$B95, """")","=IF((AND($A95 = ""+0"",$E95 = P$1)), 2^$D95-$B95, """")","=IF((AND($A95 = ""+0"",$E95 = Q$1)), 2^$D95-$B95, """")","=IF((AND($A95 = ""+0"",$E95 = R$1)), 2^$D95-$B95, """")","=IF((AND($A95 = ""+0"",$E95 = S$1)), 2^$D95-$B95, """")",=B95*C95,=B95/C95,=(C95-1)/(B95),"=log(T95, W$1)",=W95+U95*X$1
+1,44.0,7.0,6.0,=D96+A96,"=IF((AND($A96 = ""+0"",$E96 = F$1)), $C96, """")","=IF((AND($A96 = ""+0"",$E96 = G$1)), $C96, """")","=IF((AND($A96 = ""+0"",$E96 = H$1)), $C96, """")","=IF((AND($A96 = ""+0"",$E96 = I$1)), $C96, """")","=IF((AND($A96 = ""+0"",$E96 = J$1)), $C96, """")","=IF((AND($A96 = ""+0"",$E96 = K$1)), $C96, """")","=IF((AND($A96 = ""+0"",$E96 = L$1)), $C96, """")","=IF((AND($A96 = ""+0"",$E96 = M$1)), 2^$D96-$B96, """")","=IF((AND($A96 = ""+0"",$E96 = N$1)), 2^$D96-$B96, """")","=IF((AND($A96 = ""+0"",$E96 = O$1)), 2^$D96-$B96, """")","=IF((AND($A96 = ""+0"",$E96 = P$1)), 2^$D96-$B96, """")","=IF((AND($A96 = ""+0"",$E96 = Q$1)), 2^$D96-$B96, """")","=IF((AND($A96 = ""+0"",$E96 = R$1)), 2^$D96-$B96, """")","=IF((AND($A96 = ""+0"",$E96 = S$1)), 2^$D96-$B96, """")",=B96*C96,=B96/C96,=(C96-1)/(B96),"=log(T96, W$1)",=W96+U96*X$1
+1,43.0,7.0,6.0,=D97+A97,"=IF((AND($A97 = ""+0"",$E97 = F$1)), $C97, """")","=IF((AND($A97 = ""+0"",$E97 = G$1)), $C97, """")","=IF((AND($A97 = ""+0"",$E97 = H$1)), $C97, """")","=IF((AND($A97 = ""+0"",$E97 = I$1)), $C97, """")","=IF((AND($A97 = ""+0"",$E97 = J$1)), $C97, """")","=IF((AND($A97 = ""+0"",$E97 = K$1)), $C97, """")","=IF((AND($A97 = ""+0"",$E97 = L$1)), $C97, """")","=IF((AND($A97 = ""+0"",$E97 = M$1)), 2^$D97-$B97, """")","=IF((AND($A97 = ""+0"",$E97 = N$1)), 2^$D97-$B97, """")","=IF((AND($A97 = ""+0"",$E97 = O$1)), 2^$D97-$B97, """")","=IF((AND($A97 = ""+0"",$E97 = P$1)), 2^$D97-$B97, """")","=IF((AND($A97 = ""+0"",$E97 = Q$1)), 2^$D97-$B97, """")","=IF((AND($A97 = ""+0"",$E97 = R$1)), 2^$D97-$B97, """")","=IF((AND($A97 = ""+0"",$E97 = S$1)), 2^$D97-$B97, """")",=B97*C97,=B97/C97,=(C97-1)/(B97),"=log(T97, W$1)",=W97+U97*X$1
+0,42.0,7.0,6.0,=D98+A98,"=IF((AND($A98 = ""+0"",$E98 = F$1)), $C98, """")","=IF((AND($A98 = ""+0"",$E98 = G$1)), $C98, """")","=IF((AND($A98 = ""+0"",$E98 = H$1)), $C98, """")","=IF((AND($A98 = ""+0"",$E98 = I$1)), $C98, """")","=IF((AND($A98 = ""+0"",$E98 = J$1)), $C98, """")","=IF((AND($A98 = ""+0"",$E98 = K$1)), $C98, """")","=IF((AND($A98 = ""+0"",$E98 = L$1)), $C98, """")","=IF((AND($A98 = ""+0"",$E98 = M$1)), 2^$D98-$B98, """")","=IF((AND($A98 = ""+0"",$E98 = N$1)), 2^$D98-$B98, """")","=IF((AND($A98 = ""+0"",$E98 = O$1)), 2^$D98-$B98, """")","=IF((AND($A98 = ""+0"",$E98 = P$1)), 2^$D98-$B98, """")","=IF((AND($A98 = ""+0"",$E98 = Q$1)), 2^$D98-$B98, """")","=IF((AND($A98 = ""+0"",$E98 = R$1)), 2^$D98-$B98, """")","=IF((AND($A98 = ""+0"",$E98 = S$1)), 2^$D98-$B98, """")",=B98*C98,=B98/C98,=(C98-1)/(B98),"=log(T98, W$1)",=W98+U98*X$1
+1,42.0,8.0,6.0,=D99+A99,"=IF((AND($A99 = ""+0"",$E99 = F$1)), $C99, """")","=IF((AND($A99 = ""+0"",$E99 = G$1)), $C99, """")","=IF((AND($A99 = ""+0"",$E99 = H$1)), $C99, """")","=IF((AND($A99 = ""+0"",$E99 = I$1)), $C99, """")","=IF((AND($A99 = ""+0"",$E99 = J$1)), $C99, """")","=IF((AND($A99 = ""+0"",$E99 = K$1)), $C99, """")","=IF((AND($A99 = ""+0"",$E99 = L$1)), $C99, """")","=IF((AND($A99 = ""+0"",$E99 = M$1)), 2^$D99-$B99, """")","=IF((AND($A99 = ""+0"",$E99 = N$1)), 2^$D99-$B99, """")","=IF((AND($A99 = ""+0"",$E99 = O$1)), 2^$D99-$B99, """")","=IF((AND($A99 = ""+0"",$E99 = P$1)), 2^$D99-$B99, """")","=IF((AND($A99 = ""+0"",$E99 = Q$1)), 2^$D99-$B99, """")","=IF((AND($A99 = ""+0"",$E99 = R$1)), 2^$D99-$B99, """")","=IF((AND($A99 = ""+0"",$E99 = S$1)), 2^$D99-$B99, """")",=B99*C99,=B99/C99,=(C99-1)/(B99),"=log(T99, W$1)",=W99+U99*X$1
+1,41.0,8.0,6.0,=D100+A100,"=IF((AND($A100 = ""+0"",$E100 = F$1)), $C100, """")","=IF((AND($A100 = ""+0"",$E100 = G$1)), $C100, """")","=IF((AND($A100 = ""+0"",$E100 = H$1)), $C100, """")","=IF((AND($A100 = ""+0"",$E100 = I$1)), $C100, """")","=IF((AND($A100 = ""+0"",$E100 = J$1)), $C100, """")","=IF((AND($A100 = ""+0"",$E100 = K$1)), $C100, """")","=IF((AND($A100 = ""+0"",$E100 = L$1)), $C100, """")","=IF((AND($A100 = ""+0"",$E100 = M$1)), 2^$D100-$B100, """")","=IF((AND($A100 = ""+0"",$E100 = N$1)), 2^$D100-$B100, """")","=IF((AND($A100 = ""+0"",$E100 = O$1)), 2^$D100-$B100, """")","=IF((AND($A100 = ""+0"",$E100 = P$1)), 2^$D100-$B100, """")","=IF((AND($A100 = ""+0"",$E100 = Q$1)), 2^$D100-$B100, """")","=IF((AND($A100 = ""+0"",$E100 = R$1)), 2^$D100-$B100, """")","=IF((AND($A100 = ""+0"",$E100 = S$1)), 2^$D100-$B100, """")",=B100*C100,=B100/C100,=(C100-1)/(B100),"=log(T100, W$1)",=W100+U100*X$1
+1,40.0,8.0,6.0,=D101+A101,"=IF((AND($A101 = ""+0"",$E101 = F$1)), $C101, """")","=IF((AND($A101 = ""+0"",$E101 = G$1)), $C101, """")","=IF((AND($A101 = ""+0"",$E101 = H$1)), $C101, """")","=IF((AND($A101 = ""+0"",$E101 = I$1)), $C101, """")","=IF((AND($A101 = ""+0"",$E101 = J$1)), $C101, """")","=IF((AND($A101 = ""+0"",$E101 = K$1)), $C101, """")","=IF((AND($A101 = ""+0"",$E101 = L$1)), $C101, """")","=IF((AND($A101 = ""+0"",$E101 = M$1)), 2^$D101-$B101, """")","=IF((AND($A101 = ""+0"",$E101 = N$1)), 2^$D101-$B101, """")","=IF((AND($A101 = ""+0"",$E101 = O$1)), 2^$D101-$B101, """")","=IF((AND($A101 = ""+0"",$E101 = P$1)), 2^$D101-$B101, """")","=IF((AND($A101 = ""+0"",$E101 = Q$1)), 2^$D101-$B101, """")","=IF((AND($A101 = ""+0"",$E101 = R$1)), 2^$D101-$B101, """")","=IF((AND($A101 = ""+0"",$E101 = S$1)), 2^$D101-$B101, """")",=B101*C101,=B101/C101,=(C101-1)/(B101),"=log(T101, W$1)",=W101+U101*X$1
+1,39.0,8.0,6.0,=D102+A102,"=IF((AND($A102 = ""+0"",$E102 = F$1)), $C102, """")","=IF((AND($A102 = ""+0"",$E102 = G$1)), $C102, """")","=IF((AND($A102 = ""+0"",$E102 = H$1)), $C102, """")","=IF((AND($A102 = ""+0"",$E102 = I$1)), $C102, """")","=IF((AND($A102 = ""+0"",$E102 = J$1)), $C102, """")","=IF((AND($A102 = ""+0"",$E102 = K$1)), $C102, """")","=IF((AND($A102 = ""+0"",$E102 = L$1)), $C102, """")","=IF((AND($A102 = ""+0"",$E102 = M$1)), 2^$D102-$B102, """")","=IF((AND($A102 = ""+0"",$E102 = N$1)), 2^$D102-$B102, """")","=IF((AND($A102 = ""+0"",$E102 = O$1)), 2^$D102-$B102, """")","=IF((AND($A102 = ""+0"",$E102 = P$1)), 2^$D102-$B102, """")","=IF((AND($A102 = ""+0"",$E102 = Q$1)), 2^$D102-$B102, """")","=IF((AND($A102 = ""+0"",$E102 = R$1)), 2^$D102-$B102, """")","=IF((AND($A102 = ""+0"",$E102 = S$1)), 2^$D102-$B102, """")",=B102*C102,=B102/C102,=(C102-1)/(B102),"=log(T102, W$1)",=W102+U102*X$1
+0,38.0,8.0,6.0,=D103+A103,"=IF((AND($A103 = ""+0"",$E103 = F$1)), $C103, """")","=IF((AND($A103 = ""+0"",$E103 = G$1)), $C103, """")","=IF((AND($A103 = ""+0"",$E103 = H$1)), $C103, """")","=IF((AND($A103 = ""+0"",$E103 = I$1)), $C103, """")","=IF((AND($A103 = ""+0"",$E103 = J$1)), $C103, """")","=IF((AND($A103 = ""+0"",$E103 = K$1)), $C103, """")","=IF((AND($A103 = ""+0"",$E103 = L$1)), $C103, """")","=IF((AND($A103 = ""+0"",$E103 = M$1)), 2^$D103-$B103, """")","=IF((AND($A103 = ""+0"",$E103 = N$1)), 2^$D103-$B103, """")","=IF((AND($A103 = ""+0"",$E103 = O$1)), 2^$D103-$B103, """")","=IF((AND($A103 = ""+0"",$E103 = P$1)), 2^$D103-$B103, """")","=IF((AND($A103 = ""+0"",$E103 = Q$1)), 2^$D103-$B103, """")","=IF((AND($A103 = ""+0"",$E103 = R$1)), 2^$D103-$B103, """")","=IF((AND($A103 = ""+0"",$E103 = S$1)), 2^$D103-$B103, """")",=B103*C103,=B103/C103,=(C103-1)/(B103),"=log(T103, W$1)",=W103+U103*X$1
+1,38.0,9.0,6.0,=D104+A104,"=IF((AND($A104 = ""+0"",$E104 = F$1)), $C104, """")","=IF((AND($A104 = ""+0"",$E104 = G$1)), $C104, """")","=IF((AND($A104 = ""+0"",$E104 = H$1)), $C104, """")","=IF((AND($A104 = ""+0"",$E104 = I$1)), $C104, """")","=IF((AND($A104 = ""+0"",$E104 = J$1)), $C104, """")","=IF((AND($A104 = ""+0"",$E104 = K$1)), $C104, """")","=IF((AND($A104 = ""+0"",$E104 = L$1)), $C104, """")","=IF((AND($A104 = ""+0"",$E104 = M$1)), 2^$D104-$B104, """")","=IF((AND($A104 = ""+0"",$E104 = N$1)), 2^$D104-$B104, """")","=IF((AND($A104 = ""+0"",$E104 = O$1)), 2^$D104-$B104, """")","=IF((AND($A104 = ""+0"",$E104 = P$1)), 2^$D104-$B104, """")","=IF((AND($A104 = ""+0"",$E104 = Q$1)), 2^$D104-$B104, """")","=IF((AND($A104 = ""+0"",$E104 = R$1)), 2^$D104-$B104, """")","=IF((AND($A104 = ""+0"",$E104 = S$1)), 2^$D104-$B104, """")",=B104*C104,=B104/C104,=(C104-1)/(B104),"=log(T104, W$1)",=W104+U104*X$1
+1,37.0,9.0,6.0,=D105+A105,"=IF((AND($A105 = ""+0"",$E105 = F$1)), $C105, """")","=IF((AND($A105 = ""+0"",$E105 = G$1)), $C105, """")","=IF((AND($A105 = ""+0"",$E105 = H$1)), $C105, """")","=IF((AND($A105 = ""+0"",$E105 = I$1)), $C105, """")","=IF((AND($A105 = ""+0"",$E105 = J$1)), $C105, """")","=IF((AND($A105 = ""+0"",$E105 = K$1)), $C105, """")","=IF((AND($A105 = ""+0"",$E105 = L$1)), $C105, """")","=IF((AND($A105 = ""+0"",$E105 = M$1)), 2^$D105-$B105, """")","=IF((AND($A105 = ""+0"",$E105 = N$1)), 2^$D105-$B105, """")","=IF((AND($A105 = ""+0"",$E105 = O$1)), 2^$D105-$B105, """")","=IF((AND($A105 = ""+0"",$E105 = P$1)), 2^$D105-$B105, """")","=IF((AND($A105 = ""+0"",$E105 = Q$1)), 2^$D105-$B105, """")","=IF((AND($A105 = ""+0"",$E105 = R$1)), 2^$D105-$B105, """")","=IF((AND($A105 = ""+0"",$E105 = S$1)), 2^$D105-$B105, """")",=B105*C105,=B105/C105,=(C105-1)/(B105),"=log(T105, W$1)",=W105+U105*X$1
+0,36.0,9.0,6.0,=D106+A106,"=IF((AND($A106 = ""+0"",$E106 = F$1)), $C106, """")","=IF((AND($A106 = ""+0"",$E106 = G$1)), $C106, """")","=IF((AND($A106 = ""+0"",$E106 = H$1)), $C106, """")","=IF((AND($A106 = ""+0"",$E106 = I$1)), $C106, """")","=IF((AND($A106 = ""+0"",$E106 = J$1)), $C106, """")","=IF((AND($A106 = ""+0"",$E106 = K$1)), $C106, """")","=IF((AND($A106 = ""+0"",$E106 = L$1)), $C106, """")","=IF((AND($A106 = ""+0"",$E106 = M$1)), 2^$D106-$B106, """")","=IF((AND($A106 = ""+0"",$E106 = N$1)), 2^$D106-$B106, """")","=IF((AND($A106 = ""+0"",$E106 = O$1)), 2^$D106-$B106, """")","=IF((AND($A106 = ""+0"",$E106 = P$1)), 2^$D106-$B106, """")","=IF((AND($A106 = ""+0"",$E106 = Q$1)), 2^$D106-$B106, """")","=IF((AND($A106 = ""+0"",$E106 = R$1)), 2^$D106-$B106, """")","=IF((AND($A106 = ""+0"",$E106 = S$1)), 2^$D106-$B106, """")",=B106*C106,=B106/C106,=(C106-1)/(B106),"=log(T106, W$1)",=W106+U106*X$1
+1,36.0,10.0,6.0,=D107+A107,"=IF((AND($A107 = ""+0"",$E107 = F$1)), $C107, """")","=IF((AND($A107 = ""+0"",$E107 = G$1)), $C107, """")","=IF((AND($A107 = ""+0"",$E107 = H$1)), $C107, """")","=IF((AND($A107 = ""+0"",$E107 = I$1)), $C107, """")","=IF((AND($A107 = ""+0"",$E107 = J$1)), $C107, """")","=IF((AND($A107 = ""+0"",$E107 = K$1)), $C107, """")","=IF((AND($A107 = ""+0"",$E107 = L$1)), $C107, """")","=IF((AND($A107 = ""+0"",$E107 = M$1)), 2^$D107-$B107, """")","=IF((AND($A107 = ""+0"",$E107 = N$1)), 2^$D107-$B107, """")","=IF((AND($A107 = ""+0"",$E107 = O$1)), 2^$D107-$B107, """")","=IF((AND($A107 = ""+0"",$E107 = P$1)), 2^$D107-$B107, """")","=IF((AND($A107 = ""+0"",$E107 = Q$1)), 2^$D107-$B107, """")","=IF((AND($A107 = ""+0"",$E107 = R$1)), 2^$D107-$B107, """")","=IF((AND($A107 = ""+0"",$E107 = S$1)), 2^$D107-$B107, """")",=B107*C107,=B107/C107,=(C107-1)/(B107),"=log(T107, W$1)",=W107+U107*X$1
+1,35.0,10.0,6.0,=D108+A108,"=IF((AND($A108 = ""+0"",$E108 = F$1)), $C108, """")","=IF((AND($A108 = ""+0"",$E108 = G$1)), $C108, """")","=IF((AND($A108 = ""+0"",$E108 = H$1)), $C108, """")","=IF((AND($A108 = ""+0"",$E108 = I$1)), $C108, """")","=IF((AND($A108 = ""+0"",$E108 = J$1)), $C108, """")","=IF((AND($A108 = ""+0"",$E108 = K$1)), $C108, """")","=IF((AND($A108 = ""+0"",$E108 = L$1)), $C108, """")","=IF((AND($A108 = ""+0"",$E108 = M$1)), 2^$D108-$B108, """")","=IF((AND($A108 = ""+0"",$E108 = N$1)), 2^$D108-$B108, """")","=IF((AND($A108 = ""+0"",$E108 = O$1)), 2^$D108-$B108, """")","=IF((AND($A108 = ""+0"",$E108 = P$1)), 2^$D108-$B108, """")","=IF((AND($A108 = ""+0"",$E108 = Q$1)), 2^$D108-$B108, """")","=IF((AND($A108 = ""+0"",$E108 = R$1)), 2^$D108-$B108, """")","=IF((AND($A108 = ""+0"",$E108 = S$1)), 2^$D108-$B108, """")",=B108*C108,=B108/C108,=(C108-1)/(B108),"=log(T108, W$1)",=W108+U108*X$1
+1,34.0,10.0,6.0,=D109+A109,"=IF((AND($A109 = ""+0"",$E109 = F$1)), $C109, """")","=IF((AND($A109 = ""+0"",$E109 = G$1)), $C109, """")","=IF((AND($A109 = ""+0"",$E109 = H$1)), $C109, """")","=IF((AND($A109 = ""+0"",$E109 = I$1)), $C109, """")","=IF((AND($A109 = ""+0"",$E109 = J$1)), $C109, """")","=IF((AND($A109 = ""+0"",$E109 = K$1)), $C109, """")","=IF((AND($A109 = ""+0"",$E109 = L$1)), $C109, """")","=IF((AND($A109 = ""+0"",$E109 = M$1)), 2^$D109-$B109, """")","=IF((AND($A109 = ""+0"",$E109 = N$1)), 2^$D109-$B109, """")","=IF((AND($A109 = ""+0"",$E109 = O$1)), 2^$D109-$B109, """")","=IF((AND($A109 = ""+0"",$E109 = P$1)), 2^$D109-$B109, """")","=IF((AND($A109 = ""+0"",$E109 = Q$1)), 2^$D109-$B109, """")","=IF((AND($A109 = ""+0"",$E109 = R$1)), 2^$D109-$B109, """")","=IF((AND($A109 = ""+0"",$E109 = S$1)), 2^$D109-$B109, """")",=B109*C109,=B109/C109,=(C109-1)/(B109),"=log(T109, W$1)",=W109+U109*X$1
+0,33.0,10.0,6.0,=D110+A110,"=IF((AND($A110 = ""+0"",$E110 = F$1)), $C110, """")","=IF((AND($A110 = ""+0"",$E110 = G$1)), $C110, """")","=IF((AND($A110 = ""+0"",$E110 = H$1)), $C110, """")","=IF((AND($A110 = ""+0"",$E110 = I$1)), $C110, """")","=IF((AND($A110 = ""+0"",$E110 = J$1)), $C110, """")","=IF((AND($A110 = ""+0"",$E110 = K$1)), $C110, """")","=IF((AND($A110 = ""+0"",$E110 = L$1)), $C110, """")","=IF((AND($A110 = ""+0"",$E110 = M$1)), 2^$D110-$B110, """")","=IF((AND($A110 = ""+0"",$E110 = N$1)), 2^$D110-$B110, """")","=IF((AND($A110 = ""+0"",$E110 = O$1)), 2^$D110-$B110, """")","=IF((AND($A110 = ""+0"",$E110 = P$1)), 2^$D110-$B110, """")","=IF((AND($A110 = ""+0"",$E110 = Q$1)), 2^$D110-$B110, """")","=IF((AND($A110 = ""+0"",$E110 = R$1)), 2^$D110-$B110, """")","=IF((AND($A110 = ""+0"",$E110 = S$1)), 2^$D110-$B110, """")",=B110*C110,=B110/C110,=(C110-1)/(B110),"=log(T110, W$1)",=W110+U110*X$1
+1,33.0,11.0,6.0,=D111+A111,"=IF((AND($A111 = ""+0"",$E111 = F$1)), $C111, """")","=IF((AND($A111 = ""+0"",$E111 = G$1)), $C111, """")","=IF((AND($A111 = ""+0"",$E111 = H$1)), $C111, """")","=IF((AND($A111 = ""+0"",$E111 = I$1)), $C111, """")","=IF((AND($A111 = ""+0"",$E111 = J$1)), $C111, """")","=IF((AND($A111 = ""+0"",$E111 = K$1)), $C111, """")","=IF((AND($A111 = ""+0"",$E111 = L$1)), $C111, """")","=IF((AND($A111 = ""+0"",$E111 = M$1)), 2^$D111-$B111, """")","=IF((AND($A111 = ""+0"",$E111 = N$1)), 2^$D111-$B111, """")","=IF((AND($A111 = ""+0"",$E111 = O$1)), 2^$D111-$B111, """")","=IF((AND($A111 = ""+0"",$E111 = P$1)), 2^$D111-$B111, """")","=IF((AND($A111 = ""+0"",$E111 = Q$1)), 2^$D111-$B111, """")","=IF((AND($A111 = ""+0"",$E111 = R$1)), 2^$D111-$B111, """")","=IF((AND($A111 = ""+0"",$E111 = S$1)), 2^$D111-$B111, """")",=B111*C111,=B111/C111,=(C111-1)/(B111),"=log(T111, W$1)",=W111+U111*X$1
+1,32.0,11.0,6.0,=D112+A112,"=IF((AND($A112 = ""+0"",$E112 = F$1)), $C112, """")","=IF((AND($A112 = ""+0"",$E112 = G$1)), $C112, """")","=IF((AND($A112 = ""+0"",$E112 = H$1)), $C112, """")","=IF((AND($A112 = ""+0"",$E112 = I$1)), $C112, """")","=IF((AND($A112 = ""+0"",$E112 = J$1)), $C112, """")","=IF((AND($A112 = ""+0"",$E112 = K$1)), $C112, """")","=IF((AND($A112 = ""+0"",$E112 = L$1)), $C112, """")","=IF((AND($A112 = ""+0"",$E112 = M$1)), 2^$D112-$B112, """")","=IF((AND($A112 = ""+0"",$E112 = N$1)), 2^$D112-$B112, """")","=IF((AND($A112 = ""+0"",$E112 = O$1)), 2^$D112-$B112, """")","=IF((AND($A112 = ""+0"",$E112 = P$1)), 2^$D112-$B112, """")","=IF((AND($A112 = ""+0"",$E112 = Q$1)), 2^$D112-$B112, """")","=IF((AND($A112 = ""+0"",$E112 = R$1)), 2^$D112-$B112, """")","=IF((AND($A112 = ""+0"",$E112 = S$1)), 2^$D112-$B112, """")",=B112*C112,=B112/C112,=(C112-1)/(B112),"=log(T112, W$1)",=W112+U112*X$1
+0,31.0,11.0,6.0,=D113+A113,"=IF((AND($A113 = ""+0"",$E113 = F$1)), $C113, """")","=IF((AND($A113 = ""+0"",$E113 = G$1)), $C113, """")","=IF((AND($A113 = ""+0"",$E113 = H$1)), $C113, """")","=IF((AND($A113 = ""+0"",$E113 = I$1)), $C113, """")","=IF((AND($A113 = ""+0"",$E113 = J$1)), $C113, """")","=IF((AND($A113 = ""+0"",$E113 = K$1)), $C113, """")","=IF((AND($A113 = ""+0"",$E113 = L$1)), $C113, """")","=IF((AND($A113 = ""+0"",$E113 = M$1)), 2^$D113-$B113, """")","=IF((AND($A113 = ""+0"",$E113 = N$1)), 2^$D113-$B113, """")","=IF((AND($A113 = ""+0"",$E113 = O$1)), 2^$D113-$B113, """")","=IF((AND($A113 = ""+0"",$E113 = P$1)), 2^$D113-$B113, """")","=IF((AND($A113 = ""+0"",$E113 = Q$1)), 2^$D113-$B113, """")","=IF((AND($A113 = ""+0"",$E113 = R$1)), 2^$D113-$B113, """")","=IF((AND($A113 = ""+0"",$E113 = S$1)), 2^$D113-$B113, """")",=B113*C113,=B113/C113,=(C113-1)/(B113),"=log(T113, W$1)",=W113+U113*X$1
+1,31.0,12.0,6.0,=D114+A114,"=IF((AND($A114 = ""+0"",$E114 = F$1)), $C114, """")","=IF((AND($A114 = ""+0"",$E114 = G$1)), $C114, """")","=IF((AND($A114 = ""+0"",$E114 = H$1)), $C114, """")","=IF((AND($A114 = ""+0"",$E114 = I$1)), $C114, """")","=IF((AND($A114 = ""+0"",$E114 = J$1)), $C114, """")","=IF((AND($A114 = ""+0"",$E114 = K$1)), $C114, """")","=IF((AND($A114 = ""+0"",$E114 = L$1)), $C114, """")","=IF((AND($A114 = ""+0"",$E114 = M$1)), 2^$D114-$B114, """")","=IF((AND($A114 = ""+0"",$E114 = N$1)), 2^$D114-$B114, """")","=IF((AND($A114 = ""+0"",$E114 = O$1)), 2^$D114-$B114, """")","=IF((AND($A114 = ""+0"",$E114 = P$1)), 2^$D114-$B114, """")","=IF((AND($A114 = ""+0"",$E114 = Q$1)), 2^$D114-$B114, """")","=IF((AND($A114 = ""+0"",$E114 = R$1)), 2^$D114-$B114, """")","=IF((AND($A114 = ""+0"",$E114 = S$1)), 2^$D114-$B114, """")",=B114*C114,=B114/C114,=(C114-1)/(B114),"=log(T114, W$1)",=W114+U114*X$1
+1,30.0,12.0,6.0,=D115+A115,"=IF((AND($A115 = ""+0"",$E115 = F$1)), $C115, """")","=IF((AND($A115 = ""+0"",$E115 = G$1)), $C115, """")","=IF((AND($A115 = ""+0"",$E115 = H$1)), $C115, """")","=IF((AND($A115 = ""+0"",$E115 = I$1)), $C115, """")","=IF((AND($A115 = ""+0"",$E115 = J$1)), $C115, """")","=IF((AND($A115 = ""+0"",$E115 = K$1)), $C115, """")","=IF((AND($A115 = ""+0"",$E115 = L$1)), $C115, """")","=IF((AND($A115 = ""+0"",$E115 = M$1)), 2^$D115-$B115, """")","=IF((AND($A115 = ""+0"",$E115 = N$1)), 2^$D115-$B115, """")","=IF((AND($A115 = ""+0"",$E115 = O$1)), 2^$D115-$B115, """")","=IF((AND($A115 = ""+0"",$E115 = P$1)), 2^$D115-$B115, """")","=IF((AND($A115 = ""+0"",$E115 = Q$1)), 2^$D115-$B115, """")","=IF((AND($A115 = ""+0"",$E115 = R$1)), 2^$D115-$B115, """")","=IF((AND($A115 = ""+0"",$E115 = S$1)), 2^$D115-$B115, """")",=B115*C115,=B115/C115,=(C115-1)/(B115),"=log(T115, W$1)",=W115+U115*X$1
+0,29.0,12.0,6.0,=D116+A116,"=IF((AND($A116 = ""+0"",$E116 = F$1)), $C116, """")","=IF((AND($A116 = ""+0"",$E116 = G$1)), $C116, """")","=IF((AND($A116 = ""+0"",$E116 = H$1)), $C116, """")","=IF((AND($A116 = ""+0"",$E116 = I$1)), $C116, """")","=IF((AND($A116 = ""+0"",$E116 = J$1)), $C116, """")","=IF((AND($A116 = ""+0"",$E116 = K$1)), $C116, """")","=IF((AND($A116 = ""+0"",$E116 = L$1)), $C116, """")","=IF((AND($A116 = ""+0"",$E116 = M$1)), 2^$D116-$B116, """")","=IF((AND($A116 = ""+0"",$E116 = N$1)), 2^$D116-$B116, """")","=IF((AND($A116 = ""+0"",$E116 = O$1)), 2^$D116-$B116, """")","=IF((AND($A116 = ""+0"",$E116 = P$1)), 2^$D116-$B116, """")","=IF((AND($A116 = ""+0"",$E116 = Q$1)), 2^$D116-$B116, """")","=IF((AND($A116 = ""+0"",$E116 = R$1)), 2^$D116-$B116, """")","=IF((AND($A116 = ""+0"",$E116 = S$1)), 2^$D116-$B116, """")",=B116*C116,=B116/C116,=(C116-1)/(B116),"=log(T116, W$1)",=W116+U116*X$1
+1,29.0,13.0,6.0,=D117+A117,"=IF((AND($A117 = ""+0"",$E117 = F$1)), $C117, """")","=IF((AND($A117 = ""+0"",$E117 = G$1)), $C117, """")","=IF((AND($A117 = ""+0"",$E117 = H$1)), $C117, """")","=IF((AND($A117 = ""+0"",$E117 = I$1)), $C117, """")","=IF((AND($A117 = ""+0"",$E117 = J$1)), $C117, """")","=IF((AND($A117 = ""+0"",$E117 = K$1)), $C117, """")","=IF((AND($A117 = ""+0"",$E117 = L$1)), $C117, """")","=IF((AND($A117 = ""+0"",$E117 = M$1)), 2^$D117-$B117, """")","=IF((AND($A117 = ""+0"",$E117 = N$1)), 2^$D117-$B117, """")","=IF((AND($A117 = ""+0"",$E117 = O$1)), 2^$D117-$B117, """")","=IF((AND($A117 = ""+0"",$E117 = P$1)), 2^$D117-$B117, """")","=IF((AND($A117 = ""+0"",$E117 = Q$1)), 2^$D117-$B117, """")","=IF((AND($A117 = ""+0"",$E117 = R$1)), 2^$D117-$B117, """")","=IF((AND($A117 = ""+0"",$E117 = S$1)), 2^$D117-$B117, """")",=B117*C117,=B117/C117,=(C117-1)/(B117),"=log(T117, W$1)",=W117+U117*X$1
+1,28.0,13.0,6.0,=D118+A118,"=IF((AND($A118 = ""+0"",$E118 = F$1)), $C118, """")","=IF((AND($A118 = ""+0"",$E118 = G$1)), $C118, """")","=IF((AND($A118 = ""+0"",$E118 = H$1)), $C118, """")","=IF((AND($A118 = ""+0"",$E118 = I$1)), $C118, """")","=IF((AND($A118 = ""+0"",$E118 = J$1)), $C118, """")","=IF((AND($A118 = ""+0"",$E118 = K$1)), $C118, """")","=IF((AND($A118 = ""+0"",$E118 = L$1)), $C118, """")","=IF((AND($A118 = ""+0"",$E118 = M$1)), 2^$D118-$B118, """")","=IF((AND($A118 = ""+0"",$E118 = N$1)), 2^$D118-$B118, """")","=IF((AND($A118 = ""+0"",$E118 = O$1)), 2^$D118-$B118, """")","=IF((AND($A118 = ""+0"",$E118 = P$1)), 2^$D118-$B118, """")","=IF((AND($A118 = ""+0"",$E118 = Q$1)), 2^$D118-$B118, """")","=IF((AND($A118 = ""+0"",$E118 = R$1)), 2^$D118-$B118, """")","=IF((AND($A118 = ""+0"",$E118 = S$1)), 2^$D118-$B118, """")",=B118*C118,=B118/C118,=(C118-1)/(B118),"=log(T118, W$1)",=W118+U118*X$1
+0,27.0,13.0,6.0,=D119+A119,"=IF((AND($A119 = ""+0"",$E119 = F$1)), $C119, """")","=IF((AND($A119 = ""+0"",$E119 = G$1)), $C119, """")","=IF((AND($A119 = ""+0"",$E119 = H$1)), $C119, """")","=IF((AND($A119 = ""+0"",$E119 = I$1)), $C119, """")","=IF((AND($A119 = ""+0"",$E119 = J$1)), $C119, """")","=IF((AND($A119 = ""+0"",$E119 = K$1)), $C119, """")","=IF((AND($A119 = ""+0"",$E119 = L$1)), $C119, """")","=IF((AND($A119 = ""+0"",$E119 = M$1)), 2^$D119-$B119, """")","=IF((AND($A119 = ""+0"",$E119 = N$1)), 2^$D119-$B119, """")","=IF((AND($A119 = ""+0"",$E119 = O$1)), 2^$D119-$B119, """")","=IF((AND($A119 = ""+0"",$E119 = P$1)), 2^$D119-$B119, """")","=IF((AND($A119 = ""+0"",$E119 = Q$1)), 2^$D119-$B119, """")","=IF((AND($A119 = ""+0"",$E119 = R$1)), 2^$D119-$B119, """")","=IF((AND($A119 = ""+0"",$E119 = S$1)), 2^$D119-$B119, """")",=B119*C119,=B119/C119,=(C119-1)/(B119),"=log(T119, W$1)",=W119+U119*X$1
+1,27.0,14.0,6.0,=D120+A120,"=IF((AND($A120 = ""+0"",$E120 = F$1)), $C120, """")","=IF((AND($A120 = ""+0"",$E120 = G$1)), $C120, """")","=IF((AND($A120 = ""+0"",$E120 = H$1)), $C120, """")","=IF((AND($A120 = ""+0"",$E120 = I$1)), $C120, """")","=IF((AND($A120 = ""+0"",$E120 = J$1)), $C120, """")","=IF((AND($A120 = ""+0"",$E120 = K$1)), $C120, """")","=IF((AND($A120 = ""+0"",$E120 = L$1)), $C120, """")","=IF((AND($A120 = ""+0"",$E120 = M$1)), 2^$D120-$B120, """")","=IF((AND($A120 = ""+0"",$E120 = N$1)), 2^$D120-$B120, """")","=IF((AND($A120 = ""+0"",$E120 = O$1)), 2^$D120-$B120, """")","=IF((AND($A120 = ""+0"",$E120 = P$1)), 2^$D120-$B120, """")","=IF((AND($A120 = ""+0"",$E120 = Q$1)), 2^$D120-$B120, """")","=IF((AND($A120 = ""+0"",$E120 = R$1)), 2^$D120-$B120, """")","=IF((AND($A120 = ""+0"",$E120 = S$1)), 2^$D120-$B120, """")",=B120*C120,=B120/C120,=(C120-1)/(B120),"=log(T120, W$1)",=W120+U120*X$1
+1,26.0,14.0,6.0,=D121+A121,"=IF((AND($A121 = ""+0"",$E121 = F$1)), $C121, """")","=IF((AND($A121 = ""+0"",$E121 = G$1)), $C121, """")","=IF((AND($A121 = ""+0"",$E121 = H$1)), $C121, """")","=IF((AND($A121 = ""+0"",$E121 = I$1)), $C121, """")","=IF((AND($A121 = ""+0"",$E121 = J$1)), $C121, """")","=IF((AND($A121 = ""+0"",$E121 = K$1)), $C121, """")","=IF((AND($A121 = ""+0"",$E121 = L$1)), $C121, """")","=IF((AND($A121 = ""+0"",$E121 = M$1)), 2^$D121-$B121, """")","=IF((AND($A121 = ""+0"",$E121 = N$1)), 2^$D121-$B121, """")","=IF((AND($A121 = ""+0"",$E121 = O$1)), 2^$D121-$B121, """")","=IF((AND($A121 = ""+0"",$E121 = P$1)), 2^$D121-$B121, """")","=IF((AND($A121 = ""+0"",$E121 = Q$1)), 2^$D121-$B121, """")","=IF((AND($A121 = ""+0"",$E121 = R$1)), 2^$D121-$B121, """")","=IF((AND($A121 = ""+0"",$E121 = S$1)), 2^$D121-$B121, """")",=B121*C121,=B121/C121,=(C121-1)/(B121),"=log(T121, W$1)",=W121+U121*X$1
+0,25.0,14.0,6.0,=D122+A122,"=IF((AND($A122 = ""+0"",$E122 = F$1)), $C122, """")","=IF((AND($A122 = ""+0"",$E122 = G$1)), $C122, """")","=IF((AND($A122 = ""+0"",$E122 = H$1)), $C122, """")","=IF((AND($A122 = ""+0"",$E122 = I$1)), $C122, """")","=IF((AND($A122 = ""+0"",$E122 = J$1)), $C122, """")","=IF((AND($A122 = ""+0"",$E122 = K$1)), $C122, """")","=IF((AND($A122 = ""+0"",$E122 = L$1)), $C122, """")","=IF((AND($A122 = ""+0"",$E122 = M$1)), 2^$D122-$B122, """")","=IF((AND($A122 = ""+0"",$E122 = N$1)), 2^$D122-$B122, """")","=IF((AND($A122 = ""+0"",$E122 = O$1)), 2^$D122-$B122, """")","=IF((AND($A122 = ""+0"",$E122 = P$1)), 2^$D122-$B122, """")","=IF((AND($A122 = ""+0"",$E122 = Q$1)), 2^$D122-$B122, """")","=IF((AND($A122 = ""+0"",$E122 = R$1)), 2^$D122-$B122, """")","=IF((AND($A122 = ""+0"",$E122 = S$1)), 2^$D122-$B122, """")",=B122*C122,=B122/C122,=(C122-1)/(B122),"=log(T122, W$1)",=W122+U122*X$1
+1,25.0,15.0,6.0,=D123+A123,"=IF((AND($A123 = ""+0"",$E123 = F$1)), $C123, """")","=IF((AND($A123 = ""+0"",$E123 = G$1)), $C123, """")","=IF((AND($A123 = ""+0"",$E123 = H$1)), $C123, """")","=IF((AND($A123 = ""+0"",$E123 = I$1)), $C123, """")","=IF((AND($A123 = ""+0"",$E123 = J$1)), $C123, """")","=IF((AND($A123 = ""+0"",$E123 = K$1)), $C123, """")","=IF((AND($A123 = ""+0"",$E123 = L$1)), $C123, """")","=IF((AND($A123 = ""+0"",$E123 = M$1)), 2^$D123-$B123, """")","=IF((AND($A123 = ""+0"",$E123 = N$1)), 2^$D123-$B123, """")","=IF((AND($A123 = ""+0"",$E123 = O$1)), 2^$D123-$B123, """")","=IF((AND($A123 = ""+0"",$E123 = P$1)), 2^$D123-$B123, """")","=IF((AND($A123 = ""+0"",$E123 = Q$1)), 2^$D123-$B123, """")","=IF((AND($A123 = ""+0"",$E123 = R$1)), 2^$D123-$B123, """")","=IF((AND($A123 = ""+0"",$E123 = S$1)), 2^$D123-$B123, """")",=B123*C123,=B123/C123,=(C123-1)/(B123),"=log(T123, W$1)",=W123+U123*X$1
+0,24.0,15.0,6.0,=D124+A124,"=IF((AND($A124 = ""+0"",$E124 = F$1)), $C124, """")","=IF((AND($A124 = ""+0"",$E124 = G$1)), $C124, """")","=IF((AND($A124 = ""+0"",$E124 = H$1)), $C124, """")","=IF((AND($A124 = ""+0"",$E124 = I$1)), $C124, """")","=IF((AND($A124 = ""+0"",$E124 = J$1)), $C124, """")","=IF((AND($A124 = ""+0"",$E124 = K$1)), $C124, """")","=IF((AND($A124 = ""+0"",$E124 = L$1)), $C124, """")","=IF((AND($A124 = ""+0"",$E124 = M$1)), 2^$D124-$B124, """")","=IF((AND($A124 = ""+0"",$E124 = N$1)), 2^$D124-$B124, """")","=IF((AND($A124 = ""+0"",$E124 = O$1)), 2^$D124-$B124, """")","=IF((AND($A124 = ""+0"",$E124 = P$1)), 2^$D124-$B124, """")","=IF((AND($A124 = ""+0"",$E124 = Q$1)), 2^$D124-$B124, """")","=IF((AND($A124 = ""+0"",$E124 = R$1)), 2^$D124-$B124, """")","=IF((AND($A124 = ""+0"",$E124 = S$1)), 2^$D124-$B124, """")",=B124*C124,=B124/C124,=(C124-1)/(B124),"=log(T124, W$1)",=W124+U124*X$1
+1,24.0,16.0,6.0,=D125+A125,"=IF((AND($A125 = ""+0"",$E125 = F$1)), $C125, """")","=IF((AND($A125 = ""+0"",$E125 = G$1)), $C125, """")","=IF((AND($A125 = ""+0"",$E125 = H$1)), $C125, """")","=IF((AND($A125 = ""+0"",$E125 = I$1)), $C125, """")","=IF((AND($A125 = ""+0"",$E125 = J$1)), $C125, """")","=IF((AND($A125 = ""+0"",$E125 = K$1)), $C125, """")","=IF((AND($A125 = ""+0"",$E125 = L$1)), $C125, """")","=IF((AND($A125 = ""+0"",$E125 = M$1)), 2^$D125-$B125, """")","=IF((AND($A125 = ""+0"",$E125 = N$1)), 2^$D125-$B125, """")","=IF((AND($A125 = ""+0"",$E125 = O$1)), 2^$D125-$B125, """")","=IF((AND($A125 = ""+0"",$E125 = P$1)), 2^$D125-$B125, """")","=IF((AND($A125 = ""+0"",$E125 = Q$1)), 2^$D125-$B125, """")","=IF((AND($A125 = ""+0"",$E125 = R$1)), 2^$D125-$B125, """")","=IF((AND($A125 = ""+0"",$E125 = S$1)), 2^$D125-$B125, """")",=B125*C125,=B125/C125,=(C125-1)/(B125),"=log(T125, W$1)",=W125+U125*X$1
+1,23.0,16.0,6.0,=D126+A126,"=IF((AND($A126 = ""+0"",$E126 = F$1)), $C126, """")","=IF((AND($A126 = ""+0"",$E126 = G$1)), $C126, """")","=IF((AND($A126 = ""+0"",$E126 = H$1)), $C126, """")","=IF((AND($A126 = ""+0"",$E126 = I$1)), $C126, """")","=IF((AND($A126 = ""+0"",$E126 = J$1)), $C126, """")","=IF((AND($A126 = ""+0"",$E126 = K$1)), $C126, """")","=IF((AND($A126 = ""+0"",$E126 = L$1)), $C126, """")","=IF((AND($A126 = ""+0"",$E126 = M$1)), 2^$D126-$B126, """")","=IF((AND($A126 = ""+0"",$E126 = N$1)), 2^$D126-$B126, """")","=IF((AND($A126 = ""+0"",$E126 = O$1)), 2^$D126-$B126, """")","=IF((AND($A126 = ""+0"",$E126 = P$1)), 2^$D126-$B126, """")","=IF((AND($A126 = ""+0"",$E126 = Q$1)), 2^$D126-$B126, """")","=IF((AND($A126 = ""+0"",$E126 = R$1)), 2^$D126-$B126, """")","=IF((AND($A126 = ""+0"",$E126 = S$1)), 2^$D126-$B126, """")",=B126*C126,=B126/C126,=(C126-1)/(B126),"=log(T126, W$1)",=W126+U126*X$1
+0,22.0,16.0,6.0,=D127+A127,"=IF((AND($A127 = ""+0"",$E127 = F$1)), $C127, """")","=IF((AND($A127 = ""+0"",$E127 = G$1)), $C127, """")","=IF((AND($A127 = ""+0"",$E127 = H$1)), $C127, """")","=IF((AND($A127 = ""+0"",$E127 = I$1)), $C127, """")","=IF((AND($A127 = ""+0"",$E127 = J$1)), $C127, """")","=IF((AND($A127 = ""+0"",$E127 = K$1)), $C127, """")","=IF((AND($A127 = ""+0"",$E127 = L$1)), $C127, """")","=IF((AND($A127 = ""+0"",$E127 = M$1)), 2^$D127-$B127, """")","=IF((AND($A127 = ""+0"",$E127 = N$1)), 2^$D127-$B127, """")","=IF((AND($A127 = ""+0"",$E127 = O$1)), 2^$D127-$B127, """")","=IF((AND($A127 = ""+0"",$E127 = P$1)), 2^$D127-$B127, """")","=IF((AND($A127 = ""+0"",$E127 = Q$1)), 2^$D127-$B127, """")","=IF((AND($A127 = ""+0"",$E127 = R$1)), 2^$D127-$B127, """")","=IF((AND($A127 = ""+0"",$E127 = S$1)), 2^$D127-$B127, """")",=B127*C127,=B127/C127,=(C127-1)/(B127),"=log(T127, W$1)",=W127+U127*X$1
+1,22.0,17.0,6.0,=D128+A128,"=IF((AND($A128 = ""+0"",$E128 = F$1)), $C128, """")","=IF((AND($A128 = ""+0"",$E128 = G$1)), $C128, """")","=IF((AND($A128 = ""+0"",$E128 = H$1)), $C128, """")","=IF((AND($A128 = ""+0"",$E128 = I$1)), $C128, """")","=IF((AND($A128 = ""+0"",$E128 = J$1)), $C128, """")","=IF((AND($A128 = ""+0"",$E128 = K$1)), $C128, """")","=IF((AND($A128 = ""+0"",$E128 = L$1)), $C128, """")","=IF((AND($A128 = ""+0"",$E128 = M$1)), 2^$D128-$B128, """")","=IF((AND($A128 = ""+0"",$E128 = N$1)), 2^$D128-$B128, """")","=IF((AND($A128 = ""+0"",$E128 = O$1)), 2^$D128-$B128, """")","=IF((AND($A128 = ""+0"",$E128 = P$1)), 2^$D128-$B128, """")","=IF((AND($A128 = ""+0"",$E128 = Q$1)), 2^$D128-$B128, """")","=IF((AND($A128 = ""+0"",$E128 = R$1)), 2^$D128-$B128, """")","=IF((AND($A128 = ""+0"",$E128 = S$1)), 2^$D128-$B128, """")",=B128*C128,=B128/C128,=(C128-1)/(B128),"=log(T128, W$1)",=W128+U128*X$1
+0,21.0,17.0,6.0,=D129+A129,"=IF((AND($A129 = ""+0"",$E129 = F$1)), $C129, """")","=IF((AND($A129 = ""+0"",$E129 = G$1)), $C129, """")","=IF((AND($A129 = ""+0"",$E129 = H$1)), $C129, """")","=IF((AND($A129 = ""+0"",$E129 = I$1)), $C129, """")","=IF((AND($A129 = ""+0"",$E129 = J$1)), $C129, """")","=IF((AND($A129 = ""+0"",$E129 = K$1)), $C129, """")","=IF((AND($A129 = ""+0"",$E129 = L$1)), $C129, """")","=IF((AND($A129 = ""+0"",$E129 = M$1)), 2^$D129-$B129, """")","=IF((AND($A129 = ""+0"",$E129 = N$1)), 2^$D129-$B129, """")","=IF((AND($A129 = ""+0"",$E129 = O$1)), 2^$D129-$B129, """")","=IF((AND($A129 = ""+0"",$E129 = P$1)), 2^$D129-$B129, """")","=IF((AND($A129 = ""+0"",$E129 = Q$1)), 2^$D129-$B129, """")","=IF((AND($A129 = ""+0"",$E129 = R$1)), 2^$D129-$B129, """")","=IF((AND($A129 = ""+0"",$E129 = S$1)), 2^$D129-$B129, """")",=B129*C129,=B129/C129,=(C129-1)/(B129),"=log(T129, W$1)",=W129+U129*X$1
+1,21.0,18.0,6.0,=D130+A130,"=IF((AND($A130 = ""+0"",$E130 = F$1)), $C130, """")","=IF((AND($A130 = ""+0"",$E130 = G$1)), $C130, """")","=IF((AND($A130 = ""+0"",$E130 = H$1)), $C130, """")","=IF((AND($A130 = ""+0"",$E130 = I$1)), $C130, """")","=IF((AND($A130 = ""+0"",$E130 = J$1)), $C130, """")","=IF((AND($A130 = ""+0"",$E130 = K$1)), $C130, """")","=IF((AND($A130 = ""+0"",$E130 = L$1)), $C130, """")","=IF((AND($A130 = ""+0"",$E130 = M$1)), 2^$D130-$B130, """")","=IF((AND($A130 = ""+0"",$E130 = N$1)), 2^$D130-$B130, """")","=IF((AND($A130 = ""+0"",$E130 = O$1)), 2^$D130-$B130, """")","=IF((AND($A130 = ""+0"",$E130 = P$1)), 2^$D130-$B130, """")","=IF((AND($A130 = ""+0"",$E130 = Q$1)), 2^$D130-$B130, """")","=IF((AND($A130 = ""+0"",$E130 = R$1)), 2^$D130-$B130, """")","=IF((AND($A130 = ""+0"",$E130 = S$1)), 2^$D130-$B130, """")",=B130*C130,=B130/C130,=(C130-1)/(B130),"=log(T130, W$1)",=W130+U130*X$1
+0,20.0,18.0,6.0,=D131+A131,"=IF((AND($A131 = ""+0"",$E131 = F$1)), $C131, """")","=IF((AND($A131 = ""+0"",$E131 = G$1)), $C131, """")","=IF((AND($A131 = ""+0"",$E131 = H$1)), $C131, """")","=IF((AND($A131 = ""+0"",$E131 = I$1)), $C131, """")","=IF((AND($A131 = ""+0"",$E131 = J$1)), $C131, """")","=IF((AND($A131 = ""+0"",$E131 = K$1)), $C131, """")","=IF((AND($A131 = ""+0"",$E131 = L$1)), $C131, """")","=IF((AND($A131 = ""+0"",$E131 = M$1)), 2^$D131-$B131, """")","=IF((AND($A131 = ""+0"",$E131 = N$1)), 2^$D131-$B131, """")","=IF((AND($A131 = ""+0"",$E131 = O$1)), 2^$D131-$B131, """")","=IF((AND($A131 = ""+0"",$E131 = P$1)), 2^$D131-$B131, """")","=IF((AND($A131 = ""+0"",$E131 = Q$1)), 2^$D131-$B131, """")","=IF((AND($A131 = ""+0"",$E131 = R$1)), 2^$D131-$B131, """")","=IF((AND($A131 = ""+0"",$E131 = S$1)), 2^$D131-$B131, """")",=B131*C131,=B131/C131,=(C131-1)/(B131),"=log(T131, W$1)",=W131+U131*X$1
+1,20.0,19.0,6.0,=D132+A132,"=IF((AND($A132 = ""+0"",$E132 = F$1)), $C132, """")","=IF((AND($A132 = ""+0"",$E132 = G$1)), $C132, """")","=IF((AND($A132 = ""+0"",$E132 = H$1)), $C132, """")","=IF((AND($A132 = ""+0"",$E132 = I$1)), $C132, """")","=IF((AND($A132 = ""+0"",$E132 = J$1)), $C132, """")","=IF((AND($A132 = ""+0"",$E132 = K$1)), $C132, """")","=IF((AND($A132 = ""+0"",$E132 = L$1)), $C132, """")","=IF((AND($A132 = ""+0"",$E132 = M$1)), 2^$D132-$B132, """")","=IF((AND($A132 = ""+0"",$E132 = N$1)), 2^$D132-$B132, """")","=IF((AND($A132 = ""+0"",$E132 = O$1)), 2^$D132-$B132, """")","=IF((AND($A132 = ""+0"",$E132 = P$1)), 2^$D132-$B132, """")","=IF((AND($A132 = ""+0"",$E132 = Q$1)), 2^$D132-$B132, """")","=IF((AND($A132 = ""+0"",$E132 = R$1)), 2^$D132-$B132, """")","=IF((AND($A132 = ""+0"",$E132 = S$1)), 2^$D132-$B132, """")",=B132*C132,=B132/C132,=(C132-1)/(B132),"=log(T132, W$1)",=W132+U132*X$1
+0,19.0,19.0,6.0,=D133+A133,"=IF((AND($A133 = ""+0"",$E133 = F$1)), $C133, """")","=IF((AND($A133 = ""+0"",$E133 = G$1)), $C133, """")","=IF((AND($A133 = ""+0"",$E133 = H$1)), $C133, """")","=IF((AND($A133 = ""+0"",$E133 = I$1)), $C133, """")","=IF((AND($A133 = ""+0"",$E133 = J$1)), $C133, """")","=IF((AND($A133 = ""+0"",$E133 = K$1)), $C133, """")","=IF((AND($A133 = ""+0"",$E133 = L$1)), $C133, """")","=IF((AND($A133 = ""+0"",$E133 = M$1)), 2^$D133-$B133, """")","=IF((AND($A133 = ""+0"",$E133 = N$1)), 2^$D133-$B133, """")","=IF((AND($A133 = ""+0"",$E133 = O$1)), 2^$D133-$B133, """")","=IF((AND($A133 = ""+0"",$E133 = P$1)), 2^$D133-$B133, """")","=IF((AND($A133 = ""+0"",$E133 = Q$1)), 2^$D133-$B133, """")","=IF((AND($A133 = ""+0"",$E133 = R$1)), 2^$D133-$B133, """")","=IF((AND($A133 = ""+0"",$E133 = S$1)), 2^$D133-$B133, """")",=B133*C133,=B133/C133,=(C133-1)/(B133),"=log(T133, W$1)",=W133+U133*X$1
+1,129.0,1.0,7.0,=D134+A134,"=IF((AND($A134 = ""+0"",$E134 = F$1)), $C134, """")","=IF((AND($A134 = ""+0"",$E134 = G$1)), $C134, """")","=IF((AND($A134 = ""+0"",$E134 = H$1)), $C134, """")","=IF((AND($A134 = ""+0"",$E134 = I$1)), $C134, """")","=IF((AND($A134 = ""+0"",$E134 = J$1)), $C134, """")","=IF((AND($A134 = ""+0"",$E134 = K$1)), $C134, """")","=IF((AND($A134 = ""+0"",$E134 = L$1)), $C134, """")","=IF((AND($A134 = ""+0"",$E134 = M$1)), 2^$D134-$B134, """")","=IF((AND($A134 = ""+0"",$E134 = N$1)), 2^$D134-$B134, """")","=IF((AND($A134 = ""+0"",$E134 = O$1)), 2^$D134-$B134, """")","=IF((AND($A134 = ""+0"",$E134 = P$1)), 2^$D134-$B134, """")","=IF((AND($A134 = ""+0"",$E134 = Q$1)), 2^$D134-$B134, """")","=IF((AND($A134 = ""+0"",$E134 = R$1)), 2^$D134-$B134, """")","=IF((AND($A134 = ""+0"",$E134 = S$1)), 2^$D134-$B134, """")",=B134*C134,=B134/C134,=(C134-1)/(B134),"=log(T134, W$1)",=W134+U134*X$1
+0,128.0,1.0,7.0,=D135+A135,"=IF((AND($A135 = ""+0"",$E135 = F$1)), $C135, """")","=IF((AND($A135 = ""+0"",$E135 = G$1)), $C135, """")","=IF((AND($A135 = ""+0"",$E135 = H$1)), $C135, """")","=IF((AND($A135 = ""+0"",$E135 = I$1)), $C135, """")","=IF((AND($A135 = ""+0"",$E135 = J$1)), $C135, """")","=IF((AND($A135 = ""+0"",$E135 = K$1)), $C135, """")","=IF((AND($A135 = ""+0"",$E135 = L$1)), $C135, """")","=IF((AND($A135 = ""+0"",$E135 = M$1)), 2^$D135-$B135, """")","=IF((AND($A135 = ""+0"",$E135 = N$1)), 2^$D135-$B135, """")","=IF((AND($A135 = ""+0"",$E135 = O$1)), 2^$D135-$B135, """")","=IF((AND($A135 = ""+0"",$E135 = P$1)), 2^$D135-$B135, """")","=IF((AND($A135 = ""+0"",$E135 = Q$1)), 2^$D135-$B135, """")","=IF((AND($A135 = ""+0"",$E135 = R$1)), 2^$D135-$B135, """")","=IF((AND($A135 = ""+0"",$E135 = S$1)), 2^$D135-$B135, """")",=B135*C135,=B135/C135,=(C135-1)/(B135),"=log(T135, W$1)",=W135+U135*X$1
+1,128.0,2.0,7.0,=D136+A136,"=IF((AND($A136 = ""+0"",$E136 = F$1)), $C136, """")","=IF((AND($A136 = ""+0"",$E136 = G$1)), $C136, """")","=IF((AND($A136 = ""+0"",$E136 = H$1)), $C136, """")","=IF((AND($A136 = ""+0"",$E136 = I$1)), $C136, """")","=IF((AND($A136 = ""+0"",$E136 = J$1)), $C136, """")","=IF((AND($A136 = ""+0"",$E136 = K$1)), $C136, """")","=IF((AND($A136 = ""+0"",$E136 = L$1)), $C136, """")","=IF((AND($A136 = ""+0"",$E136 = M$1)), 2^$D136-$B136, """")","=IF((AND($A136 = ""+0"",$E136 = N$1)), 2^$D136-$B136, """")","=IF((AND($A136 = ""+0"",$E136 = O$1)), 2^$D136-$B136, """")","=IF((AND($A136 = ""+0"",$E136 = P$1)), 2^$D136-$B136, """")","=IF((AND($A136 = ""+0"",$E136 = Q$1)), 2^$D136-$B136, """")","=IF((AND($A136 = ""+0"",$E136 = R$1)), 2^$D136-$B136, """")","=IF((AND($A136 = ""+0"",$E136 = S$1)), 2^$D136-$B136, """")",=B136*C136,=B136/C136,=(C136-1)/(B136),"=log(T136, W$1)",=W136+U136*X$1
+0,127.0,2.0,7.0,=D137+A137,"=IF((AND($A137 = ""+0"",$E137 = F$1)), $C137, """")","=IF((AND($A137 = ""+0"",$E137 = G$1)), $C137, """")","=IF((AND($A137 = ""+0"",$E137 = H$1)), $C137, """")","=IF((AND($A137 = ""+0"",$E137 = I$1)), $C137, """")","=IF((AND($A137 = ""+0"",$E137 = J$1)), $C137, """")","=IF((AND($A137 = ""+0"",$E137 = K$1)), $C137, """")","=IF((AND($A137 = ""+0"",$E137 = L$1)), $C137, """")","=IF((AND($A137 = ""+0"",$E137 = M$1)), 2^$D137-$B137, """")","=IF((AND($A137 = ""+0"",$E137 = N$1)), 2^$D137-$B137, """")","=IF((AND($A137 = ""+0"",$E137 = O$1)), 2^$D137-$B137, """")","=IF((AND($A137 = ""+0"",$E137 = P$1)), 2^$D137-$B137, """")","=IF((AND($A137 = ""+0"",$E137 = Q$1)), 2^$D137-$B137, """")","=IF((AND($A137 = ""+0"",$E137 = R$1)), 2^$D137-$B137, """")","=IF((AND($A137 = ""+0"",$E137 = S$1)), 2^$D137-$B137, """")",=B137*C137,=B137/C137,=(C137-1)/(B137),"=log(T137, W$1)",=W137+U137*X$1
+1,127.0,3.0,7.0,=D138+A138,"=IF((AND($A138 = ""+0"",$E138 = F$1)), $C138, """")","=IF((AND($A138 = ""+0"",$E138 = G$1)), $C138, """")","=IF((AND($A138 = ""+0"",$E138 = H$1)), $C138, """")","=IF((AND($A138 = ""+0"",$E138 = I$1)), $C138, """")","=IF((AND($A138 = ""+0"",$E138 = J$1)), $C138, """")","=IF((AND($A138 = ""+0"",$E138 = K$1)), $C138, """")","=IF((AND($A138 = ""+0"",$E138 = L$1)), $C138, """")","=IF((AND($A138 = ""+0"",$E138 = M$1)), 2^$D138-$B138, """")","=IF((AND($A138 = ""+0"",$E138 = N$1)), 2^$D138-$B138, """")","=IF((AND($A138 = ""+0"",$E138 = O$1)), 2^$D138-$B138, """")","=IF((AND($A138 = ""+0"",$E138 = P$1)), 2^$D138-$B138, """")","=IF((AND($A138 = ""+0"",$E138 = Q$1)), 2^$D138-$B138, """")","=IF((AND($A138 = ""+0"",$E138 = R$1)), 2^$D138-$B138, """")","=IF((AND($A138 = ""+0"",$E138 = S$1)), 2^$D138-$B138, """")",=B138*C138,=B138/C138,=(C138-1)/(B138),"=log(T138, W$1)",=W138+U138*X$1
+1,126.0,3.0,7.0,=D139+A139,"=IF((AND($A139 = ""+0"",$E139 = F$1)), $C139, """")","=IF((AND($A139 = ""+0"",$E139 = G$1)), $C139, """")","=IF((AND($A139 = ""+0"",$E139 = H$1)), $C139, """")","=IF((AND($A139 = ""+0"",$E139 = I$1)), $C139, """")","=IF((AND($A139 = ""+0"",$E139 = J$1)), $C139, """")","=IF((AND($A139 = ""+0"",$E139 = K$1)), $C139, """")","=IF((AND($A139 = ""+0"",$E139 = L$1)), $C139, """")","=IF((AND($A139 = ""+0"",$E139 = M$1)), 2^$D139-$B139, """")","=IF((AND($A139 = ""+0"",$E139 = N$1)), 2^$D139-$B139, """")","=IF((AND($A139 = ""+0"",$E139 = O$1)), 2^$D139-$B139, """")","=IF((AND($A139 = ""+0"",$E139 = P$1)), 2^$D139-$B139, """")","=IF((AND($A139 = ""+0"",$E139 = Q$1)), 2^$D139-$B139, """")","=IF((AND($A139 = ""+0"",$E139 = R$1)), 2^$D139-$B139, """")","=IF((AND($A139 = ""+0"",$E139 = S$1)), 2^$D139-$B139, """")",=B139*C139,=B139/C139,=(C139-1)/(B139),"=log(T139, W$1)",=W139+U139*X$1
+1,125.0,3.0,7.0,=D140+A140,"=IF((AND($A140 = ""+0"",$E140 = F$1)), $C140, """")","=IF((AND($A140 = ""+0"",$E140 = G$1)), $C140, """")","=IF((AND($A140 = ""+0"",$E140 = H$1)), $C140, """")","=IF((AND($A140 = ""+0"",$E140 = I$1)), $C140, """")","=IF((AND($A140 = ""+0"",$E140 = J$1)), $C140, """")","=IF((AND($A140 = ""+0"",$E140 = K$1)), $C140, """")","=IF((AND($A140 = ""+0"",$E140 = L$1)), $C140, """")","=IF((AND($A140 = ""+0"",$E140 = M$1)), 2^$D140-$B140, """")","=IF((AND($A140 = ""+0"",$E140 = N$1)), 2^$D140-$B140, """")","=IF((AND($A140 = ""+0"",$E140 = O$1)), 2^$D140-$B140, """")","=IF((AND($A140 = ""+0"",$E140 = P$1)), 2^$D140-$B140, """")","=IF((AND($A140 = ""+0"",$E140 = Q$1)), 2^$D140-$B140, """")","=IF((AND($A140 = ""+0"",$E140 = R$1)), 2^$D140-$B140, """")","=IF((AND($A140 = ""+0"",$E140 = S$1)), 2^$D140-$B140, """")",=B140*C140,=B140/C140,=(C140-1)/(B140),"=log(T140, W$1)",=W140+U140*X$1
+1,124.0,3.0,7.0,=D141+A141,"=IF((AND($A141 = ""+0"",$E141 = F$1)), $C141, """")","=IF((AND($A141 = ""+0"",$E141 = G$1)), $C141, """")","=IF((AND($A141 = ""+0"",$E141 = H$1)), $C141, """")","=IF((AND($A141 = ""+0"",$E141 = I$1)), $C141, """")","=IF((AND($A141 = ""+0"",$E141 = J$1)), $C141, """")","=IF((AND($A141 = ""+0"",$E141 = K$1)), $C141, """")","=IF((AND($A141 = ""+0"",$E141 = L$1)), $C141, """")","=IF((AND($A141 = ""+0"",$E141 = M$1)), 2^$D141-$B141, """")","=IF((AND($A141 = ""+0"",$E141 = N$1)), 2^$D141-$B141, """")","=IF((AND($A141 = ""+0"",$E141 = O$1)), 2^$D141-$B141, """")","=IF((AND($A141 = ""+0"",$E141 = P$1)), 2^$D141-$B141, """")","=IF((AND($A141 = ""+0"",$E141 = Q$1)), 2^$D141-$B141, """")","=IF((AND($A141 = ""+0"",$E141 = R$1)), 2^$D141-$B141, """")","=IF((AND($A141 = ""+0"",$E141 = S$1)), 2^$D141-$B141, """")",=B141*C141,=B141/C141,=(C141-1)/(B141),"=log(T141, W$1)",=W141+U141*X$1
+1,123.0,3.0,7.0,=D142+A142,"=IF((AND($A142 = ""+0"",$E142 = F$1)), $C142, """")","=IF((AND($A142 = ""+0"",$E142 = G$1)), $C142, """")","=IF((AND($A142 = ""+0"",$E142 = H$1)), $C142, """")","=IF((AND($A142 = ""+0"",$E142 = I$1)), $C142, """")","=IF((AND($A142 = ""+0"",$E142 = J$1)), $C142, """")","=IF((AND($A142 = ""+0"",$E142 = K$1)), $C142, """")","=IF((AND($A142 = ""+0"",$E142 = L$1)), $C142, """")","=IF((AND($A142 = ""+0"",$E142 = M$1)), 2^$D142-$B142, """")","=IF((AND($A142 = ""+0"",$E142 = N$1)), 2^$D142-$B142, """")","=IF((AND($A142 = ""+0"",$E142 = O$1)), 2^$D142-$B142, """")","=IF((AND($A142 = ""+0"",$E142 = P$1)), 2^$D142-$B142, """")","=IF((AND($A142 = ""+0"",$E142 = Q$1)), 2^$D142-$B142, """")","=IF((AND($A142 = ""+0"",$E142 = R$1)), 2^$D142-$B142, """")","=IF((AND($A142 = ""+0"",$E142 = S$1)), 2^$D142-$B142, """")",=B142*C142,=B142/C142,=(C142-1)/(B142),"=log(T142, W$1)",=W142+U142*X$1
+1,122.0,3.0,7.0,=D143+A143,"=IF((AND($A143 = ""+0"",$E143 = F$1)), $C143, """")","=IF((AND($A143 = ""+0"",$E143 = G$1)), $C143, """")","=IF((AND($A143 = ""+0"",$E143 = H$1)), $C143, """")","=IF((AND($A143 = ""+0"",$E143 = I$1)), $C143, """")","=IF((AND($A143 = ""+0"",$E143 = J$1)), $C143, """")","=IF((AND($A143 = ""+0"",$E143 = K$1)), $C143, """")","=IF((AND($A143 = ""+0"",$E143 = L$1)), $C143, """")","=IF((AND($A143 = ""+0"",$E143 = M$1)), 2^$D143-$B143, """")","=IF((AND($A143 = ""+0"",$E143 = N$1)), 2^$D143-$B143, """")","=IF((AND($A143 = ""+0"",$E143 = O$1)), 2^$D143-$B143, """")","=IF((AND($A143 = ""+0"",$E143 = P$1)), 2^$D143-$B143, """")","=IF((AND($A143 = ""+0"",$E143 = Q$1)), 2^$D143-$B143, """")","=IF((AND($A143 = ""+0"",$E143 = R$1)), 2^$D143-$B143, """")","=IF((AND($A143 = ""+0"",$E143 = S$1)), 2^$D143-$B143, """")",=B143*C143,=B143/C143,=(C143-1)/(B143),"=log(T143, W$1)",=W143+U143*X$1
+0,121.0,3.0,7.0,=D144+A144,"=IF((AND($A144 = ""+0"",$E144 = F$1)), $C144, """")","=IF((AND($A144 = ""+0"",$E144 = G$1)), $C144, """")","=IF((AND($A144 = ""+0"",$E144 = H$1)), $C144, """")","=IF((AND($A144 = ""+0"",$E144 = I$1)), $C144, """")","=IF((AND($A144 = ""+0"",$E144 = J$1)), $C144, """")","=IF((AND($A144 = ""+0"",$E144 = K$1)), $C144, """")","=IF((AND($A144 = ""+0"",$E144 = L$1)), $C144, """")","=IF((AND($A144 = ""+0"",$E144 = M$1)), 2^$D144-$B144, """")","=IF((AND($A144 = ""+0"",$E144 = N$1)), 2^$D144-$B144, """")","=IF((AND($A144 = ""+0"",$E144 = O$1)), 2^$D144-$B144, """")","=IF((AND($A144 = ""+0"",$E144 = P$1)), 2^$D144-$B144, """")","=IF((AND($A144 = ""+0"",$E144 = Q$1)), 2^$D144-$B144, """")","=IF((AND($A144 = ""+0"",$E144 = R$1)), 2^$D144-$B144, """")","=IF((AND($A144 = ""+0"",$E144 = S$1)), 2^$D144-$B144, """")",=B144*C144,=B144/C144,=(C144-1)/(B144),"=log(T144, W$1)",=W144+U144*X$1
+1,121.0,4.0,7.0,=D145+A145,"=IF((AND($A145 = ""+0"",$E145 = F$1)), $C145, """")","=IF((AND($A145 = ""+0"",$E145 = G$1)), $C145, """")","=IF((AND($A145 = ""+0"",$E145 = H$1)), $C145, """")","=IF((AND($A145 = ""+0"",$E145 = I$1)), $C145, """")","=IF((AND($A145 = ""+0"",$E145 = J$1)), $C145, """")","=IF((AND($A145 = ""+0"",$E145 = K$1)), $C145, """")","=IF((AND($A145 = ""+0"",$E145 = L$1)), $C145, """")","=IF((AND($A145 = ""+0"",$E145 = M$1)), 2^$D145-$B145, """")","=IF((AND($A145 = ""+0"",$E145 = N$1)), 2^$D145-$B145, """")","=IF((AND($A145 = ""+0"",$E145 = O$1)), 2^$D145-$B145, """")","=IF((AND($A145 = ""+0"",$E145 = P$1)), 2^$D145-$B145, """")","=IF((AND($A145 = ""+0"",$E145 = Q$1)), 2^$D145-$B145, """")","=IF((AND($A145 = ""+0"",$E145 = R$1)), 2^$D145-$B145, """")","=IF((AND($A145 = ""+0"",$E145 = S$1)), 2^$D145-$B145, """")",=B145*C145,=B145/C145,=(C145-1)/(B145),"=log(T145, W$1)",=W145+U145*X$1
+1,120.0,4.0,7.0,=D146+A146,"=IF((AND($A146 = ""+0"",$E146 = F$1)), $C146, """")","=IF((AND($A146 = ""+0"",$E146 = G$1)), $C146, """")","=IF((AND($A146 = ""+0"",$E146 = H$1)), $C146, """")","=IF((AND($A146 = ""+0"",$E146 = I$1)), $C146, """")","=IF((AND($A146 = ""+0"",$E146 = J$1)), $C146, """")","=IF((AND($A146 = ""+0"",$E146 = K$1)), $C146, """")","=IF((AND($A146 = ""+0"",$E146 = L$1)), $C146, """")","=IF((AND($A146 = ""+0"",$E146 = M$1)), 2^$D146-$B146, """")","=IF((AND($A146 = ""+0"",$E146 = N$1)), 2^$D146-$B146, """")","=IF((AND($A146 = ""+0"",$E146 = O$1)), 2^$D146-$B146, """")","=IF((AND($A146 = ""+0"",$E146 = P$1)), 2^$D146-$B146, """")","=IF((AND($A146 = ""+0"",$E146 = Q$1)), 2^$D146-$B146, """")","=IF((AND($A146 = ""+0"",$E146 = R$1)), 2^$D146-$B146, """")","=IF((AND($A146 = ""+0"",$E146 = S$1)), 2^$D146-$B146, """")",=B146*C146,=B146/C146,=(C146-1)/(B146),"=log(T146, W$1)",=W146+U146*X$1
+1,119.0,4.0,7.0,=D147+A147,"=IF((AND($A147 = ""+0"",$E147 = F$1)), $C147, """")","=IF((AND($A147 = ""+0"",$E147 = G$1)), $C147, """")","=IF((AND($A147 = ""+0"",$E147 = H$1)), $C147, """")","=IF((AND($A147 = ""+0"",$E147 = I$1)), $C147, """")","=IF((AND($A147 = ""+0"",$E147 = J$1)), $C147, """")","=IF((AND($A147 = ""+0"",$E147 = K$1)), $C147, """")","=IF((AND($A147 = ""+0"",$E147 = L$1)), $C147, """")","=IF((AND($A147 = ""+0"",$E147 = M$1)), 2^$D147-$B147, """")","=IF((AND($A147 = ""+0"",$E147 = N$1)), 2^$D147-$B147, """")","=IF((AND($A147 = ""+0"",$E147 = O$1)), 2^$D147-$B147, """")","=IF((AND($A147 = ""+0"",$E147 = P$1)), 2^$D147-$B147, """")","=IF((AND($A147 = ""+0"",$E147 = Q$1)), 2^$D147-$B147, """")","=IF((AND($A147 = ""+0"",$E147 = R$1)), 2^$D147-$B147, """")","=IF((AND($A147 = ""+0"",$E147 = S$1)), 2^$D147-$B147, """")",=B147*C147,=B147/C147,=(C147-1)/(B147),"=log(T147, W$1)",=W147+U147*X$1
+1,118.0,4.0,7.0,=D148+A148,"=IF((AND($A148 = ""+0"",$E148 = F$1)), $C148, """")","=IF((AND($A148 = ""+0"",$E148 = G$1)), $C148, """")","=IF((AND($A148 = ""+0"",$E148 = H$1)), $C148, """")","=IF((AND($A148 = ""+0"",$E148 = I$1)), $C148, """")","=IF((AND($A148 = ""+0"",$E148 = J$1)), $C148, """")","=IF((AND($A148 = ""+0"",$E148 = K$1)), $C148, """")","=IF((AND($A148 = ""+0"",$E148 = L$1)), $C148, """")","=IF((AND($A148 = ""+0"",$E148 = M$1)), 2^$D148-$B148, """")","=IF((AND($A148 = ""+0"",$E148 = N$1)), 2^$D148-$B148, """")","=IF((AND($A148 = ""+0"",$E148 = O$1)), 2^$D148-$B148, """")","=IF((AND($A148 = ""+0"",$E148 = P$1)), 2^$D148-$B148, """")","=IF((AND($A148 = ""+0"",$E148 = Q$1)), 2^$D148-$B148, """")","=IF((AND($A148 = ""+0"",$E148 = R$1)), 2^$D148-$B148, """")","=IF((AND($A148 = ""+0"",$E148 = S$1)), 2^$D148-$B148, """")",=B148*C148,=B148/C148,=(C148-1)/(B148),"=log(T148, W$1)",=W148+U148*X$1
+1,117.0,4.0,7.0,=D149+A149,"=IF((AND($A149 = ""+0"",$E149 = F$1)), $C149, """")","=IF((AND($A149 = ""+0"",$E149 = G$1)), $C149, """")","=IF((AND($A149 = ""+0"",$E149 = H$1)), $C149, """")","=IF((AND($A149 = ""+0"",$E149 = I$1)), $C149, """")","=IF((AND($A149 = ""+0"",$E149 = J$1)), $C149, """")","=IF((AND($A149 = ""+0"",$E149 = K$1)), $C149, """")","=IF((AND($A149 = ""+0"",$E149 = L$1)), $C149, """")","=IF((AND($A149 = ""+0"",$E149 = M$1)), 2^$D149-$B149, """")","=IF((AND($A149 = ""+0"",$E149 = N$1)), 2^$D149-$B149, """")","=IF((AND($A149 = ""+0"",$E149 = O$1)), 2^$D149-$B149, """")","=IF((AND($A149 = ""+0"",$E149 = P$1)), 2^$D149-$B149, """")","=IF((AND($A149 = ""+0"",$E149 = Q$1)), 2^$D149-$B149, """")","=IF((AND($A149 = ""+0"",$E149 = R$1)), 2^$D149-$B149, """")","=IF((AND($A149 = ""+0"",$E149 = S$1)), 2^$D149-$B149, """")",=B149*C149,=B149/C149,=(C149-1)/(B149),"=log(T149, W$1)",=W149+U149*X$1
+0,116.0,4.0,7.0,=D150+A150,"=IF((AND($A150 = ""+0"",$E150 = F$1)), $C150, """")","=IF((AND($A150 = ""+0"",$E150 = G$1)), $C150, """")","=IF((AND($A150 = ""+0"",$E150 = H$1)), $C150, """")","=IF((AND($A150 = ""+0"",$E150 = I$1)), $C150, """")","=IF((AND($A150 = ""+0"",$E150 = J$1)), $C150, """")","=IF((AND($A150 = ""+0"",$E150 = K$1)), $C150, """")","=IF((AND($A150 = ""+0"",$E150 = L$1)), $C150, """")","=IF((AND($A150 = ""+0"",$E150 = M$1)), 2^$D150-$B150, """")","=IF((AND($A150 = ""+0"",$E150 = N$1)), 2^$D150-$B150, """")","=IF((AND($A150 = ""+0"",$E150 = O$1)), 2^$D150-$B150, """")","=IF((AND($A150 = ""+0"",$E150 = P$1)), 2^$D150-$B150, """")","=IF((AND($A150 = ""+0"",$E150 = Q$1)), 2^$D150-$B150, """")","=IF((AND($A150 = ""+0"",$E150 = R$1)), 2^$D150-$B150, """")","=IF((AND($A150 = ""+0"",$E150 = S$1)), 2^$D150-$B150, """")",=B150*C150,=B150/C150,=(C150-1)/(B150),"=log(T150, W$1)",=W150+U150*X$1
+1,116.0,5.0,7.0,=D151+A151,"=IF((AND($A151 = ""+0"",$E151 = F$1)), $C151, """")","=IF((AND($A151 = ""+0"",$E151 = G$1)), $C151, """")","=IF((AND($A151 = ""+0"",$E151 = H$1)), $C151, """")","=IF((AND($A151 = ""+0"",$E151 = I$1)), $C151, """")","=IF((AND($A151 = ""+0"",$E151 = J$1)), $C151, """")","=IF((AND($A151 = ""+0"",$E151 = K$1)), $C151, """")","=IF((AND($A151 = ""+0"",$E151 = L$1)), $C151, """")","=IF((AND($A151 = ""+0"",$E151 = M$1)), 2^$D151-$B151, """")","=IF((AND($A151 = ""+0"",$E151 = N$1)), 2^$D151-$B151, """")","=IF((AND($A151 = ""+0"",$E151 = O$1)), 2^$D151-$B151, """")","=IF((AND($A151 = ""+0"",$E151 = P$1)), 2^$D151-$B151, """")","=IF((AND($A151 = ""+0"",$E151 = Q$1)), 2^$D151-$B151, """")","=IF((AND($A151 = ""+0"",$E151 = R$1)), 2^$D151-$B151, """")","=IF((AND($A151 = ""+0"",$E151 = S$1)), 2^$D151-$B151, """")",=B151*C151,=B151/C151,=(C151-1)/(B151),"=log(T151, W$1)",=W151+U151*X$1
+1,115.0,5.0,7.0,=D152+A152,"=IF((AND($A152 = ""+0"",$E152 = F$1)), $C152, """")","=IF((AND($A152 = ""+0"",$E152 = G$1)), $C152, """")","=IF((AND($A152 = ""+0"",$E152 = H$1)), $C152, """")","=IF((AND($A152 = ""+0"",$E152 = I$1)), $C152, """")","=IF((AND($A152 = ""+0"",$E152 = J$1)), $C152, """")","=IF((AND($A152 = ""+0"",$E152 = K$1)), $C152, """")","=IF((AND($A152 = ""+0"",$E152 = L$1)), $C152, """")","=IF((AND($A152 = ""+0"",$E152 = M$1)), 2^$D152-$B152, """")","=IF((AND($A152 = ""+0"",$E152 = N$1)), 2^$D152-$B152, """")","=IF((AND($A152 = ""+0"",$E152 = O$1)), 2^$D152-$B152, """")","=IF((AND($A152 = ""+0"",$E152 = P$1)), 2^$D152-$B152, """")","=IF((AND($A152 = ""+0"",$E152 = Q$1)), 2^$D152-$B152, """")","=IF((AND($A152 = ""+0"",$E152 = R$1)), 2^$D152-$B152, """")","=IF((AND($A152 = ""+0"",$E152 = S$1)), 2^$D152-$B152, """")",=B152*C152,=B152/C152,=(C152-1)/(B152),"=log(T152, W$1)",=W152+U152*X$1
+1,114.0,5.0,7.0,=D153+A153,"=IF((AND($A153 = ""+0"",$E153 = F$1)), $C153, """")","=IF((AND($A153 = ""+0"",$E153 = G$1)), $C153, """")","=IF((AND($A153 = ""+0"",$E153 = H$1)), $C153, """")","=IF((AND($A153 = ""+0"",$E153 = I$1)), $C153, """")","=IF((AND($A153 = ""+0"",$E153 = J$1)), $C153, """")","=IF((AND($A153 = ""+0"",$E153 = K$1)), $C153, """")","=IF((AND($A153 = ""+0"",$E153 = L$1)), $C153, """")","=IF((AND($A153 = ""+0"",$E153 = M$1)), 2^$D153-$B153, """")","=IF((AND($A153 = ""+0"",$E153 = N$1)), 2^$D153-$B153, """")","=IF((AND($A153 = ""+0"",$E153 = O$1)), 2^$D153-$B153, """")","=IF((AND($A153 = ""+0"",$E153 = P$1)), 2^$D153-$B153, """")","=IF((AND($A153 = ""+0"",$E153 = Q$1)), 2^$D153-$B153, """")","=IF((AND($A153 = ""+0"",$E153 = R$1)), 2^$D153-$B153, """")","=IF((AND($A153 = ""+0"",$E153 = S$1)), 2^$D153-$B153, """")",=B153*C153,=B153/C153,=(C153-1)/(B153),"=log(T153, W$1)",=W153+U153*X$1
+1,113.0,5.0,7.0,=D154+A154,"=IF((AND($A154 = ""+0"",$E154 = F$1)), $C154, """")","=IF((AND($A154 = ""+0"",$E154 = G$1)), $C154, """")","=IF((AND($A154 = ""+0"",$E154 = H$1)), $C154, """")","=IF((AND($A154 = ""+0"",$E154 = I$1)), $C154, """")","=IF((AND($A154 = ""+0"",$E154 = J$1)), $C154, """")","=IF((AND($A154 = ""+0"",$E154 = K$1)), $C154, """")","=IF((AND($A154 = ""+0"",$E154 = L$1)), $C154, """")","=IF((AND($A154 = ""+0"",$E154 = M$1)), 2^$D154-$B154, """")","=IF((AND($A154 = ""+0"",$E154 = N$1)), 2^$D154-$B154, """")","=IF((AND($A154 = ""+0"",$E154 = O$1)), 2^$D154-$B154, """")","=IF((AND($A154 = ""+0"",$E154 = P$1)), 2^$D154-$B154, """")","=IF((AND($A154 = ""+0"",$E154 = Q$1)), 2^$D154-$B154, """")","=IF((AND($A154 = ""+0"",$E154 = R$1)), 2^$D154-$B154, """")","=IF((AND($A154 = ""+0"",$E154 = S$1)), 2^$D154-$B154, """")",=B154*C154,=B154/C154,=(C154-1)/(B154),"=log(T154, W$1)",=W154+U154*X$1
+1,112.0,5.0,7.0,=D155+A155,"=IF((AND($A155 = ""+0"",$E155 = F$1)), $C155, """")","=IF((AND($A155 = ""+0"",$E155 = G$1)), $C155, """")","=IF((AND($A155 = ""+0"",$E155 = H$1)), $C155, """")","=IF((AND($A155 = ""+0"",$E155 = I$1)), $C155, """")","=IF((AND($A155 = ""+0"",$E155 = J$1)), $C155, """")","=IF((AND($A155 = ""+0"",$E155 = K$1)), $C155, """")","=IF((AND($A155 = ""+0"",$E155 = L$1)), $C155, """")","=IF((AND($A155 = ""+0"",$E155 = M$1)), 2^$D155-$B155, """")","=IF((AND($A155 = ""+0"",$E155 = N$1)), 2^$D155-$B155, """")","=IF((AND($A155 = ""+0"",$E155 = O$1)), 2^$D155-$B155, """")","=IF((AND($A155 = ""+0"",$E155 = P$1)), 2^$D155-$B155, """")","=IF((AND($A155 = ""+0"",$E155 = Q$1)), 2^$D155-$B155, """")","=IF((AND($A155 = ""+0"",$E155 = R$1)), 2^$D155-$B155, """")","=IF((AND($A155 = ""+0"",$E155 = S$1)), 2^$D155-$B155, """")",=B155*C155,=B155/C155,=(C155-1)/(B155),"=log(T155, W$1)",=W155+U155*X$1
+1,111.0,5.0,7.0,=D156+A156,"=IF((AND($A156 = ""+0"",$E156 = F$1)), $C156, """")","=IF((AND($A156 = ""+0"",$E156 = G$1)), $C156, """")","=IF((AND($A156 = ""+0"",$E156 = H$1)), $C156, """")","=IF((AND($A156 = ""+0"",$E156 = I$1)), $C156, """")","=IF((AND($A156 = ""+0"",$E156 = J$1)), $C156, """")","=IF((AND($A156 = ""+0"",$E156 = K$1)), $C156, """")","=IF((AND($A156 = ""+0"",$E156 = L$1)), $C156, """")","=IF((AND($A156 = ""+0"",$E156 = M$1)), 2^$D156-$B156, """")","=IF((AND($A156 = ""+0"",$E156 = N$1)), 2^$D156-$B156, """")","=IF((AND($A156 = ""+0"",$E156 = O$1)), 2^$D156-$B156, """")","=IF((AND($A156 = ""+0"",$E156 = P$1)), 2^$D156-$B156, """")","=IF((AND($A156 = ""+0"",$E156 = Q$1)), 2^$D156-$B156, """")","=IF((AND($A156 = ""+0"",$E156 = R$1)), 2^$D156-$B156, """")","=IF((AND($A156 = ""+0"",$E156 = S$1)), 2^$D156-$B156, """")",=B156*C156,=B156/C156,=(C156-1)/(B156),"=log(T156, W$1)",=W156+U156*X$1
+1,110.0,5.0,7.0,=D157+A157,"=IF((AND($A157 = ""+0"",$E157 = F$1)), $C157, """")","=IF((AND($A157 = ""+0"",$E157 = G$1)), $C157, """")","=IF((AND($A157 = ""+0"",$E157 = H$1)), $C157, """")","=IF((AND($A157 = ""+0"",$E157 = I$1)), $C157, """")","=IF((AND($A157 = ""+0"",$E157 = J$1)), $C157, """")","=IF((AND($A157 = ""+0"",$E157 = K$1)), $C157, """")","=IF((AND($A157 = ""+0"",$E157 = L$1)), $C157, """")","=IF((AND($A157 = ""+0"",$E157 = M$1)), 2^$D157-$B157, """")","=IF((AND($A157 = ""+0"",$E157 = N$1)), 2^$D157-$B157, """")","=IF((AND($A157 = ""+0"",$E157 = O$1)), 2^$D157-$B157, """")","=IF((AND($A157 = ""+0"",$E157 = P$1)), 2^$D157-$B157, """")","=IF((AND($A157 = ""+0"",$E157 = Q$1)), 2^$D157-$B157, """")","=IF((AND($A157 = ""+0"",$E157 = R$1)), 2^$D157-$B157, """")","=IF((AND($A157 = ""+0"",$E157 = S$1)), 2^$D157-$B157, """")",=B157*C157,=B157/C157,=(C157-1)/(B157),"=log(T157, W$1)",=W157+U157*X$1
+0,109.0,5.0,7.0,=D158+A158,"=IF((AND($A158 = ""+0"",$E158 = F$1)), $C158, """")","=IF((AND($A158 = ""+0"",$E158 = G$1)), $C158, """")","=IF((AND($A158 = ""+0"",$E158 = H$1)), $C158, """")","=IF((AND($A158 = ""+0"",$E158 = I$1)), $C158, """")","=IF((AND($A158 = ""+0"",$E158 = J$1)), $C158, """")","=IF((AND($A158 = ""+0"",$E158 = K$1)), $C158, """")","=IF((AND($A158 = ""+0"",$E158 = L$1)), $C158, """")","=IF((AND($A158 = ""+0"",$E158 = M$1)), 2^$D158-$B158, """")","=IF((AND($A158 = ""+0"",$E158 = N$1)), 2^$D158-$B158, """")","=IF((AND($A158 = ""+0"",$E158 = O$1)), 2^$D158-$B158, """")","=IF((AND($A158 = ""+0"",$E158 = P$1)), 2^$D158-$B158, """")","=IF((AND($A158 = ""+0"",$E158 = Q$1)), 2^$D158-$B158, """")","=IF((AND($A158 = ""+0"",$E158 = R$1)), 2^$D158-$B158, """")","=IF((AND($A158 = ""+0"",$E158 = S$1)), 2^$D158-$B158, """")",=B158*C158,=B158/C158,=(C158-1)/(B158),"=log(T158, W$1)",=W158+U158*X$1
+1,109.0,6.0,7.0,=D159+A159,"=IF((AND($A159 = ""+0"",$E159 = F$1)), $C159, """")","=IF((AND($A159 = ""+0"",$E159 = G$1)), $C159, """")","=IF((AND($A159 = ""+0"",$E159 = H$1)), $C159, """")","=IF((AND($A159 = ""+0"",$E159 = I$1)), $C159, """")","=IF((AND($A159 = ""+0"",$E159 = J$1)), $C159, """")","=IF((AND($A159 = ""+0"",$E159 = K$1)), $C159, """")","=IF((AND($A159 = ""+0"",$E159 = L$1)), $C159, """")","=IF((AND($A159 = ""+0"",$E159 = M$1)), 2^$D159-$B159, """")","=IF((AND($A159 = ""+0"",$E159 = N$1)), 2^$D159-$B159, """")","=IF((AND($A159 = ""+0"",$E159 = O$1)), 2^$D159-$B159, """")","=IF((AND($A159 = ""+0"",$E159 = P$1)), 2^$D159-$B159, """")","=IF((AND($A159 = ""+0"",$E159 = Q$1)), 2^$D159-$B159, """")","=IF((AND($A159 = ""+0"",$E159 = R$1)), 2^$D159-$B159, """")","=IF((AND($A159 = ""+0"",$E159 = S$1)), 2^$D159-$B159, """")",=B159*C159,=B159/C159,=(C159-1)/(B159),"=log(T159, W$1)",=W159+U159*X$1
+1,108.0,6.0,7.0,=D160+A160,"=IF((AND($A160 = ""+0"",$E160 = F$1)), $C160, """")","=IF((AND($A160 = ""+0"",$E160 = G$1)), $C160, """")","=IF((AND($A160 = ""+0"",$E160 = H$1)), $C160, """")","=IF((AND($A160 = ""+0"",$E160 = I$1)), $C160, """")","=IF((AND($A160 = ""+0"",$E160 = J$1)), $C160, """")","=IF((AND($A160 = ""+0"",$E160 = K$1)), $C160, """")","=IF((AND($A160 = ""+0"",$E160 = L$1)), $C160, """")","=IF((AND($A160 = ""+0"",$E160 = M$1)), 2^$D160-$B160, """")","=IF((AND($A160 = ""+0"",$E160 = N$1)), 2^$D160-$B160, """")","=IF((AND($A160 = ""+0"",$E160 = O$1)), 2^$D160-$B160, """")","=IF((AND($A160 = ""+0"",$E160 = P$1)), 2^$D160-$B160, """")","=IF((AND($A160 = ""+0"",$E160 = Q$1)), 2^$D160-$B160, """")","=IF((AND($A160 = ""+0"",$E160 = R$1)), 2^$D160-$B160, """")","=IF((AND($A160 = ""+0"",$E160 = S$1)), 2^$D160-$B160, """")",=B160*C160,=B160/C160,=(C160-1)/(B160),"=log(T160, W$1)",=W160+U160*X$1
+1,107.0,6.0,7.0,=D161+A161,"=IF((AND($A161 = ""+0"",$E161 = F$1)), $C161, """")","=IF((AND($A161 = ""+0"",$E161 = G$1)), $C161, """")","=IF((AND($A161 = ""+0"",$E161 = H$1)), $C161, """")","=IF((AND($A161 = ""+0"",$E161 = I$1)), $C161, """")","=IF((AND($A161 = ""+0"",$E161 = J$1)), $C161, """")","=IF((AND($A161 = ""+0"",$E161 = K$1)), $C161, """")","=IF((AND($A161 = ""+0"",$E161 = L$1)), $C161, """")","=IF((AND($A161 = ""+0"",$E161 = M$1)), 2^$D161-$B161, """")","=IF((AND($A161 = ""+0"",$E161 = N$1)), 2^$D161-$B161, """")","=IF((AND($A161 = ""+0"",$E161 = O$1)), 2^$D161-$B161, """")","=IF((AND($A161 = ""+0"",$E161 = P$1)), 2^$D161-$B161, """")","=IF((AND($A161 = ""+0"",$E161 = Q$1)), 2^$D161-$B161, """")","=IF((AND($A161 = ""+0"",$E161 = R$1)), 2^$D161-$B161, """")","=IF((AND($A161 = ""+0"",$E161 = S$1)), 2^$D161-$B161, """")",=B161*C161,=B161/C161,=(C161-1)/(B161),"=log(T161, W$1)",=W161+U161*X$1
+1,106.0,6.0,7.0,=D162+A162,"=IF((AND($A162 = ""+0"",$E162 = F$1)), $C162, """")","=IF((AND($A162 = ""+0"",$E162 = G$1)), $C162, """")","=IF((AND($A162 = ""+0"",$E162 = H$1)), $C162, """")","=IF((AND($A162 = ""+0"",$E162 = I$1)), $C162, """")","=IF((AND($A162 = ""+0"",$E162 = J$1)), $C162, """")","=IF((AND($A162 = ""+0"",$E162 = K$1)), $C162, """")","=IF((AND($A162 = ""+0"",$E162 = L$1)), $C162, """")","=IF((AND($A162 = ""+0"",$E162 = M$1)), 2^$D162-$B162, """")","=IF((AND($A162 = ""+0"",$E162 = N$1)), 2^$D162-$B162, """")","=IF((AND($A162 = ""+0"",$E162 = O$1)), 2^$D162-$B162, """")","=IF((AND($A162 = ""+0"",$E162 = P$1)), 2^$D162-$B162, """")","=IF((AND($A162 = ""+0"",$E162 = Q$1)), 2^$D162-$B162, """")","=IF((AND($A162 = ""+0"",$E162 = R$1)), 2^$D162-$B162, """")","=IF((AND($A162 = ""+0"",$E162 = S$1)), 2^$D162-$B162, """")",=B162*C162,=B162/C162,=(C162-1)/(B162),"=log(T162, W$1)",=W162+U162*X$1
+1,105.0,6.0,7.0,=D163+A163,"=IF((AND($A163 = ""+0"",$E163 = F$1)), $C163, """")","=IF((AND($A163 = ""+0"",$E163 = G$1)), $C163, """")","=IF((AND($A163 = ""+0"",$E163 = H$1)), $C163, """")","=IF((AND($A163 = ""+0"",$E163 = I$1)), $C163, """")","=IF((AND($A163 = ""+0"",$E163 = J$1)), $C163, """")","=IF((AND($A163 = ""+0"",$E163 = K$1)), $C163, """")","=IF((AND($A163 = ""+0"",$E163 = L$1)), $C163, """")","=IF((AND($A163 = ""+0"",$E163 = M$1)), 2^$D163-$B163, """")","=IF((AND($A163 = ""+0"",$E163 = N$1)), 2^$D163-$B163, """")","=IF((AND($A163 = ""+0"",$E163 = O$1)), 2^$D163-$B163, """")","=IF((AND($A163 = ""+0"",$E163 = P$1)), 2^$D163-$B163, """")","=IF((AND($A163 = ""+0"",$E163 = Q$1)), 2^$D163-$B163, """")","=IF((AND($A163 = ""+0"",$E163 = R$1)), 2^$D163-$B163, """")","=IF((AND($A163 = ""+0"",$E163 = S$1)), 2^$D163-$B163, """")",=B163*C163,=B163/C163,=(C163-1)/(B163),"=log(T163, W$1)",=W163+U163*X$1
+0,104.0,6.0,7.0,=D164+A164,"=IF((AND($A164 = ""+0"",$E164 = F$1)), $C164, """")","=IF((AND($A164 = ""+0"",$E164 = G$1)), $C164, """")","=IF((AND($A164 = ""+0"",$E164 = H$1)), $C164, """")","=IF((AND($A164 = ""+0"",$E164 = I$1)), $C164, """")","=IF((AND($A164 = ""+0"",$E164 = J$1)), $C164, """")","=IF((AND($A164 = ""+0"",$E164 = K$1)), $C164, """")","=IF((AND($A164 = ""+0"",$E164 = L$1)), $C164, """")","=IF((AND($A164 = ""+0"",$E164 = M$1)), 2^$D164-$B164, """")","=IF((AND($A164 = ""+0"",$E164 = N$1)), 2^$D164-$B164, """")","=IF((AND($A164 = ""+0"",$E164 = O$1)), 2^$D164-$B164, """")","=IF((AND($A164 = ""+0"",$E164 = P$1)), 2^$D164-$B164, """")","=IF((AND($A164 = ""+0"",$E164 = Q$1)), 2^$D164-$B164, """")","=IF((AND($A164 = ""+0"",$E164 = R$1)), 2^$D164-$B164, """")","=IF((AND($A164 = ""+0"",$E164 = S$1)), 2^$D164-$B164, """")",=B164*C164,=B164/C164,=(C164-1)/(B164),"=log(T164, W$1)",=W164+U164*X$1
+1,104.0,7.0,7.0,=D165+A165,"=IF((AND($A165 = ""+0"",$E165 = F$1)), $C165, """")","=IF((AND($A165 = ""+0"",$E165 = G$1)), $C165, """")","=IF((AND($A165 = ""+0"",$E165 = H$1)), $C165, """")","=IF((AND($A165 = ""+0"",$E165 = I$1)), $C165, """")","=IF((AND($A165 = ""+0"",$E165 = J$1)), $C165, """")","=IF((AND($A165 = ""+0"",$E165 = K$1)), $C165, """")","=IF((AND($A165 = ""+0"",$E165 = L$1)), $C165, """")","=IF((AND($A165 = ""+0"",$E165 = M$1)), 2^$D165-$B165, """")","=IF((AND($A165 = ""+0"",$E165 = N$1)), 2^$D165-$B165, """")","=IF((AND($A165 = ""+0"",$E165 = O$1)), 2^$D165-$B165, """")","=IF((AND($A165 = ""+0"",$E165 = P$1)), 2^$D165-$B165, """")","=IF((AND($A165 = ""+0"",$E165 = Q$1)), 2^$D165-$B165, """")","=IF((AND($A165 = ""+0"",$E165 = R$1)), 2^$D165-$B165, """")","=IF((AND($A165 = ""+0"",$E165 = S$1)), 2^$D165-$B165, """")",=B165*C165,=B165/C165,=(C165-1)/(B165),"=log(T165, W$1)",=W165+U165*X$1
+1,103.0,7.0,7.0,=D166+A166,"=IF((AND($A166 = ""+0"",$E166 = F$1)), $C166, """")","=IF((AND($A166 = ""+0"",$E166 = G$1)), $C166, """")","=IF((AND($A166 = ""+0"",$E166 = H$1)), $C166, """")","=IF((AND($A166 = ""+0"",$E166 = I$1)), $C166, """")","=IF((AND($A166 = ""+0"",$E166 = J$1)), $C166, """")","=IF((AND($A166 = ""+0"",$E166 = K$1)), $C166, """")","=IF((AND($A166 = ""+0"",$E166 = L$1)), $C166, """")","=IF((AND($A166 = ""+0"",$E166 = M$1)), 2^$D166-$B166, """")","=IF((AND($A166 = ""+0"",$E166 = N$1)), 2^$D166-$B166, """")","=IF((AND($A166 = ""+0"",$E166 = O$1)), 2^$D166-$B166, """")","=IF((AND($A166 = ""+0"",$E166 = P$1)), 2^$D166-$B166, """")","=IF((AND($A166 = ""+0"",$E166 = Q$1)), 2^$D166-$B166, """")","=IF((AND($A166 = ""+0"",$E166 = R$1)), 2^$D166-$B166, """")","=IF((AND($A166 = ""+0"",$E166 = S$1)), 2^$D166-$B166, """")",=B166*C166,=B166/C166,=(C166-1)/(B166),"=log(T166, W$1)",=W166+U166*X$1
+1,102.0,7.0,7.0,=D167+A167,"=IF((AND($A167 = ""+0"",$E167 = F$1)), $C167, """")","=IF((AND($A167 = ""+0"",$E167 = G$1)), $C167, """")","=IF((AND($A167 = ""+0"",$E167 = H$1)), $C167, """")","=IF((AND($A167 = ""+0"",$E167 = I$1)), $C167, """")","=IF((AND($A167 = ""+0"",$E167 = J$1)), $C167, """")","=IF((AND($A167 = ""+0"",$E167 = K$1)), $C167, """")","=IF((AND($A167 = ""+0"",$E167 = L$1)), $C167, """")","=IF((AND($A167 = ""+0"",$E167 = M$1)), 2^$D167-$B167, """")","=IF((AND($A167 = ""+0"",$E167 = N$1)), 2^$D167-$B167, """")","=IF((AND($A167 = ""+0"",$E167 = O$1)), 2^$D167-$B167, """")","=IF((AND($A167 = ""+0"",$E167 = P$1)), 2^$D167-$B167, """")","=IF((AND($A167 = ""+0"",$E167 = Q$1)), 2^$D167-$B167, """")","=IF((AND($A167 = ""+0"",$E167 = R$1)), 2^$D167-$B167, """")","=IF((AND($A167 = ""+0"",$E167 = S$1)), 2^$D167-$B167, """")",=B167*C167,=B167/C167,=(C167-1)/(B167),"=log(T167, W$1)",=W167+U167*X$1
+1,101.0,7.0,7.0,=D168+A168,"=IF((AND($A168 = ""+0"",$E168 = F$1)), $C168, """")","=IF((AND($A168 = ""+0"",$E168 = G$1)), $C168, """")","=IF((AND($A168 = ""+0"",$E168 = H$1)), $C168, """")","=IF((AND($A168 = ""+0"",$E168 = I$1)), $C168, """")","=IF((AND($A168 = ""+0"",$E168 = J$1)), $C168, """")","=IF((AND($A168 = ""+0"",$E168 = K$1)), $C168, """")","=IF((AND($A168 = ""+0"",$E168 = L$1)), $C168, """")","=IF((AND($A168 = ""+0"",$E168 = M$1)), 2^$D168-$B168, """")","=IF((AND($A168 = ""+0"",$E168 = N$1)), 2^$D168-$B168, """")","=IF((AND($A168 = ""+0"",$E168 = O$1)), 2^$D168-$B168, """")","=IF((AND($A168 = ""+0"",$E168 = P$1)), 2^$D168-$B168, """")","=IF((AND($A168 = ""+0"",$E168 = Q$1)), 2^$D168-$B168, """")","=IF((AND($A168 = ""+0"",$E168 = R$1)), 2^$D168-$B168, """")","=IF((AND($A168 = ""+0"",$E168 = S$1)), 2^$D168-$B168, """")",=B168*C168,=B168/C168,=(C168-1)/(B168),"=log(T168, W$1)",=W168+U168*X$1
+1,100.0,7.0,7.0,=D169+A169,"=IF((AND($A169 = ""+0"",$E169 = F$1)), $C169, """")","=IF((AND($A169 = ""+0"",$E169 = G$1)), $C169, """")","=IF((AND($A169 = ""+0"",$E169 = H$1)), $C169, """")","=IF((AND($A169 = ""+0"",$E169 = I$1)), $C169, """")","=IF((AND($A169 = ""+0"",$E169 = J$1)), $C169, """")","=IF((AND($A169 = ""+0"",$E169 = K$1)), $C169, """")","=IF((AND($A169 = ""+0"",$E169 = L$1)), $C169, """")","=IF((AND($A169 = ""+0"",$E169 = M$1)), 2^$D169-$B169, """")","=IF((AND($A169 = ""+0"",$E169 = N$1)), 2^$D169-$B169, """")","=IF((AND($A169 = ""+0"",$E169 = O$1)), 2^$D169-$B169, """")","=IF((AND($A169 = ""+0"",$E169 = P$1)), 2^$D169-$B169, """")","=IF((AND($A169 = ""+0"",$E169 = Q$1)), 2^$D169-$B169, """")","=IF((AND($A169 = ""+0"",$E169 = R$1)), 2^$D169-$B169, """")","=IF((AND($A169 = ""+0"",$E169 = S$1)), 2^$D169-$B169, """")",=B169*C169,=B169/C169,=(C169-1)/(B169),"=log(T169, W$1)",=W169+U169*X$1
+1,99.0,7.0,7.0,=D170+A170,"=IF((AND($A170 = ""+0"",$E170 = F$1)), $C170, """")","=IF((AND($A170 = ""+0"",$E170 = G$1)), $C170, """")","=IF((AND($A170 = ""+0"",$E170 = H$1)), $C170, """")","=IF((AND($A170 = ""+0"",$E170 = I$1)), $C170, """")","=IF((AND($A170 = ""+0"",$E170 = J$1)), $C170, """")","=IF((AND($A170 = ""+0"",$E170 = K$1)), $C170, """")","=IF((AND($A170 = ""+0"",$E170 = L$1)), $C170, """")","=IF((AND($A170 = ""+0"",$E170 = M$1)), 2^$D170-$B170, """")","=IF((AND($A170 = ""+0"",$E170 = N$1)), 2^$D170-$B170, """")","=IF((AND($A170 = ""+0"",$E170 = O$1)), 2^$D170-$B170, """")","=IF((AND($A170 = ""+0"",$E170 = P$1)), 2^$D170-$B170, """")","=IF((AND($A170 = ""+0"",$E170 = Q$1)), 2^$D170-$B170, """")","=IF((AND($A170 = ""+0"",$E170 = R$1)), 2^$D170-$B170, """")","=IF((AND($A170 = ""+0"",$E170 = S$1)), 2^$D170-$B170, """")",=B170*C170,=B170/C170,=(C170-1)/(B170),"=log(T170, W$1)",=W170+U170*X$1
+1,98.0,7.0,7.0,=D171+A171,"=IF((AND($A171 = ""+0"",$E171 = F$1)), $C171, """")","=IF((AND($A171 = ""+0"",$E171 = G$1)), $C171, """")","=IF((AND($A171 = ""+0"",$E171 = H$1)), $C171, """")","=IF((AND($A171 = ""+0"",$E171 = I$1)), $C171, """")","=IF((AND($A171 = ""+0"",$E171 = J$1)), $C171, """")","=IF((AND($A171 = ""+0"",$E171 = K$1)), $C171, """")","=IF((AND($A171 = ""+0"",$E171 = L$1)), $C171, """")","=IF((AND($A171 = ""+0"",$E171 = M$1)), 2^$D171-$B171, """")","=IF((AND($A171 = ""+0"",$E171 = N$1)), 2^$D171-$B171, """")","=IF((AND($A171 = ""+0"",$E171 = O$1)), 2^$D171-$B171, """")","=IF((AND($A171 = ""+0"",$E171 = P$1)), 2^$D171-$B171, """")","=IF((AND($A171 = ""+0"",$E171 = Q$1)), 2^$D171-$B171, """")","=IF((AND($A171 = ""+0"",$E171 = R$1)), 2^$D171-$B171, """")","=IF((AND($A171 = ""+0"",$E171 = S$1)), 2^$D171-$B171, """")",=B171*C171,=B171/C171,=(C171-1)/(B171),"=log(T171, W$1)",=W171+U171*X$1
+0,97.0,7.0,7.0,=D172+A172,"=IF((AND($A172 = ""+0"",$E172 = F$1)), $C172, """")","=IF((AND($A172 = ""+0"",$E172 = G$1)), $C172, """")","=IF((AND($A172 = ""+0"",$E172 = H$1)), $C172, """")","=IF((AND($A172 = ""+0"",$E172 = I$1)), $C172, """")","=IF((AND($A172 = ""+0"",$E172 = J$1)), $C172, """")","=IF((AND($A172 = ""+0"",$E172 = K$1)), $C172, """")","=IF((AND($A172 = ""+0"",$E172 = L$1)), $C172, """")","=IF((AND($A172 = ""+0"",$E172 = M$1)), 2^$D172-$B172, """")","=IF((AND($A172 = ""+0"",$E172 = N$1)), 2^$D172-$B172, """")","=IF((AND($A172 = ""+0"",$E172 = O$1)), 2^$D172-$B172, """")","=IF((AND($A172 = ""+0"",$E172 = P$1)), 2^$D172-$B172, """")","=IF((AND($A172 = ""+0"",$E172 = Q$1)), 2^$D172-$B172, """")","=IF((AND($A172 = ""+0"",$E172 = R$1)), 2^$D172-$B172, """")","=IF((AND($A172 = ""+0"",$E172 = S$1)), 2^$D172-$B172, """")",=B172*C172,=B172/C172,=(C172-1)/(B172),"=log(T172, W$1)",=W172+U172*X$1
+1,97.0,8.0,7.0,=D173+A173,"=IF((AND($A173 = ""+0"",$E173 = F$1)), $C173, """")","=IF((AND($A173 = ""+0"",$E173 = G$1)), $C173, """")","=IF((AND($A173 = ""+0"",$E173 = H$1)), $C173, """")","=IF((AND($A173 = ""+0"",$E173 = I$1)), $C173, """")","=IF((AND($A173 = ""+0"",$E173 = J$1)), $C173, """")","=IF((AND($A173 = ""+0"",$E173 = K$1)), $C173, """")","=IF((AND($A173 = ""+0"",$E173 = L$1)), $C173, """")","=IF((AND($A173 = ""+0"",$E173 = M$1)), 2^$D173-$B173, """")","=IF((AND($A173 = ""+0"",$E173 = N$1)), 2^$D173-$B173, """")","=IF((AND($A173 = ""+0"",$E173 = O$1)), 2^$D173-$B173, """")","=IF((AND($A173 = ""+0"",$E173 = P$1)), 2^$D173-$B173, """")","=IF((AND($A173 = ""+0"",$E173 = Q$1)), 2^$D173-$B173, """")","=IF((AND($A173 = ""+0"",$E173 = R$1)), 2^$D173-$B173, """")","=IF((AND($A173 = ""+0"",$E173 = S$1)), 2^$D173-$B173, """")",=B173*C173,=B173/C173,=(C173-1)/(B173),"=log(T173, W$1)",=W173+U173*X$1
+1,96.0,8.0,7.0,=D174+A174,"=IF((AND($A174 = ""+0"",$E174 = F$1)), $C174, """")","=IF((AND($A174 = ""+0"",$E174 = G$1)), $C174, """")","=IF((AND($A174 = ""+0"",$E174 = H$1)), $C174, """")","=IF((AND($A174 = ""+0"",$E174 = I$1)), $C174, """")","=IF((AND($A174 = ""+0"",$E174 = J$1)), $C174, """")","=IF((AND($A174 = ""+0"",$E174 = K$1)), $C174, """")","=IF((AND($A174 = ""+0"",$E174 = L$1)), $C174, """")","=IF((AND($A174 = ""+0"",$E174 = M$1)), 2^$D174-$B174, """")","=IF((AND($A174 = ""+0"",$E174 = N$1)), 2^$D174-$B174, """")","=IF((AND($A174 = ""+0"",$E174 = O$1)), 2^$D174-$B174, """")","=IF((AND($A174 = ""+0"",$E174 = P$1)), 2^$D174-$B174, """")","=IF((AND($A174 = ""+0"",$E174 = Q$1)), 2^$D174-$B174, """")","=IF((AND($A174 = ""+0"",$E174 = R$1)), 2^$D174-$B174, """")","=IF((AND($A174 = ""+0"",$E174 = S$1)), 2^$D174-$B174, """")",=B174*C174,=B174/C174,=(C174-1)/(B174),"=log(T174, W$1)",=W174+U174*X$1
+1,95.0,8.0,7.0,=D175+A175,"=IF((AND($A175 = ""+0"",$E175 = F$1)), $C175, """")","=IF((AND($A175 = ""+0"",$E175 = G$1)), $C175, """")","=IF((AND($A175 = ""+0"",$E175 = H$1)), $C175, """")","=IF((AND($A175 = ""+0"",$E175 = I$1)), $C175, """")","=IF((AND($A175 = ""+0"",$E175 = J$1)), $C175, """")","=IF((AND($A175 = ""+0"",$E175 = K$1)), $C175, """")","=IF((AND($A175 = ""+0"",$E175 = L$1)), $C175, """")","=IF((AND($A175 = ""+0"",$E175 = M$1)), 2^$D175-$B175, """")","=IF((AND($A175 = ""+0"",$E175 = N$1)), 2^$D175-$B175, """")","=IF((AND($A175 = ""+0"",$E175 = O$1)), 2^$D175-$B175, """")","=IF((AND($A175 = ""+0"",$E175 = P$1)), 2^$D175-$B175, """")","=IF((AND($A175 = ""+0"",$E175 = Q$1)), 2^$D175-$B175, """")","=IF((AND($A175 = ""+0"",$E175 = R$1)), 2^$D175-$B175, """")","=IF((AND($A175 = ""+0"",$E175 = S$1)), 2^$D175-$B175, """")",=B175*C175,=B175/C175,=(C175-1)/(B175),"=log(T175, W$1)",=W175+U175*X$1
+1,94.0,8.0,7.0,=D176+A176,"=IF((AND($A176 = ""+0"",$E176 = F$1)), $C176, """")","=IF((AND($A176 = ""+0"",$E176 = G$1)), $C176, """")","=IF((AND($A176 = ""+0"",$E176 = H$1)), $C176, """")","=IF((AND($A176 = ""+0"",$E176 = I$1)), $C176, """")","=IF((AND($A176 = ""+0"",$E176 = J$1)), $C176, """")","=IF((AND($A176 = ""+0"",$E176 = K$1)), $C176, """")","=IF((AND($A176 = ""+0"",$E176 = L$1)), $C176, """")","=IF((AND($A176 = ""+0"",$E176 = M$1)), 2^$D176-$B176, """")","=IF((AND($A176 = ""+0"",$E176 = N$1)), 2^$D176-$B176, """")","=IF((AND($A176 = ""+0"",$E176 = O$1)), 2^$D176-$B176, """")","=IF((AND($A176 = ""+0"",$E176 = P$1)), 2^$D176-$B176, """")","=IF((AND($A176 = ""+0"",$E176 = Q$1)), 2^$D176-$B176, """")","=IF((AND($A176 = ""+0"",$E176 = R$1)), 2^$D176-$B176, """")","=IF((AND($A176 = ""+0"",$E176 = S$1)), 2^$D176-$B176, """")",=B176*C176,=B176/C176,=(C176-1)/(B176),"=log(T176, W$1)",=W176+U176*X$1
+1,93.0,8.0,7.0,=D177+A177,"=IF((AND($A177 = ""+0"",$E177 = F$1)), $C177, """")","=IF((AND($A177 = ""+0"",$E177 = G$1)), $C177, """")","=IF((AND($A177 = ""+0"",$E177 = H$1)), $C177, """")","=IF((AND($A177 = ""+0"",$E177 = I$1)), $C177, """")","=IF((AND($A177 = ""+0"",$E177 = J$1)), $C177, """")","=IF((AND($A177 = ""+0"",$E177 = K$1)), $C177, """")","=IF((AND($A177 = ""+0"",$E177 = L$1)), $C177, """")","=IF((AND($A177 = ""+0"",$E177 = M$1)), 2^$D177-$B177, """")","=IF((AND($A177 = ""+0"",$E177 = N$1)), 2^$D177-$B177, """")","=IF((AND($A177 = ""+0"",$E177 = O$1)), 2^$D177-$B177, """")","=IF((AND($A177 = ""+0"",$E177 = P$1)), 2^$D177-$B177, """")","=IF((AND($A177 = ""+0"",$E177 = Q$1)), 2^$D177-$B177, """")","=IF((AND($A177 = ""+0"",$E177 = R$1)), 2^$D177-$B177, """")","=IF((AND($A177 = ""+0"",$E177 = S$1)), 2^$D177-$B177, """")",=B177*C177,=B177/C177,=(C177-1)/(B177),"=log(T177, W$1)",=W177+U177*X$1
+1,92.0,8.0,7.0,=D178+A178,"=IF((AND($A178 = ""+0"",$E178 = F$1)), $C178, """")","=IF((AND($A178 = ""+0"",$E178 = G$1)), $C178, """")","=IF((AND($A178 = ""+0"",$E178 = H$1)), $C178, """")","=IF((AND($A178 = ""+0"",$E178 = I$1)), $C178, """")","=IF((AND($A178 = ""+0"",$E178 = J$1)), $C178, """")","=IF((AND($A178 = ""+0"",$E178 = K$1)), $C178, """")","=IF((AND($A178 = ""+0"",$E178 = L$1)), $C178, """")","=IF((AND($A178 = ""+0"",$E178 = M$1)), 2^$D178-$B178, """")","=IF((AND($A178 = ""+0"",$E178 = N$1)), 2^$D178-$B178, """")","=IF((AND($A178 = ""+0"",$E178 = O$1)), 2^$D178-$B178, """")","=IF((AND($A178 = ""+0"",$E178 = P$1)), 2^$D178-$B178, """")","=IF((AND($A178 = ""+0"",$E178 = Q$1)), 2^$D178-$B178, """")","=IF((AND($A178 = ""+0"",$E178 = R$1)), 2^$D178-$B178, """")","=IF((AND($A178 = ""+0"",$E178 = S$1)), 2^$D178-$B178, """")",=B178*C178,=B178/C178,=(C178-1)/(B178),"=log(T178, W$1)",=W178+U178*X$1
+0,91.0,8.0,7.0,=D179+A179,"=IF((AND($A179 = ""+0"",$E179 = F$1)), $C179, """")","=IF((AND($A179 = ""+0"",$E179 = G$1)), $C179, """")","=IF((AND($A179 = ""+0"",$E179 = H$1)), $C179, """")","=IF((AND($A179 = ""+0"",$E179 = I$1)), $C179, """")","=IF((AND($A179 = ""+0"",$E179 = J$1)), $C179, """")","=IF((AND($A179 = ""+0"",$E179 = K$1)), $C179, """")","=IF((AND($A179 = ""+0"",$E179 = L$1)), $C179, """")","=IF((AND($A179 = ""+0"",$E179 = M$1)), 2^$D179-$B179, """")","=IF((AND($A179 = ""+0"",$E179 = N$1)), 2^$D179-$B179, """")","=IF((AND($A179 = ""+0"",$E179 = O$1)), 2^$D179-$B179, """")","=IF((AND($A179 = ""+0"",$E179 = P$1)), 2^$D179-$B179, """")","=IF((AND($A179 = ""+0"",$E179 = Q$1)), 2^$D179-$B179, """")","=IF((AND($A179 = ""+0"",$E179 = R$1)), 2^$D179-$B179, """")","=IF((AND($A179 = ""+0"",$E179 = S$1)), 2^$D179-$B179, """")",=B179*C179,=B179/C179,=(C179-1)/(B179),"=log(T179, W$1)",=W179+U179*X$1
+1,91.0,9.0,7.0,=D180+A180,"=IF((AND($A180 = ""+0"",$E180 = F$1)), $C180, """")","=IF((AND($A180 = ""+0"",$E180 = G$1)), $C180, """")","=IF((AND($A180 = ""+0"",$E180 = H$1)), $C180, """")","=IF((AND($A180 = ""+0"",$E180 = I$1)), $C180, """")","=IF((AND($A180 = ""+0"",$E180 = J$1)), $C180, """")","=IF((AND($A180 = ""+0"",$E180 = K$1)), $C180, """")","=IF((AND($A180 = ""+0"",$E180 = L$1)), $C180, """")","=IF((AND($A180 = ""+0"",$E180 = M$1)), 2^$D180-$B180, """")","=IF((AND($A180 = ""+0"",$E180 = N$1)), 2^$D180-$B180, """")","=IF((AND($A180 = ""+0"",$E180 = O$1)), 2^$D180-$B180, """")","=IF((AND($A180 = ""+0"",$E180 = P$1)), 2^$D180-$B180, """")","=IF((AND($A180 = ""+0"",$E180 = Q$1)), 2^$D180-$B180, """")","=IF((AND($A180 = ""+0"",$E180 = R$1)), 2^$D180-$B180, """")","=IF((AND($A180 = ""+0"",$E180 = S$1)), 2^$D180-$B180, """")",=B180*C180,=B180/C180,=(C180-1)/(B180),"=log(T180, W$1)",=W180+U180*X$1
+1,90.0,9.0,7.0,=D181+A181,"=IF((AND($A181 = ""+0"",$E181 = F$1)), $C181, """")","=IF((AND($A181 = ""+0"",$E181 = G$1)), $C181, """")","=IF((AND($A181 = ""+0"",$E181 = H$1)), $C181, """")","=IF((AND($A181 = ""+0"",$E181 = I$1)), $C181, """")","=IF((AND($A181 = ""+0"",$E181 = J$1)), $C181, """")","=IF((AND($A181 = ""+0"",$E181 = K$1)), $C181, """")","=IF((AND($A181 = ""+0"",$E181 = L$1)), $C181, """")","=IF((AND($A181 = ""+0"",$E181 = M$1)), 2^$D181-$B181, """")","=IF((AND($A181 = ""+0"",$E181 = N$1)), 2^$D181-$B181, """")","=IF((AND($A181 = ""+0"",$E181 = O$1)), 2^$D181-$B181, """")","=IF((AND($A181 = ""+0"",$E181 = P$1)), 2^$D181-$B181, """")","=IF((AND($A181 = ""+0"",$E181 = Q$1)), 2^$D181-$B181, """")","=IF((AND($A181 = ""+0"",$E181 = R$1)), 2^$D181-$B181, """")","=IF((AND($A181 = ""+0"",$E181 = S$1)), 2^$D181-$B181, """")",=B181*C181,=B181/C181,=(C181-1)/(B181),"=log(T181, W$1)",=W181+U181*X$1
+1,89.0,9.0,7.0,=D182+A182,"=IF((AND($A182 = ""+0"",$E182 = F$1)), $C182, """")","=IF((AND($A182 = ""+0"",$E182 = G$1)), $C182, """")","=IF((AND($A182 = ""+0"",$E182 = H$1)), $C182, """")","=IF((AND($A182 = ""+0"",$E182 = I$1)), $C182, """")","=IF((AND($A182 = ""+0"",$E182 = J$1)), $C182, """")","=IF((AND($A182 = ""+0"",$E182 = K$1)), $C182, """")","=IF((AND($A182 = ""+0"",$E182 = L$1)), $C182, """")","=IF((AND($A182 = ""+0"",$E182 = M$1)), 2^$D182-$B182, """")","=IF((AND($A182 = ""+0"",$E182 = N$1)), 2^$D182-$B182, """")","=IF((AND($A182 = ""+0"",$E182 = O$1)), 2^$D182-$B182, """")","=IF((AND($A182 = ""+0"",$E182 = P$1)), 2^$D182-$B182, """")","=IF((AND($A182 = ""+0"",$E182 = Q$1)), 2^$D182-$B182, """")","=IF((AND($A182 = ""+0"",$E182 = R$1)), 2^$D182-$B182, """")","=IF((AND($A182 = ""+0"",$E182 = S$1)), 2^$D182-$B182, """")",=B182*C182,=B182/C182,=(C182-1)/(B182),"=log(T182, W$1)",=W182+U182*X$1
+1,88.0,9.0,7.0,=D183+A183,"=IF((AND($A183 = ""+0"",$E183 = F$1)), $C183, """")","=IF((AND($A183 = ""+0"",$E183 = G$1)), $C183, """")","=IF((AND($A183 = ""+0"",$E183 = H$1)), $C183, """")","=IF((AND($A183 = ""+0"",$E183 = I$1)), $C183, """")","=IF((AND($A183 = ""+0"",$E183 = J$1)), $C183, """")","=IF((AND($A183 = ""+0"",$E183 = K$1)), $C183, """")","=IF((AND($A183 = ""+0"",$E183 = L$1)), $C183, """")","=IF((AND($A183 = ""+0"",$E183 = M$1)), 2^$D183-$B183, """")","=IF((AND($A183 = ""+0"",$E183 = N$1)), 2^$D183-$B183, """")","=IF((AND($A183 = ""+0"",$E183 = O$1)), 2^$D183-$B183, """")","=IF((AND($A183 = ""+0"",$E183 = P$1)), 2^$D183-$B183, """")","=IF((AND($A183 = ""+0"",$E183 = Q$1)), 2^$D183-$B183, """")","=IF((AND($A183 = ""+0"",$E183 = R$1)), 2^$D183-$B183, """")","=IF((AND($A183 = ""+0"",$E183 = S$1)), 2^$D183-$B183, """")",=B183*C183,=B183/C183,=(C183-1)/(B183),"=log(T183, W$1)",=W183+U183*X$1
+0,87.0,9.0,7.0,=D184+A184,"=IF((AND($A184 = ""+0"",$E184 = F$1)), $C184, """")","=IF((AND($A184 = ""+0"",$E184 = G$1)), $C184, """")","=IF((AND($A184 = ""+0"",$E184 = H$1)), $C184, """")","=IF((AND($A184 = ""+0"",$E184 = I$1)), $C184, """")","=IF((AND($A184 = ""+0"",$E184 = J$1)), $C184, """")","=IF((AND($A184 = ""+0"",$E184 = K$1)), $C184, """")","=IF((AND($A184 = ""+0"",$E184 = L$1)), $C184, """")","=IF((AND($A184 = ""+0"",$E184 = M$1)), 2^$D184-$B184, """")","=IF((AND($A184 = ""+0"",$E184 = N$1)), 2^$D184-$B184, """")","=IF((AND($A184 = ""+0"",$E184 = O$1)), 2^$D184-$B184, """")","=IF((AND($A184 = ""+0"",$E184 = P$1)), 2^$D184-$B184, """")","=IF((AND($A184 = ""+0"",$E184 = Q$1)), 2^$D184-$B184, """")","=IF((AND($A184 = ""+0"",$E184 = R$1)), 2^$D184-$B184, """")","=IF((AND($A184 = ""+0"",$E184 = S$1)), 2^$D184-$B184, """")",=B184*C184,=B184/C184,=(C184-1)/(B184),"=log(T184, W$1)",=W184+U184*X$1
+1,87.0,10.0,7.0,=D185+A185,"=IF((AND($A185 = ""+0"",$E185 = F$1)), $C185, """")","=IF((AND($A185 = ""+0"",$E185 = G$1)), $C185, """")","=IF((AND($A185 = ""+0"",$E185 = H$1)), $C185, """")","=IF((AND($A185 = ""+0"",$E185 = I$1)), $C185, """")","=IF((AND($A185 = ""+0"",$E185 = J$1)), $C185, """")","=IF((AND($A185 = ""+0"",$E185 = K$1)), $C185, """")","=IF((AND($A185 = ""+0"",$E185 = L$1)), $C185, """")","=IF((AND($A185 = ""+0"",$E185 = M$1)), 2^$D185-$B185, """")","=IF((AND($A185 = ""+0"",$E185 = N$1)), 2^$D185-$B185, """")","=IF((AND($A185 = ""+0"",$E185 = O$1)), 2^$D185-$B185, """")","=IF((AND($A185 = ""+0"",$E185 = P$1)), 2^$D185-$B185, """")","=IF((AND($A185 = ""+0"",$E185 = Q$1)), 2^$D185-$B185, """")","=IF((AND($A185 = ""+0"",$E185 = R$1)), 2^$D185-$B185, """")","=IF((AND($A185 = ""+0"",$E185 = S$1)), 2^$D185-$B185, """")",=B185*C185,=B185/C185,=(C185-1)/(B185),"=log(T185, W$1)",=W185+U185*X$1
+1,86.0,10.0,7.0,=D186+A186,"=IF((AND($A186 = ""+0"",$E186 = F$1)), $C186, """")","=IF((AND($A186 = ""+0"",$E186 = G$1)), $C186, """")","=IF((AND($A186 = ""+0"",$E186 = H$1)), $C186, """")","=IF((AND($A186 = ""+0"",$E186 = I$1)), $C186, """")","=IF((AND($A186 = ""+0"",$E186 = J$1)), $C186, """")","=IF((AND($A186 = ""+0"",$E186 = K$1)), $C186, """")","=IF((AND($A186 = ""+0"",$E186 = L$1)), $C186, """")","=IF((AND($A186 = ""+0"",$E186 = M$1)), 2^$D186-$B186, """")","=IF((AND($A186 = ""+0"",$E186 = N$1)), 2^$D186-$B186, """")","=IF((AND($A186 = ""+0"",$E186 = O$1)), 2^$D186-$B186, """")","=IF((AND($A186 = ""+0"",$E186 = P$1)), 2^$D186-$B186, """")","=IF((AND($A186 = ""+0"",$E186 = Q$1)), 2^$D186-$B186, """")","=IF((AND($A186 = ""+0"",$E186 = R$1)), 2^$D186-$B186, """")","=IF((AND($A186 = ""+0"",$E186 = S$1)), 2^$D186-$B186, """")",=B186*C186,=B186/C186,=(C186-1)/(B186),"=log(T186, W$1)",=W186+U186*X$1
+1,85.0,10.0,7.0,=D187+A187,"=IF((AND($A187 = ""+0"",$E187 = F$1)), $C187, """")","=IF((AND($A187 = ""+0"",$E187 = G$1)), $C187, """")","=IF((AND($A187 = ""+0"",$E187 = H$1)), $C187, """")","=IF((AND($A187 = ""+0"",$E187 = I$1)), $C187, """")","=IF((AND($A187 = ""+0"",$E187 = J$1)), $C187, """")","=IF((AND($A187 = ""+0"",$E187 = K$1)), $C187, """")","=IF((AND($A187 = ""+0"",$E187 = L$1)), $C187, """")","=IF((AND($A187 = ""+0"",$E187 = M$1)), 2^$D187-$B187, """")","=IF((AND($A187 = ""+0"",$E187 = N$1)), 2^$D187-$B187, """")","=IF((AND($A187 = ""+0"",$E187 = O$1)), 2^$D187-$B187, """")","=IF((AND($A187 = ""+0"",$E187 = P$1)), 2^$D187-$B187, """")","=IF((AND($A187 = ""+0"",$E187 = Q$1)), 2^$D187-$B187, """")","=IF((AND($A187 = ""+0"",$E187 = R$1)), 2^$D187-$B187, """")","=IF((AND($A187 = ""+0"",$E187 = S$1)), 2^$D187-$B187, """")",=B187*C187,=B187/C187,=(C187-1)/(B187),"=log(T187, W$1)",=W187+U187*X$1
+1,84.0,10.0,7.0,=D188+A188,"=IF((AND($A188 = ""+0"",$E188 = F$1)), $C188, """")","=IF((AND($A188 = ""+0"",$E188 = G$1)), $C188, """")","=IF((AND($A188 = ""+0"",$E188 = H$1)), $C188, """")","=IF((AND($A188 = ""+0"",$E188 = I$1)), $C188, """")","=IF((AND($A188 = ""+0"",$E188 = J$1)), $C188, """")","=IF((AND($A188 = ""+0"",$E188 = K$1)), $C188, """")","=IF((AND($A188 = ""+0"",$E188 = L$1)), $C188, """")","=IF((AND($A188 = ""+0"",$E188 = M$1)), 2^$D188-$B188, """")","=IF((AND($A188 = ""+0"",$E188 = N$1)), 2^$D188-$B188, """")","=IF((AND($A188 = ""+0"",$E188 = O$1)), 2^$D188-$B188, """")","=IF((AND($A188 = ""+0"",$E188 = P$1)), 2^$D188-$B188, """")","=IF((AND($A188 = ""+0"",$E188 = Q$1)), 2^$D188-$B188, """")","=IF((AND($A188 = ""+0"",$E188 = R$1)), 2^$D188-$B188, """")","=IF((AND($A188 = ""+0"",$E188 = S$1)), 2^$D188-$B188, """")",=B188*C188,=B188/C188,=(C188-1)/(B188),"=log(T188, W$1)",=W188+U188*X$1
+1,83.0,10.0,7.0,=D189+A189,"=IF((AND($A189 = ""+0"",$E189 = F$1)), $C189, """")","=IF((AND($A189 = ""+0"",$E189 = G$1)), $C189, """")","=IF((AND($A189 = ""+0"",$E189 = H$1)), $C189, """")","=IF((AND($A189 = ""+0"",$E189 = I$1)), $C189, """")","=IF((AND($A189 = ""+0"",$E189 = J$1)), $C189, """")","=IF((AND($A189 = ""+0"",$E189 = K$1)), $C189, """")","=IF((AND($A189 = ""+0"",$E189 = L$1)), $C189, """")","=IF((AND($A189 = ""+0"",$E189 = M$1)), 2^$D189-$B189, """")","=IF((AND($A189 = ""+0"",$E189 = N$1)), 2^$D189-$B189, """")","=IF((AND($A189 = ""+0"",$E189 = O$1)), 2^$D189-$B189, """")","=IF((AND($A189 = ""+0"",$E189 = P$1)), 2^$D189-$B189, """")","=IF((AND($A189 = ""+0"",$E189 = Q$1)), 2^$D189-$B189, """")","=IF((AND($A189 = ""+0"",$E189 = R$1)), 2^$D189-$B189, """")","=IF((AND($A189 = ""+0"",$E189 = S$1)), 2^$D189-$B189, """")",=B189*C189,=B189/C189,=(C189-1)/(B189),"=log(T189, W$1)",=W189+U189*X$1
+0,82.0,10.0,7.0,=D190+A190,"=IF((AND($A190 = ""+0"",$E190 = F$1)), $C190, """")","=IF((AND($A190 = ""+0"",$E190 = G$1)), $C190, """")","=IF((AND($A190 = ""+0"",$E190 = H$1)), $C190, """")","=IF((AND($A190 = ""+0"",$E190 = I$1)), $C190, """")","=IF((AND($A190 = ""+0"",$E190 = J$1)), $C190, """")","=IF((AND($A190 = ""+0"",$E190 = K$1)), $C190, """")","=IF((AND($A190 = ""+0"",$E190 = L$1)), $C190, """")","=IF((AND($A190 = ""+0"",$E190 = M$1)), 2^$D190-$B190, """")","=IF((AND($A190 = ""+0"",$E190 = N$1)), 2^$D190-$B190, """")","=IF((AND($A190 = ""+0"",$E190 = O$1)), 2^$D190-$B190, """")","=IF((AND($A190 = ""+0"",$E190 = P$1)), 2^$D190-$B190, """")","=IF((AND($A190 = ""+0"",$E190 = Q$1)), 2^$D190-$B190, """")","=IF((AND($A190 = ""+0"",$E190 = R$1)), 2^$D190-$B190, """")","=IF((AND($A190 = ""+0"",$E190 = S$1)), 2^$D190-$B190, """")",=B190*C190,=B190/C190,=(C190-1)/(B190),"=log(T190, W$1)",=W190+U190*X$1
+1,82.0,11.0,7.0,=D191+A191,"=IF((AND($A191 = ""+0"",$E191 = F$1)), $C191, """")","=IF((AND($A191 = ""+0"",$E191 = G$1)), $C191, """")","=IF((AND($A191 = ""+0"",$E191 = H$1)), $C191, """")","=IF((AND($A191 = ""+0"",$E191 = I$1)), $C191, """")","=IF((AND($A191 = ""+0"",$E191 = J$1)), $C191, """")","=IF((AND($A191 = ""+0"",$E191 = K$1)), $C191, """")","=IF((AND($A191 = ""+0"",$E191 = L$1)), $C191, """")","=IF((AND($A191 = ""+0"",$E191 = M$1)), 2^$D191-$B191, """")","=IF((AND($A191 = ""+0"",$E191 = N$1)), 2^$D191-$B191, """")","=IF((AND($A191 = ""+0"",$E191 = O$1)), 2^$D191-$B191, """")","=IF((AND($A191 = ""+0"",$E191 = P$1)), 2^$D191-$B191, """")","=IF((AND($A191 = ""+0"",$E191 = Q$1)), 2^$D191-$B191, """")","=IF((AND($A191 = ""+0"",$E191 = R$1)), 2^$D191-$B191, """")","=IF((AND($A191 = ""+0"",$E191 = S$1)), 2^$D191-$B191, """")",=B191*C191,=B191/C191,=(C191-1)/(B191),"=log(T191, W$1)",=W191+U191*X$1
+1,81.0,11.0,7.0,=D192+A192,"=IF((AND($A192 = ""+0"",$E192 = F$1)), $C192, """")","=IF((AND($A192 = ""+0"",$E192 = G$1)), $C192, """")","=IF((AND($A192 = ""+0"",$E192 = H$1)), $C192, """")","=IF((AND($A192 = ""+0"",$E192 = I$1)), $C192, """")","=IF((AND($A192 = ""+0"",$E192 = J$1)), $C192, """")","=IF((AND($A192 = ""+0"",$E192 = K$1)), $C192, """")","=IF((AND($A192 = ""+0"",$E192 = L$1)), $C192, """")","=IF((AND($A192 = ""+0"",$E192 = M$1)), 2^$D192-$B192, """")","=IF((AND($A192 = ""+0"",$E192 = N$1)), 2^$D192-$B192, """")","=IF((AND($A192 = ""+0"",$E192 = O$1)), 2^$D192-$B192, """")","=IF((AND($A192 = ""+0"",$E192 = P$1)), 2^$D192-$B192, """")","=IF((AND($A192 = ""+0"",$E192 = Q$1)), 2^$D192-$B192, """")","=IF((AND($A192 = ""+0"",$E192 = R$1)), 2^$D192-$B192, """")","=IF((AND($A192 = ""+0"",$E192 = S$1)), 2^$D192-$B192, """")",=B192*C192,=B192/C192,=(C192-1)/(B192),"=log(T192, W$1)",=W192+U192*X$1
+1,80.0,11.0,7.0,=D193+A193,"=IF((AND($A193 = ""+0"",$E193 = F$1)), $C193, """")","=IF((AND($A193 = ""+0"",$E193 = G$1)), $C193, """")","=IF((AND($A193 = ""+0"",$E193 = H$1)), $C193, """")","=IF((AND($A193 = ""+0"",$E193 = I$1)), $C193, """")","=IF((AND($A193 = ""+0"",$E193 = J$1)), $C193, """")","=IF((AND($A193 = ""+0"",$E193 = K$1)), $C193, """")","=IF((AND($A193 = ""+0"",$E193 = L$1)), $C193, """")","=IF((AND($A193 = ""+0"",$E193 = M$1)), 2^$D193-$B193, """")","=IF((AND($A193 = ""+0"",$E193 = N$1)), 2^$D193-$B193, """")","=IF((AND($A193 = ""+0"",$E193 = O$1)), 2^$D193-$B193, """")","=IF((AND($A193 = ""+0"",$E193 = P$1)), 2^$D193-$B193, """")","=IF((AND($A193 = ""+0"",$E193 = Q$1)), 2^$D193-$B193, """")","=IF((AND($A193 = ""+0"",$E193 = R$1)), 2^$D193-$B193, """")","=IF((AND($A193 = ""+0"",$E193 = S$1)), 2^$D193-$B193, """")",=B193*C193,=B193/C193,=(C193-1)/(B193),"=log(T193, W$1)",=W193+U193*X$1
+1,79.0,11.0,7.0,=D194+A194,"=IF((AND($A194 = ""+0"",$E194 = F$1)), $C194, """")","=IF((AND($A194 = ""+0"",$E194 = G$1)), $C194, """")","=IF((AND($A194 = ""+0"",$E194 = H$1)), $C194, """")","=IF((AND($A194 = ""+0"",$E194 = I$1)), $C194, """")","=IF((AND($A194 = ""+0"",$E194 = J$1)), $C194, """")","=IF((AND($A194 = ""+0"",$E194 = K$1)), $C194, """")","=IF((AND($A194 = ""+0"",$E194 = L$1)), $C194, """")","=IF((AND($A194 = ""+0"",$E194 = M$1)), 2^$D194-$B194, """")","=IF((AND($A194 = ""+0"",$E194 = N$1)), 2^$D194-$B194, """")","=IF((AND($A194 = ""+0"",$E194 = O$1)), 2^$D194-$B194, """")","=IF((AND($A194 = ""+0"",$E194 = P$1)), 2^$D194-$B194, """")","=IF((AND($A194 = ""+0"",$E194 = Q$1)), 2^$D194-$B194, """")","=IF((AND($A194 = ""+0"",$E194 = R$1)), 2^$D194-$B194, """")","=IF((AND($A194 = ""+0"",$E194 = S$1)), 2^$D194-$B194, """")",=B194*C194,=B194/C194,=(C194-1)/(B194),"=log(T194, W$1)",=W194+U194*X$1
+1,78.0,11.0,7.0,=D195+A195,"=IF((AND($A195 = ""+0"",$E195 = F$1)), $C195, """")","=IF((AND($A195 = ""+0"",$E195 = G$1)), $C195, """")","=IF((AND($A195 = ""+0"",$E195 = H$1)), $C195, """")","=IF((AND($A195 = ""+0"",$E195 = I$1)), $C195, """")","=IF((AND($A195 = ""+0"",$E195 = J$1)), $C195, """")","=IF((AND($A195 = ""+0"",$E195 = K$1)), $C195, """")","=IF((AND($A195 = ""+0"",$E195 = L$1)), $C195, """")","=IF((AND($A195 = ""+0"",$E195 = M$1)), 2^$D195-$B195, """")","=IF((AND($A195 = ""+0"",$E195 = N$1)), 2^$D195-$B195, """")","=IF((AND($A195 = ""+0"",$E195 = O$1)), 2^$D195-$B195, """")","=IF((AND($A195 = ""+0"",$E195 = P$1)), 2^$D195-$B195, """")","=IF((AND($A195 = ""+0"",$E195 = Q$1)), 2^$D195-$B195, """")","=IF((AND($A195 = ""+0"",$E195 = R$1)), 2^$D195-$B195, """")","=IF((AND($A195 = ""+0"",$E195 = S$1)), 2^$D195-$B195, """")",=B195*C195,=B195/C195,=(C195-1)/(B195),"=log(T195, W$1)",=W195+U195*X$1
+0,77.0,11.0,7.0,=D196+A196,"=IF((AND($A196 = ""+0"",$E196 = F$1)), $C196, """")","=IF((AND($A196 = ""+0"",$E196 = G$1)), $C196, """")","=IF((AND($A196 = ""+0"",$E196 = H$1)), $C196, """")","=IF((AND($A196 = ""+0"",$E196 = I$1)), $C196, """")","=IF((AND($A196 = ""+0"",$E196 = J$1)), $C196, """")","=IF((AND($A196 = ""+0"",$E196 = K$1)), $C196, """")","=IF((AND($A196 = ""+0"",$E196 = L$1)), $C196, """")","=IF((AND($A196 = ""+0"",$E196 = M$1)), 2^$D196-$B196, """")","=IF((AND($A196 = ""+0"",$E196 = N$1)), 2^$D196-$B196, """")","=IF((AND($A196 = ""+0"",$E196 = O$1)), 2^$D196-$B196, """")","=IF((AND($A196 = ""+0"",$E196 = P$1)), 2^$D196-$B196, """")","=IF((AND($A196 = ""+0"",$E196 = Q$1)), 2^$D196-$B196, """")","=IF((AND($A196 = ""+0"",$E196 = R$1)), 2^$D196-$B196, """")","=IF((AND($A196 = ""+0"",$E196 = S$1)), 2^$D196-$B196, """")",=B196*C196,=B196/C196,=(C196-1)/(B196),"=log(T196, W$1)",=W196+U196*X$1
+1,77.0,12.0,7.0,=D197+A197,"=IF((AND($A197 = ""+0"",$E197 = F$1)), $C197, """")","=IF((AND($A197 = ""+0"",$E197 = G$1)), $C197, """")","=IF((AND($A197 = ""+0"",$E197 = H$1)), $C197, """")","=IF((AND($A197 = ""+0"",$E197 = I$1)), $C197, """")","=IF((AND($A197 = ""+0"",$E197 = J$1)), $C197, """")","=IF((AND($A197 = ""+0"",$E197 = K$1)), $C197, """")","=IF((AND($A197 = ""+0"",$E197 = L$1)), $C197, """")","=IF((AND($A197 = ""+0"",$E197 = M$1)), 2^$D197-$B197, """")","=IF((AND($A197 = ""+0"",$E197 = N$1)), 2^$D197-$B197, """")","=IF((AND($A197 = ""+0"",$E197 = O$1)), 2^$D197-$B197, """")","=IF((AND($A197 = ""+0"",$E197 = P$1)), 2^$D197-$B197, """")","=IF((AND($A197 = ""+0"",$E197 = Q$1)), 2^$D197-$B197, """")","=IF((AND($A197 = ""+0"",$E197 = R$1)), 2^$D197-$B197, """")","=IF((AND($A197 = ""+0"",$E197 = S$1)), 2^$D197-$B197, """")",=B197*C197,=B197/C197,=(C197-1)/(B197),"=log(T197, W$1)",=W197+U197*X$1
+1,76.0,12.0,7.0,=D198+A198,"=IF((AND($A198 = ""+0"",$E198 = F$1)), $C198, """")","=IF((AND($A198 = ""+0"",$E198 = G$1)), $C198, """")","=IF((AND($A198 = ""+0"",$E198 = H$1)), $C198, """")","=IF((AND($A198 = ""+0"",$E198 = I$1)), $C198, """")","=IF((AND($A198 = ""+0"",$E198 = J$1)), $C198, """")","=IF((AND($A198 = ""+0"",$E198 = K$1)), $C198, """")","=IF((AND($A198 = ""+0"",$E198 = L$1)), $C198, """")","=IF((AND($A198 = ""+0"",$E198 = M$1)), 2^$D198-$B198, """")","=IF((AND($A198 = ""+0"",$E198 = N$1)), 2^$D198-$B198, """")","=IF((AND($A198 = ""+0"",$E198 = O$1)), 2^$D198-$B198, """")","=IF((AND($A198 = ""+0"",$E198 = P$1)), 2^$D198-$B198, """")","=IF((AND($A198 = ""+0"",$E198 = Q$1)), 2^$D198-$B198, """")","=IF((AND($A198 = ""+0"",$E198 = R$1)), 2^$D198-$B198, """")","=IF((AND($A198 = ""+0"",$E198 = S$1)), 2^$D198-$B198, """")",=B198*C198,=B198/C198,=(C198-1)/(B198),"=log(T198, W$1)",=W198+U198*X$1
+1,75.0,12.0,7.0,=D199+A199,"=IF((AND($A199 = ""+0"",$E199 = F$1)), $C199, """")","=IF((AND($A199 = ""+0"",$E199 = G$1)), $C199, """")","=IF((AND($A199 = ""+0"",$E199 = H$1)), $C199, """")","=IF((AND($A199 = ""+0"",$E199 = I$1)), $C199, """")","=IF((AND($A199 = ""+0"",$E199 = J$1)), $C199, """")","=IF((AND($A199 = ""+0"",$E199 = K$1)), $C199, """")","=IF((AND($A199 = ""+0"",$E199 = L$1)), $C199, """")","=IF((AND($A199 = ""+0"",$E199 = M$1)), 2^$D199-$B199, """")","=IF((AND($A199 = ""+0"",$E199 = N$1)), 2^$D199-$B199, """")","=IF((AND($A199 = ""+0"",$E199 = O$1)), 2^$D199-$B199, """")","=IF((AND($A199 = ""+0"",$E199 = P$1)), 2^$D199-$B199, """")","=IF((AND($A199 = ""+0"",$E199 = Q$1)), 2^$D199-$B199, """")","=IF((AND($A199 = ""+0"",$E199 = R$1)), 2^$D199-$B199, """")","=IF((AND($A199 = ""+0"",$E199 = S$1)), 2^$D199-$B199, """")",=B199*C199,=B199/C199,=(C199-1)/(B199),"=log(T199, W$1)",=W199+U199*X$1
+1,74.0,12.0,7.0,=D200+A200,"=IF((AND($A200 = ""+0"",$E200 = F$1)), $C200, """")","=IF((AND($A200 = ""+0"",$E200 = G$1)), $C200, """")","=IF((AND($A200 = ""+0"",$E200 = H$1)), $C200, """")","=IF((AND($A200 = ""+0"",$E200 = I$1)), $C200, """")","=IF((AND($A200 = ""+0"",$E200 = J$1)), $C200, """")","=IF((AND($A200 = ""+0"",$E200 = K$1)), $C200, """")","=IF((AND($A200 = ""+0"",$E200 = L$1)), $C200, """")","=IF((AND($A200 = ""+0"",$E200 = M$1)), 2^$D200-$B200, """")","=IF((AND($A200 = ""+0"",$E200 = N$1)), 2^$D200-$B200, """")","=IF((AND($A200 = ""+0"",$E200 = O$1)), 2^$D200-$B200, """")","=IF((AND($A200 = ""+0"",$E200 = P$1)), 2^$D200-$B200, """")","=IF((AND($A200 = ""+0"",$E200 = Q$1)), 2^$D200-$B200, """")","=IF((AND($A200 = ""+0"",$E200 = R$1)), 2^$D200-$B200, """")","=IF((AND($A200 = ""+0"",$E200 = S$1)), 2^$D200-$B200, """")",=B200*C200,=B200/C200,=(C200-1)/(B200),"=log(T200, W$1)",=W200+U200*X$1
+0,73.0,12.0,7.0,=D201+A201,"=IF((AND($A201 = ""+0"",$E201 = F$1)), $C201, """")","=IF((AND($A201 = ""+0"",$E201 = G$1)), $C201, """")","=IF((AND($A201 = ""+0"",$E201 = H$1)), $C201, """")","=IF((AND($A201 = ""+0"",$E201 = I$1)), $C201, """")","=IF((AND($A201 = ""+0"",$E201 = J$1)), $C201, """")","=IF((AND($A201 = ""+0"",$E201 = K$1)), $C201, """")","=IF((AND($A201 = ""+0"",$E201 = L$1)), $C201, """")","=IF((AND($A201 = ""+0"",$E201 = M$1)), 2^$D201-$B201, """")","=IF((AND($A201 = ""+0"",$E201 = N$1)), 2^$D201-$B201, """")","=IF((AND($A201 = ""+0"",$E201 = O$1)), 2^$D201-$B201, """")","=IF((AND($A201 = ""+0"",$E201 = P$1)), 2^$D201-$B201, """")","=IF((AND($A201 = ""+0"",$E201 = Q$1)), 2^$D201-$B201, """")","=IF((AND($A201 = ""+0"",$E201 = R$1)), 2^$D201-$B201, """")","=IF((AND($A201 = ""+0"",$E201 = S$1)), 2^$D201-$B201, """")",=B201*C201,=B201/C201,=(C201-1)/(B201),"=log(T201, W$1)",=W201+U201*X$1
+1,73.0,13.0,7.0,=D202+A202,"=IF((AND($A202 = ""+0"",$E202 = F$1)), $C202, """")","=IF((AND($A202 = ""+0"",$E202 = G$1)), $C202, """")","=IF((AND($A202 = ""+0"",$E202 = H$1)), $C202, """")","=IF((AND($A202 = ""+0"",$E202 = I$1)), $C202, """")","=IF((AND($A202 = ""+0"",$E202 = J$1)), $C202, """")","=IF((AND($A202 = ""+0"",$E202 = K$1)), $C202, """")","=IF((AND($A202 = ""+0"",$E202 = L$1)), $C202, """")","=IF((AND($A202 = ""+0"",$E202 = M$1)), 2^$D202-$B202, """")","=IF((AND($A202 = ""+0"",$E202 = N$1)), 2^$D202-$B202, """")","=IF((AND($A202 = ""+0"",$E202 = O$1)), 2^$D202-$B202, """")","=IF((AND($A202 = ""+0"",$E202 = P$1)), 2^$D202-$B202, """")","=IF((AND($A202 = ""+0"",$E202 = Q$1)), 2^$D202-$B202, """")","=IF((AND($A202 = ""+0"",$E202 = R$1)), 2^$D202-$B202, """")","=IF((AND($A202 = ""+0"",$E202 = S$1)), 2^$D202-$B202, """")",=B202*C202,=B202/C202,=(C202-1)/(B202),"=log(T202, W$1)",=W202+U202*X$1
+1,72.0,13.0,7.0,=D203+A203,"=IF((AND($A203 = ""+0"",$E203 = F$1)), $C203, """")","=IF((AND($A203 = ""+0"",$E203 = G$1)), $C203, """")","=IF((AND($A203 = ""+0"",$E203 = H$1)), $C203, """")","=IF((AND($A203 = ""+0"",$E203 = I$1)), $C203, """")","=IF((AND($A203 = ""+0"",$E203 = J$1)), $C203, """")","=IF((AND($A203 = ""+0"",$E203 = K$1)), $C203, """")","=IF((AND($A203 = ""+0"",$E203 = L$1)), $C203, """")","=IF((AND($A203 = ""+0"",$E203 = M$1)), 2^$D203-$B203, """")","=IF((AND($A203 = ""+0"",$E203 = N$1)), 2^$D203-$B203, """")","=IF((AND($A203 = ""+0"",$E203 = O$1)), 2^$D203-$B203, """")","=IF((AND($A203 = ""+0"",$E203 = P$1)), 2^$D203-$B203, """")","=IF((AND($A203 = ""+0"",$E203 = Q$1)), 2^$D203-$B203, """")","=IF((AND($A203 = ""+0"",$E203 = R$1)), 2^$D203-$B203, """")","=IF((AND($A203 = ""+0"",$E203 = S$1)), 2^$D203-$B203, """")",=B203*C203,=B203/C203,=(C203-1)/(B203),"=log(T203, W$1)",=W203+U203*X$1
+1,71.0,13.0,7.0,=D204+A204,"=IF((AND($A204 = ""+0"",$E204 = F$1)), $C204, """")","=IF((AND($A204 = ""+0"",$E204 = G$1)), $C204, """")","=IF((AND($A204 = ""+0"",$E204 = H$1)), $C204, """")","=IF((AND($A204 = ""+0"",$E204 = I$1)), $C204, """")","=IF((AND($A204 = ""+0"",$E204 = J$1)), $C204, """")","=IF((AND($A204 = ""+0"",$E204 = K$1)), $C204, """")","=IF((AND($A204 = ""+0"",$E204 = L$1)), $C204, """")","=IF((AND($A204 = ""+0"",$E204 = M$1)), 2^$D204-$B204, """")","=IF((AND($A204 = ""+0"",$E204 = N$1)), 2^$D204-$B204, """")","=IF((AND($A204 = ""+0"",$E204 = O$1)), 2^$D204-$B204, """")","=IF((AND($A204 = ""+0"",$E204 = P$1)), 2^$D204-$B204, """")","=IF((AND($A204 = ""+0"",$E204 = Q$1)), 2^$D204-$B204, """")","=IF((AND($A204 = ""+0"",$E204 = R$1)), 2^$D204-$B204, """")","=IF((AND($A204 = ""+0"",$E204 = S$1)), 2^$D204-$B204, """")",=B204*C204,=B204/C204,=(C204-1)/(B204),"=log(T204, W$1)",=W204+U204*X$1
+1,70.0,13.0,7.0,=D205+A205,"=IF((AND($A205 = ""+0"",$E205 = F$1)), $C205, """")","=IF((AND($A205 = ""+0"",$E205 = G$1)), $C205, """")","=IF((AND($A205 = ""+0"",$E205 = H$1)), $C205, """")","=IF((AND($A205 = ""+0"",$E205 = I$1)), $C205, """")","=IF((AND($A205 = ""+0"",$E205 = J$1)), $C205, """")","=IF((AND($A205 = ""+0"",$E205 = K$1)), $C205, """")","=IF((AND($A205 = ""+0"",$E205 = L$1)), $C205, """")","=IF((AND($A205 = ""+0"",$E205 = M$1)), 2^$D205-$B205, """")","=IF((AND($A205 = ""+0"",$E205 = N$1)), 2^$D205-$B205, """")","=IF((AND($A205 = ""+0"",$E205 = O$1)), 2^$D205-$B205, """")","=IF((AND($A205 = ""+0"",$E205 = P$1)), 2^$D205-$B205, """")","=IF((AND($A205 = ""+0"",$E205 = Q$1)), 2^$D205-$B205, """")","=IF((AND($A205 = ""+0"",$E205 = R$1)), 2^$D205-$B205, """")","=IF((AND($A205 = ""+0"",$E205 = S$1)), 2^$D205-$B205, """")",=B205*C205,=B205/C205,=(C205-1)/(B205),"=log(T205, W$1)",=W205+U205*X$1
+0,69.0,13.0,7.0,=D206+A206,"=IF((AND($A206 = ""+0"",$E206 = F$1)), $C206, """")","=IF((AND($A206 = ""+0"",$E206 = G$1)), $C206, """")","=IF((AND($A206 = ""+0"",$E206 = H$1)), $C206, """")","=IF((AND($A206 = ""+0"",$E206 = I$1)), $C206, """")","=IF((AND($A206 = ""+0"",$E206 = J$1)), $C206, """")","=IF((AND($A206 = ""+0"",$E206 = K$1)), $C206, """")","=IF((AND($A206 = ""+0"",$E206 = L$1)), $C206, """")","=IF((AND($A206 = ""+0"",$E206 = M$1)), 2^$D206-$B206, """")","=IF((AND($A206 = ""+0"",$E206 = N$1)), 2^$D206-$B206, """")","=IF((AND($A206 = ""+0"",$E206 = O$1)), 2^$D206-$B206, """")","=IF((AND($A206 = ""+0"",$E206 = P$1)), 2^$D206-$B206, """")","=IF((AND($A206 = ""+0"",$E206 = Q$1)), 2^$D206-$B206, """")","=IF((AND($A206 = ""+0"",$E206 = R$1)), 2^$D206-$B206, """")","=IF((AND($A206 = ""+0"",$E206 = S$1)), 2^$D206-$B206, """")",=B206*C206,=B206/C206,=(C206-1)/(B206),"=log(T206, W$1)",=W206+U206*X$1
+1,69.0,14.0,7.0,=D207+A207,"=IF((AND($A207 = ""+0"",$E207 = F$1)), $C207, """")","=IF((AND($A207 = ""+0"",$E207 = G$1)), $C207, """")","=IF((AND($A207 = ""+0"",$E207 = H$1)), $C207, """")","=IF((AND($A207 = ""+0"",$E207 = I$1)), $C207, """")","=IF((AND($A207 = ""+0"",$E207 = J$1)), $C207, """")","=IF((AND($A207 = ""+0"",$E207 = K$1)), $C207, """")","=IF((AND($A207 = ""+0"",$E207 = L$1)), $C207, """")","=IF((AND($A207 = ""+0"",$E207 = M$1)), 2^$D207-$B207, """")","=IF((AND($A207 = ""+0"",$E207 = N$1)), 2^$D207-$B207, """")","=IF((AND($A207 = ""+0"",$E207 = O$1)), 2^$D207-$B207, """")","=IF((AND($A207 = ""+0"",$E207 = P$1)), 2^$D207-$B207, """")","=IF((AND($A207 = ""+0"",$E207 = Q$1)), 2^$D207-$B207, """")","=IF((AND($A207 = ""+0"",$E207 = R$1)), 2^$D207-$B207, """")","=IF((AND($A207 = ""+0"",$E207 = S$1)), 2^$D207-$B207, """")",=B207*C207,=B207/C207,=(C207-1)/(B207),"=log(T207, W$1)",=W207+U207*X$1
+1,68.0,14.0,7.0,=D208+A208,"=IF((AND($A208 = ""+0"",$E208 = F$1)), $C208, """")","=IF((AND($A208 = ""+0"",$E208 = G$1)), $C208, """")","=IF((AND($A208 = ""+0"",$E208 = H$1)), $C208, """")","=IF((AND($A208 = ""+0"",$E208 = I$1)), $C208, """")","=IF((AND($A208 = ""+0"",$E208 = J$1)), $C208, """")","=IF((AND($A208 = ""+0"",$E208 = K$1)), $C208, """")","=IF((AND($A208 = ""+0"",$E208 = L$1)), $C208, """")","=IF((AND($A208 = ""+0"",$E208 = M$1)), 2^$D208-$B208, """")","=IF((AND($A208 = ""+0"",$E208 = N$1)), 2^$D208-$B208, """")","=IF((AND($A208 = ""+0"",$E208 = O$1)), 2^$D208-$B208, """")","=IF((AND($A208 = ""+0"",$E208 = P$1)), 2^$D208-$B208, """")","=IF((AND($A208 = ""+0"",$E208 = Q$1)), 2^$D208-$B208, """")","=IF((AND($A208 = ""+0"",$E208 = R$1)), 2^$D208-$B208, """")","=IF((AND($A208 = ""+0"",$E208 = S$1)), 2^$D208-$B208, """")",=B208*C208,=B208/C208,=(C208-1)/(B208),"=log(T208, W$1)",=W208+U208*X$1
+1,67.0,14.0,7.0,=D209+A209,"=IF((AND($A209 = ""+0"",$E209 = F$1)), $C209, """")","=IF((AND($A209 = ""+0"",$E209 = G$1)), $C209, """")","=IF((AND($A209 = ""+0"",$E209 = H$1)), $C209, """")","=IF((AND($A209 = ""+0"",$E209 = I$1)), $C209, """")","=IF((AND($A209 = ""+0"",$E209 = J$1)), $C209, """")","=IF((AND($A209 = ""+0"",$E209 = K$1)), $C209, """")","=IF((AND($A209 = ""+0"",$E209 = L$1)), $C209, """")","=IF((AND($A209 = ""+0"",$E209 = M$1)), 2^$D209-$B209, """")","=IF((AND($A209 = ""+0"",$E209 = N$1)), 2^$D209-$B209, """")","=IF((AND($A209 = ""+0"",$E209 = O$1)), 2^$D209-$B209, """")","=IF((AND($A209 = ""+0"",$E209 = P$1)), 2^$D209-$B209, """")","=IF((AND($A209 = ""+0"",$E209 = Q$1)), 2^$D209-$B209, """")","=IF((AND($A209 = ""+0"",$E209 = R$1)), 2^$D209-$B209, """")","=IF((AND($A209 = ""+0"",$E209 = S$1)), 2^$D209-$B209, """")",=B209*C209,=B209/C209,=(C209-1)/(B209),"=log(T209, W$1)",=W209+U209*X$1
+0,66.0,14.0,7.0,=D210+A210,"=IF((AND($A210 = ""+0"",$E210 = F$1)), $C210, """")","=IF((AND($A210 = ""+0"",$E210 = G$1)), $C210, """")","=IF((AND($A210 = ""+0"",$E210 = H$1)), $C210, """")","=IF((AND($A210 = ""+0"",$E210 = I$1)), $C210, """")","=IF((AND($A210 = ""+0"",$E210 = J$1)), $C210, """")","=IF((AND($A210 = ""+0"",$E210 = K$1)), $C210, """")","=IF((AND($A210 = ""+0"",$E210 = L$1)), $C210, """")","=IF((AND($A210 = ""+0"",$E210 = M$1)), 2^$D210-$B210, """")","=IF((AND($A210 = ""+0"",$E210 = N$1)), 2^$D210-$B210, """")","=IF((AND($A210 = ""+0"",$E210 = O$1)), 2^$D210-$B210, """")","=IF((AND($A210 = ""+0"",$E210 = P$1)), 2^$D210-$B210, """")","=IF((AND($A210 = ""+0"",$E210 = Q$1)), 2^$D210-$B210, """")","=IF((AND($A210 = ""+0"",$E210 = R$1)), 2^$D210-$B210, """")","=IF((AND($A210 = ""+0"",$E210 = S$1)), 2^$D210-$B210, """")",=B210*C210,=B210/C210,=(C210-1)/(B210),"=log(T210, W$1)",=W210+U210*X$1
+1,66.0,15.0,7.0,=D211+A211,"=IF((AND($A211 = ""+0"",$E211 = F$1)), $C211, """")","=IF((AND($A211 = ""+0"",$E211 = G$1)), $C211, """")","=IF((AND($A211 = ""+0"",$E211 = H$1)), $C211, """")","=IF((AND($A211 = ""+0"",$E211 = I$1)), $C211, """")","=IF((AND($A211 = ""+0"",$E211 = J$1)), $C211, """")","=IF((AND($A211 = ""+0"",$E211 = K$1)), $C211, """")","=IF((AND($A211 = ""+0"",$E211 = L$1)), $C211, """")","=IF((AND($A211 = ""+0"",$E211 = M$1)), 2^$D211-$B211, """")","=IF((AND($A211 = ""+0"",$E211 = N$1)), 2^$D211-$B211, """")","=IF((AND($A211 = ""+0"",$E211 = O$1)), 2^$D211-$B211, """")","=IF((AND($A211 = ""+0"",$E211 = P$1)), 2^$D211-$B211, """")","=IF((AND($A211 = ""+0"",$E211 = Q$1)), 2^$D211-$B211, """")","=IF((AND($A211 = ""+0"",$E211 = R$1)), 2^$D211-$B211, """")","=IF((AND($A211 = ""+0"",$E211 = S$1)), 2^$D211-$B211, """")",=B211*C211,=B211/C211,=(C211-1)/(B211),"=log(T211, W$1)",=W211+U211*X$1
+1,65.0,15.0,7.0,=D212+A212,"=IF((AND($A212 = ""+0"",$E212 = F$1)), $C212, """")","=IF((AND($A212 = ""+0"",$E212 = G$1)), $C212, """")","=IF((AND($A212 = ""+0"",$E212 = H$1)), $C212, """")","=IF((AND($A212 = ""+0"",$E212 = I$1)), $C212, """")","=IF((AND($A212 = ""+0"",$E212 = J$1)), $C212, """")","=IF((AND($A212 = ""+0"",$E212 = K$1)), $C212, """")","=IF((AND($A212 = ""+0"",$E212 = L$1)), $C212, """")","=IF((AND($A212 = ""+0"",$E212 = M$1)), 2^$D212-$B212, """")","=IF((AND($A212 = ""+0"",$E212 = N$1)), 2^$D212-$B212, """")","=IF((AND($A212 = ""+0"",$E212 = O$1)), 2^$D212-$B212, """")","=IF((AND($A212 = ""+0"",$E212 = P$1)), 2^$D212-$B212, """")","=IF((AND($A212 = ""+0"",$E212 = Q$1)), 2^$D212-$B212, """")","=IF((AND($A212 = ""+0"",$E212 = R$1)), 2^$D212-$B212, """")","=IF((AND($A212 = ""+0"",$E212 = S$1)), 2^$D212-$B212, """")",=B212*C212,=B212/C212,=(C212-1)/(B212),"=log(T212, W$1)",=W212+U212*X$1
+1,64.0,15.0,7.0,=D213+A213,"=IF((AND($A213 = ""+0"",$E213 = F$1)), $C213, """")","=IF((AND($A213 = ""+0"",$E213 = G$1)), $C213, """")","=IF((AND($A213 = ""+0"",$E213 = H$1)), $C213, """")","=IF((AND($A213 = ""+0"",$E213 = I$1)), $C213, """")","=IF((AND($A213 = ""+0"",$E213 = J$1)), $C213, """")","=IF((AND($A213 = ""+0"",$E213 = K$1)), $C213, """")","=IF((AND($A213 = ""+0"",$E213 = L$1)), $C213, """")","=IF((AND($A213 = ""+0"",$E213 = M$1)), 2^$D213-$B213, """")","=IF((AND($A213 = ""+0"",$E213 = N$1)), 2^$D213-$B213, """")","=IF((AND($A213 = ""+0"",$E213 = O$1)), 2^$D213-$B213, """")","=IF((AND($A213 = ""+0"",$E213 = P$1)), 2^$D213-$B213, """")","=IF((AND($A213 = ""+0"",$E213 = Q$1)), 2^$D213-$B213, """")","=IF((AND($A213 = ""+0"",$E213 = R$1)), 2^$D213-$B213, """")","=IF((AND($A213 = ""+0"",$E213 = S$1)), 2^$D213-$B213, """")",=B213*C213,=B213/C213,=(C213-1)/(B213),"=log(T213, W$1)",=W213+U213*X$1
+0,63.0,15.0,7.0,=D214+A214,"=IF((AND($A214 = ""+0"",$E214 = F$1)), $C214, """")","=IF((AND($A214 = ""+0"",$E214 = G$1)), $C214, """")","=IF((AND($A214 = ""+0"",$E214 = H$1)), $C214, """")","=IF((AND($A214 = ""+0"",$E214 = I$1)), $C214, """")","=IF((AND($A214 = ""+0"",$E214 = J$1)), $C214, """")","=IF((AND($A214 = ""+0"",$E214 = K$1)), $C214, """")","=IF((AND($A214 = ""+0"",$E214 = L$1)), $C214, """")","=IF((AND($A214 = ""+0"",$E214 = M$1)), 2^$D214-$B214, """")","=IF((AND($A214 = ""+0"",$E214 = N$1)), 2^$D214-$B214, """")","=IF((AND($A214 = ""+0"",$E214 = O$1)), 2^$D214-$B214, """")","=IF((AND($A214 = ""+0"",$E214 = P$1)), 2^$D214-$B214, """")","=IF((AND($A214 = ""+0"",$E214 = Q$1)), 2^$D214-$B214, """")","=IF((AND($A214 = ""+0"",$E214 = R$1)), 2^$D214-$B214, """")","=IF((AND($A214 = ""+0"",$E214 = S$1)), 2^$D214-$B214, """")",=B214*C214,=B214/C214,=(C214-1)/(B214),"=log(T214, W$1)",=W214+U214*X$1
+1,63.0,16.0,7.0,=D215+A215,"=IF((AND($A215 = ""+0"",$E215 = F$1)), $C215, """")","=IF((AND($A215 = ""+0"",$E215 = G$1)), $C215, """")","=IF((AND($A215 = ""+0"",$E215 = H$1)), $C215, """")","=IF((AND($A215 = ""+0"",$E215 = I$1)), $C215, """")","=IF((AND($A215 = ""+0"",$E215 = J$1)), $C215, """")","=IF((AND($A215 = ""+0"",$E215 = K$1)), $C215, """")","=IF((AND($A215 = ""+0"",$E215 = L$1)), $C215, """")","=IF((AND($A215 = ""+0"",$E215 = M$1)), 2^$D215-$B215, """")","=IF((AND($A215 = ""+0"",$E215 = N$1)), 2^$D215-$B215, """")","=IF((AND($A215 = ""+0"",$E215 = O$1)), 2^$D215-$B215, """")","=IF((AND($A215 = ""+0"",$E215 = P$1)), 2^$D215-$B215, """")","=IF((AND($A215 = ""+0"",$E215 = Q$1)), 2^$D215-$B215, """")","=IF((AND($A215 = ""+0"",$E215 = R$1)), 2^$D215-$B215, """")","=IF((AND($A215 = ""+0"",$E215 = S$1)), 2^$D215-$B215, """")",=B215*C215,=B215/C215,=(C215-1)/(B215),"=log(T215, W$1)",=W215+U215*X$1
+1,62.0,16.0,7.0,=D216+A216,"=IF((AND($A216 = ""+0"",$E216 = F$1)), $C216, """")","=IF((AND($A216 = ""+0"",$E216 = G$1)), $C216, """")","=IF((AND($A216 = ""+0"",$E216 = H$1)), $C216, """")","=IF((AND($A216 = ""+0"",$E216 = I$1)), $C216, """")","=IF((AND($A216 = ""+0"",$E216 = J$1)), $C216, """")","=IF((AND($A216 = ""+0"",$E216 = K$1)), $C216, """")","=IF((AND($A216 = ""+0"",$E216 = L$1)), $C216, """")","=IF((AND($A216 = ""+0"",$E216 = M$1)), 2^$D216-$B216, """")","=IF((AND($A216 = ""+0"",$E216 = N$1)), 2^$D216-$B216, """")","=IF((AND($A216 = ""+0"",$E216 = O$1)), 2^$D216-$B216, """")","=IF((AND($A216 = ""+0"",$E216 = P$1)), 2^$D216-$B216, """")","=IF((AND($A216 = ""+0"",$E216 = Q$1)), 2^$D216-$B216, """")","=IF((AND($A216 = ""+0"",$E216 = R$1)), 2^$D216-$B216, """")","=IF((AND($A216 = ""+0"",$E216 = S$1)), 2^$D216-$B216, """")",=B216*C216,=B216/C216,=(C216-1)/(B216),"=log(T216, W$1)",=W216+U216*X$1
+1,61.0,16.0,7.0,=D217+A217,"=IF((AND($A217 = ""+0"",$E217 = F$1)), $C217, """")","=IF((AND($A217 = ""+0"",$E217 = G$1)), $C217, """")","=IF((AND($A217 = ""+0"",$E217 = H$1)), $C217, """")","=IF((AND($A217 = ""+0"",$E217 = I$1)), $C217, """")","=IF((AND($A217 = ""+0"",$E217 = J$1)), $C217, """")","=IF((AND($A217 = ""+0"",$E217 = K$1)), $C217, """")","=IF((AND($A217 = ""+0"",$E217 = L$1)), $C217, """")","=IF((AND($A217 = ""+0"",$E217 = M$1)), 2^$D217-$B217, """")","=IF((AND($A217 = ""+0"",$E217 = N$1)), 2^$D217-$B217, """")","=IF((AND($A217 = ""+0"",$E217 = O$1)), 2^$D217-$B217, """")","=IF((AND($A217 = ""+0"",$E217 = P$1)), 2^$D217-$B217, """")","=IF((AND($A217 = ""+0"",$E217 = Q$1)), 2^$D217-$B217, """")","=IF((AND($A217 = ""+0"",$E217 = R$1)), 2^$D217-$B217, """")","=IF((AND($A217 = ""+0"",$E217 = S$1)), 2^$D217-$B217, """")",=B217*C217,=B217/C217,=(C217-1)/(B217),"=log(T217, W$1)",=W217+U217*X$1
+0,60.0,16.0,7.0,=D218+A218,"=IF((AND($A218 = ""+0"",$E218 = F$1)), $C218, """")","=IF((AND($A218 = ""+0"",$E218 = G$1)), $C218, """")","=IF((AND($A218 = ""+0"",$E218 = H$1)), $C218, """")","=IF((AND($A218 = ""+0"",$E218 = I$1)), $C218, """")","=IF((AND($A218 = ""+0"",$E218 = J$1)), $C218, """")","=IF((AND($A218 = ""+0"",$E218 = K$1)), $C218, """")","=IF((AND($A218 = ""+0"",$E218 = L$1)), $C218, """")","=IF((AND($A218 = ""+0"",$E218 = M$1)), 2^$D218-$B218, """")","=IF((AND($A218 = ""+0"",$E218 = N$1)), 2^$D218-$B218, """")","=IF((AND($A218 = ""+0"",$E218 = O$1)), 2^$D218-$B218, """")","=IF((AND($A218 = ""+0"",$E218 = P$1)), 2^$D218-$B218, """")","=IF((AND($A218 = ""+0"",$E218 = Q$1)), 2^$D218-$B218, """")","=IF((AND($A218 = ""+0"",$E218 = R$1)), 2^$D218-$B218, """")","=IF((AND($A218 = ""+0"",$E218 = S$1)), 2^$D218-$B218, """")",=B218*C218,=B218/C218,=(C218-1)/(B218),"=log(T218, W$1)",=W218+U218*X$1
+1,60.0,17.0,7.0,=D219+A219,"=IF((AND($A219 = ""+0"",$E219 = F$1)), $C219, """")","=IF((AND($A219 = ""+0"",$E219 = G$1)), $C219, """")","=IF((AND($A219 = ""+0"",$E219 = H$1)), $C219, """")","=IF((AND($A219 = ""+0"",$E219 = I$1)), $C219, """")","=IF((AND($A219 = ""+0"",$E219 = J$1)), $C219, """")","=IF((AND($A219 = ""+0"",$E219 = K$1)), $C219, """")","=IF((AND($A219 = ""+0"",$E219 = L$1)), $C219, """")","=IF((AND($A219 = ""+0"",$E219 = M$1)), 2^$D219-$B219, """")","=IF((AND($A219 = ""+0"",$E219 = N$1)), 2^$D219-$B219, """")","=IF((AND($A219 = ""+0"",$E219 = O$1)), 2^$D219-$B219, """")","=IF((AND($A219 = ""+0"",$E219 = P$1)), 2^$D219-$B219, """")","=IF((AND($A219 = ""+0"",$E219 = Q$1)), 2^$D219-$B219, """")","=IF((AND($A219 = ""+0"",$E219 = R$1)), 2^$D219-$B219, """")","=IF((AND($A219 = ""+0"",$E219 = S$1)), 2^$D219-$B219, """")",=B219*C219,=B219/C219,=(C219-1)/(B219),"=log(T219, W$1)",=W219+U219*X$1
+1,59.0,17.0,7.0,=D220+A220,"=IF((AND($A220 = ""+0"",$E220 = F$1)), $C220, """")","=IF((AND($A220 = ""+0"",$E220 = G$1)), $C220, """")","=IF((AND($A220 = ""+0"",$E220 = H$1)), $C220, """")","=IF((AND($A220 = ""+0"",$E220 = I$1)), $C220, """")","=IF((AND($A220 = ""+0"",$E220 = J$1)), $C220, """")","=IF((AND($A220 = ""+0"",$E220 = K$1)), $C220, """")","=IF((AND($A220 = ""+0"",$E220 = L$1)), $C220, """")","=IF((AND($A220 = ""+0"",$E220 = M$1)), 2^$D220-$B220, """")","=IF((AND($A220 = ""+0"",$E220 = N$1)), 2^$D220-$B220, """")","=IF((AND($A220 = ""+0"",$E220 = O$1)), 2^$D220-$B220, """")","=IF((AND($A220 = ""+0"",$E220 = P$1)), 2^$D220-$B220, """")","=IF((AND($A220 = ""+0"",$E220 = Q$1)), 2^$D220-$B220, """")","=IF((AND($A220 = ""+0"",$E220 = R$1)), 2^$D220-$B220, """")","=IF((AND($A220 = ""+0"",$E220 = S$1)), 2^$D220-$B220, """")",=B220*C220,=B220/C220,=(C220-1)/(B220),"=log(T220, W$1)",=W220+U220*X$1
+0,58.0,17.0,7.0,=D221+A221,"=IF((AND($A221 = ""+0"",$E221 = F$1)), $C221, """")","=IF((AND($A221 = ""+0"",$E221 = G$1)), $C221, """")","=IF((AND($A221 = ""+0"",$E221 = H$1)), $C221, """")","=IF((AND($A221 = ""+0"",$E221 = I$1)), $C221, """")","=IF((AND($A221 = ""+0"",$E221 = J$1)), $C221, """")","=IF((AND($A221 = ""+0"",$E221 = K$1)), $C221, """")","=IF((AND($A221 = ""+0"",$E221 = L$1)), $C221, """")","=IF((AND($A221 = ""+0"",$E221 = M$1)), 2^$D221-$B221, """")","=IF((AND($A221 = ""+0"",$E221 = N$1)), 2^$D221-$B221, """")","=IF((AND($A221 = ""+0"",$E221 = O$1)), 2^$D221-$B221, """")","=IF((AND($A221 = ""+0"",$E221 = P$1)), 2^$D221-$B221, """")","=IF((AND($A221 = ""+0"",$E221 = Q$1)), 2^$D221-$B221, """")","=IF((AND($A221 = ""+0"",$E221 = R$1)), 2^$D221-$B221, """")","=IF((AND($A221 = ""+0"",$E221 = S$1)), 2^$D221-$B221, """")",=B221*C221,=B221/C221,=(C221-1)/(B221),"=log(T221, W$1)",=W221+U221*X$1
+1,58.0,18.0,7.0,=D222+A222,"=IF((AND($A222 = ""+0"",$E222 = F$1)), $C222, """")","=IF((AND($A222 = ""+0"",$E222 = G$1)), $C222, """")","=IF((AND($A222 = ""+0"",$E222 = H$1)), $C222, """")","=IF((AND($A222 = ""+0"",$E222 = I$1)), $C222, """")","=IF((AND($A222 = ""+0"",$E222 = J$1)), $C222, """")","=IF((AND($A222 = ""+0"",$E222 = K$1)), $C222, """")","=IF((AND($A222 = ""+0"",$E222 = L$1)), $C222, """")","=IF((AND($A222 = ""+0"",$E222 = M$1)), 2^$D222-$B222, """")","=IF((AND($A222 = ""+0"",$E222 = N$1)), 2^$D222-$B222, """")","=IF((AND($A222 = ""+0"",$E222 = O$1)), 2^$D222-$B222, """")","=IF((AND($A222 = ""+0"",$E222 = P$1)), 2^$D222-$B222, """")","=IF((AND($A222 = ""+0"",$E222 = Q$1)), 2^$D222-$B222, """")","=IF((AND($A222 = ""+0"",$E222 = R$1)), 2^$D222-$B222, """")","=IF((AND($A222 = ""+0"",$E222 = S$1)), 2^$D222-$B222, """")",=B222*C222,=B222/C222,=(C222-1)/(B222),"=log(T222, W$1)",=W222+U222*X$1
+1,57.0,18.0,7.0,=D223+A223,"=IF((AND($A223 = ""+0"",$E223 = F$1)), $C223, """")","=IF((AND($A223 = ""+0"",$E223 = G$1)), $C223, """")","=IF((AND($A223 = ""+0"",$E223 = H$1)), $C223, """")","=IF((AND($A223 = ""+0"",$E223 = I$1)), $C223, """")","=IF((AND($A223 = ""+0"",$E223 = J$1)), $C223, """")","=IF((AND($A223 = ""+0"",$E223 = K$1)), $C223, """")","=IF((AND($A223 = ""+0"",$E223 = L$1)), $C223, """")","=IF((AND($A223 = ""+0"",$E223 = M$1)), 2^$D223-$B223, """")","=IF((AND($A223 = ""+0"",$E223 = N$1)), 2^$D223-$B223, """")","=IF((AND($A223 = ""+0"",$E223 = O$1)), 2^$D223-$B223, """")","=IF((AND($A223 = ""+0"",$E223 = P$1)), 2^$D223-$B223, """")","=IF((AND($A223 = ""+0"",$E223 = Q$1)), 2^$D223-$B223, """")","=IF((AND($A223 = ""+0"",$E223 = R$1)), 2^$D223-$B223, """")","=IF((AND($A223 = ""+0"",$E223 = S$1)), 2^$D223-$B223, """")",=B223*C223,=B223/C223,=(C223-1)/(B223),"=log(T223, W$1)",=W223+U223*X$1
+1,56.0,18.0,7.0,=D224+A224,"=IF((AND($A224 = ""+0"",$E224 = F$1)), $C224, """")","=IF((AND($A224 = ""+0"",$E224 = G$1)), $C224, """")","=IF((AND($A224 = ""+0"",$E224 = H$1)), $C224, """")","=IF((AND($A224 = ""+0"",$E224 = I$1)), $C224, """")","=IF((AND($A224 = ""+0"",$E224 = J$1)), $C224, """")","=IF((AND($A224 = ""+0"",$E224 = K$1)), $C224, """")","=IF((AND($A224 = ""+0"",$E224 = L$1)), $C224, """")","=IF((AND($A224 = ""+0"",$E224 = M$1)), 2^$D224-$B224, """")","=IF((AND($A224 = ""+0"",$E224 = N$1)), 2^$D224-$B224, """")","=IF((AND($A224 = ""+0"",$E224 = O$1)), 2^$D224-$B224, """")","=IF((AND($A224 = ""+0"",$E224 = P$1)), 2^$D224-$B224, """")","=IF((AND($A224 = ""+0"",$E224 = Q$1)), 2^$D224-$B224, """")","=IF((AND($A224 = ""+0"",$E224 = R$1)), 2^$D224-$B224, """")","=IF((AND($A224 = ""+0"",$E224 = S$1)), 2^$D224-$B224, """")",=B224*C224,=B224/C224,=(C224-1)/(B224),"=log(T224, W$1)",=W224+U224*X$1
+0,55.0,18.0,7.0,=D225+A225,"=IF((AND($A225 = ""+0"",$E225 = F$1)), $C225, """")","=IF((AND($A225 = ""+0"",$E225 = G$1)), $C225, """")","=IF((AND($A225 = ""+0"",$E225 = H$1)), $C225, """")","=IF((AND($A225 = ""+0"",$E225 = I$1)), $C225, """")","=IF((AND($A225 = ""+0"",$E225 = J$1)), $C225, """")","=IF((AND($A225 = ""+0"",$E225 = K$1)), $C225, """")","=IF((AND($A225 = ""+0"",$E225 = L$1)), $C225, """")","=IF((AND($A225 = ""+0"",$E225 = M$1)), 2^$D225-$B225, """")","=IF((AND($A225 = ""+0"",$E225 = N$1)), 2^$D225-$B225, """")","=IF((AND($A225 = ""+0"",$E225 = O$1)), 2^$D225-$B225, """")","=IF((AND($A225 = ""+0"",$E225 = P$1)), 2^$D225-$B225, """")","=IF((AND($A225 = ""+0"",$E225 = Q$1)), 2^$D225-$B225, """")","=IF((AND($A225 = ""+0"",$E225 = R$1)), 2^$D225-$B225, """")","=IF((AND($A225 = ""+0"",$E225 = S$1)), 2^$D225-$B225, """")",=B225*C225,=B225/C225,=(C225-1)/(B225),"=log(T225, W$1)",=W225+U225*X$1
+1,55.0,19.0,7.0,=D226+A226,"=IF((AND($A226 = ""+0"",$E226 = F$1)), $C226, """")","=IF((AND($A226 = ""+0"",$E226 = G$1)), $C226, """")","=IF((AND($A226 = ""+0"",$E226 = H$1)), $C226, """")","=IF((AND($A226 = ""+0"",$E226 = I$1)), $C226, """")","=IF((AND($A226 = ""+0"",$E226 = J$1)), $C226, """")","=IF((AND($A226 = ""+0"",$E226 = K$1)), $C226, """")","=IF((AND($A226 = ""+0"",$E226 = L$1)), $C226, """")","=IF((AND($A226 = ""+0"",$E226 = M$1)), 2^$D226-$B226, """")","=IF((AND($A226 = ""+0"",$E226 = N$1)), 2^$D226-$B226, """")","=IF((AND($A226 = ""+0"",$E226 = O$1)), 2^$D226-$B226, """")","=IF((AND($A226 = ""+0"",$E226 = P$1)), 2^$D226-$B226, """")","=IF((AND($A226 = ""+0"",$E226 = Q$1)), 2^$D226-$B226, """")","=IF((AND($A226 = ""+0"",$E226 = R$1)), 2^$D226-$B226, """")","=IF((AND($A226 = ""+0"",$E226 = S$1)), 2^$D226-$B226, """")",=B226*C226,=B226/C226,=(C226-1)/(B226),"=log(T226, W$1)",=W226+U226*X$1
+1,54.0,19.0,7.0,=D227+A227,"=IF((AND($A227 = ""+0"",$E227 = F$1)), $C227, """")","=IF((AND($A227 = ""+0"",$E227 = G$1)), $C227, """")","=IF((AND($A227 = ""+0"",$E227 = H$1)), $C227, """")","=IF((AND($A227 = ""+0"",$E227 = I$1)), $C227, """")","=IF((AND($A227 = ""+0"",$E227 = J$1)), $C227, """")","=IF((AND($A227 = ""+0"",$E227 = K$1)), $C227, """")","=IF((AND($A227 = ""+0"",$E227 = L$1)), $C227, """")","=IF((AND($A227 = ""+0"",$E227 = M$1)), 2^$D227-$B227, """")","=IF((AND($A227 = ""+0"",$E227 = N$1)), 2^$D227-$B227, """")","=IF((AND($A227 = ""+0"",$E227 = O$1)), 2^$D227-$B227, """")","=IF((AND($A227 = ""+0"",$E227 = P$1)), 2^$D227-$B227, """")","=IF((AND($A227 = ""+0"",$E227 = Q$1)), 2^$D227-$B227, """")","=IF((AND($A227 = ""+0"",$E227 = R$1)), 2^$D227-$B227, """")","=IF((AND($A227 = ""+0"",$E227 = S$1)), 2^$D227-$B227, """")",=B227*C227,=B227/C227,=(C227-1)/(B227),"=log(T227, W$1)",=W227+U227*X$1
+0,53.0,19.0,7.0,=D228+A228,"=IF((AND($A228 = ""+0"",$E228 = F$1)), $C228, """")","=IF((AND($A228 = ""+0"",$E228 = G$1)), $C228, """")","=IF((AND($A228 = ""+0"",$E228 = H$1)), $C228, """")","=IF((AND($A228 = ""+0"",$E228 = I$1)), $C228, """")","=IF((AND($A228 = ""+0"",$E228 = J$1)), $C228, """")","=IF((AND($A228 = ""+0"",$E228 = K$1)), $C228, """")","=IF((AND($A228 = ""+0"",$E228 = L$1)), $C228, """")","=IF((AND($A228 = ""+0"",$E228 = M$1)), 2^$D228-$B228, """")","=IF((AND($A228 = ""+0"",$E228 = N$1)), 2^$D228-$B228, """")","=IF((AND($A228 = ""+0"",$E228 = O$1)), 2^$D228-$B228, """")","=IF((AND($A228 = ""+0"",$E228 = P$1)), 2^$D228-$B228, """")","=IF((AND($A228 = ""+0"",$E228 = Q$1)), 2^$D228-$B228, """")","=IF((AND($A228 = ""+0"",$E228 = R$1)), 2^$D228-$B228, """")","=IF((AND($A228 = ""+0"",$E228 = S$1)), 2^$D228-$B228, """")",=B228*C228,=B228/C228,=(C228-1)/(B228),"=log(T228, W$1)",=W228+U228*X$1
+1,53.0,20.0,7.0,=D229+A229,"=IF((AND($A229 = ""+0"",$E229 = F$1)), $C229, """")","=IF((AND($A229 = ""+0"",$E229 = G$1)), $C229, """")","=IF((AND($A229 = ""+0"",$E229 = H$1)), $C229, """")","=IF((AND($A229 = ""+0"",$E229 = I$1)), $C229, """")","=IF((AND($A229 = ""+0"",$E229 = J$1)), $C229, """")","=IF((AND($A229 = ""+0"",$E229 = K$1)), $C229, """")","=IF((AND($A229 = ""+0"",$E229 = L$1)), $C229, """")","=IF((AND($A229 = ""+0"",$E229 = M$1)), 2^$D229-$B229, """")","=IF((AND($A229 = ""+0"",$E229 = N$1)), 2^$D229-$B229, """")","=IF((AND($A229 = ""+0"",$E229 = O$1)), 2^$D229-$B229, """")","=IF((AND($A229 = ""+0"",$E229 = P$1)), 2^$D229-$B229, """")","=IF((AND($A229 = ""+0"",$E229 = Q$1)), 2^$D229-$B229, """")","=IF((AND($A229 = ""+0"",$E229 = R$1)), 2^$D229-$B229, """")","=IF((AND($A229 = ""+0"",$E229 = S$1)), 2^$D229-$B229, """")",=B229*C229,=B229/C229,=(C229-1)/(B229),"=log(T229, W$1)",=W229+U229*X$1
+1,52.0,20.0,7.0,=D230+A230,"=IF((AND($A230 = ""+0"",$E230 = F$1)), $C230, """")","=IF((AND($A230 = ""+0"",$E230 = G$1)), $C230, """")","=IF((AND($A230 = ""+0"",$E230 = H$1)), $C230, """")","=IF((AND($A230 = ""+0"",$E230 = I$1)), $C230, """")","=IF((AND($A230 = ""+0"",$E230 = J$1)), $C230, """")","=IF((AND($A230 = ""+0"",$E230 = K$1)), $C230, """")","=IF((AND($A230 = ""+0"",$E230 = L$1)), $C230, """")","=IF((AND($A230 = ""+0"",$E230 = M$1)), 2^$D230-$B230, """")","=IF((AND($A230 = ""+0"",$E230 = N$1)), 2^$D230-$B230, """")","=IF((AND($A230 = ""+0"",$E230 = O$1)), 2^$D230-$B230, """")","=IF((AND($A230 = ""+0"",$E230 = P$1)), 2^$D230-$B230, """")","=IF((AND($A230 = ""+0"",$E230 = Q$1)), 2^$D230-$B230, """")","=IF((AND($A230 = ""+0"",$E230 = R$1)), 2^$D230-$B230, """")","=IF((AND($A230 = ""+0"",$E230 = S$1)), 2^$D230-$B230, """")",=B230*C230,=B230/C230,=(C230-1)/(B230),"=log(T230, W$1)",=W230+U230*X$1
+0,51.0,20.0,7.0,=D231+A231,"=IF((AND($A231 = ""+0"",$E231 = F$1)), $C231, """")","=IF((AND($A231 = ""+0"",$E231 = G$1)), $C231, """")","=IF((AND($A231 = ""+0"",$E231 = H$1)), $C231, """")","=IF((AND($A231 = ""+0"",$E231 = I$1)), $C231, """")","=IF((AND($A231 = ""+0"",$E231 = J$1)), $C231, """")","=IF((AND($A231 = ""+0"",$E231 = K$1)), $C231, """")","=IF((AND($A231 = ""+0"",$E231 = L$1)), $C231, """")","=IF((AND($A231 = ""+0"",$E231 = M$1)), 2^$D231-$B231, """")","=IF((AND($A231 = ""+0"",$E231 = N$1)), 2^$D231-$B231, """")","=IF((AND($A231 = ""+0"",$E231 = O$1)), 2^$D231-$B231, """")","=IF((AND($A231 = ""+0"",$E231 = P$1)), 2^$D231-$B231, """")","=IF((AND($A231 = ""+0"",$E231 = Q$1)), 2^$D231-$B231, """")","=IF((AND($A231 = ""+0"",$E231 = R$1)), 2^$D231-$B231, """")","=IF((AND($A231 = ""+0"",$E231 = S$1)), 2^$D231-$B231, """")",=B231*C231,=B231/C231,=(C231-1)/(B231),"=log(T231, W$1)",=W231+U231*X$1
+1,51.0,21.0,7.0,=D232+A232,"=IF((AND($A232 = ""+0"",$E232 = F$1)), $C232, """")","=IF((AND($A232 = ""+0"",$E232 = G$1)), $C232, """")","=IF((AND($A232 = ""+0"",$E232 = H$1)), $C232, """")","=IF((AND($A232 = ""+0"",$E232 = I$1)), $C232, """")","=IF((AND($A232 = ""+0"",$E232 = J$1)), $C232, """")","=IF((AND($A232 = ""+0"",$E232 = K$1)), $C232, """")","=IF((AND($A232 = ""+0"",$E232 = L$1)), $C232, """")","=IF((AND($A232 = ""+0"",$E232 = M$1)), 2^$D232-$B232, """")","=IF((AND($A232 = ""+0"",$E232 = N$1)), 2^$D232-$B232, """")","=IF((AND($A232 = ""+0"",$E232 = O$1)), 2^$D232-$B232, """")","=IF((AND($A232 = ""+0"",$E232 = P$1)), 2^$D232-$B232, """")","=IF((AND($A232 = ""+0"",$E232 = Q$1)), 2^$D232-$B232, """")","=IF((AND($A232 = ""+0"",$E232 = R$1)), 2^$D232-$B232, """")","=IF((AND($A232 = ""+0"",$E232 = S$1)), 2^$D232-$B232, """")",=B232*C232,=B232/C232,=(C232-1)/(B232),"=log(T232, W$1)",=W232+U232*X$1
+1,50.0,21.0,7.0,=D233+A233,"=IF((AND($A233 = ""+0"",$E233 = F$1)), $C233, """")","=IF((AND($A233 = ""+0"",$E233 = G$1)), $C233, """")","=IF((AND($A233 = ""+0"",$E233 = H$1)), $C233, """")","=IF((AND($A233 = ""+0"",$E233 = I$1)), $C233, """")","=IF((AND($A233 = ""+0"",$E233 = J$1)), $C233, """")","=IF((AND($A233 = ""+0"",$E233 = K$1)), $C233, """")","=IF((AND($A233 = ""+0"",$E233 = L$1)), $C233, """")","=IF((AND($A233 = ""+0"",$E233 = M$1)), 2^$D233-$B233, """")","=IF((AND($A233 = ""+0"",$E233 = N$1)), 2^$D233-$B233, """")","=IF((AND($A233 = ""+0"",$E233 = O$1)), 2^$D233-$B233, """")","=IF((AND($A233 = ""+0"",$E233 = P$1)), 2^$D233-$B233, """")","=IF((AND($A233 = ""+0"",$E233 = Q$1)), 2^$D233-$B233, """")","=IF((AND($A233 = ""+0"",$E233 = R$1)), 2^$D233-$B233, """")","=IF((AND($A233 = ""+0"",$E233 = S$1)), 2^$D233-$B233, """")",=B233*C233,=B233/C233,=(C233-1)/(B233),"=log(T233, W$1)",=W233+U233*X$1
+0,49.0,21.0,7.0,=D234+A234,"=IF((AND($A234 = ""+0"",$E234 = F$1)), $C234, """")","=IF((AND($A234 = ""+0"",$E234 = G$1)), $C234, """")","=IF((AND($A234 = ""+0"",$E234 = H$1)), $C234, """")","=IF((AND($A234 = ""+0"",$E234 = I$1)), $C234, """")","=IF((AND($A234 = ""+0"",$E234 = J$1)), $C234, """")","=IF((AND($A234 = ""+0"",$E234 = K$1)), $C234, """")","=IF((AND($A234 = ""+0"",$E234 = L$1)), $C234, """")","=IF((AND($A234 = ""+0"",$E234 = M$1)), 2^$D234-$B234, """")","=IF((AND($A234 = ""+0"",$E234 = N$1)), 2^$D234-$B234, """")","=IF((AND($A234 = ""+0"",$E234 = O$1)), 2^$D234-$B234, """")","=IF((AND($A234 = ""+0"",$E234 = P$1)), 2^$D234-$B234, """")","=IF((AND($A234 = ""+0"",$E234 = Q$1)), 2^$D234-$B234, """")","=IF((AND($A234 = ""+0"",$E234 = R$1)), 2^$D234-$B234, """")","=IF((AND($A234 = ""+0"",$E234 = S$1)), 2^$D234-$B234, """")",=B234*C234,=B234/C234,=(C234-1)/(B234),"=log(T234, W$1)",=W234+U234*X$1
+1,49.0,22.0,7.0,=D235+A235,"=IF((AND($A235 = ""+0"",$E235 = F$1)), $C235, """")","=IF((AND($A235 = ""+0"",$E235 = G$1)), $C235, """")","=IF((AND($A235 = ""+0"",$E235 = H$1)), $C235, """")","=IF((AND($A235 = ""+0"",$E235 = I$1)), $C235, """")","=IF((AND($A235 = ""+0"",$E235 = J$1)), $C235, """")","=IF((AND($A235 = ""+0"",$E235 = K$1)), $C235, """")","=IF((AND($A235 = ""+0"",$E235 = L$1)), $C235, """")","=IF((AND($A235 = ""+0"",$E235 = M$1)), 2^$D235-$B235, """")","=IF((AND($A235 = ""+0"",$E235 = N$1)), 2^$D235-$B235, """")","=IF((AND($A235 = ""+0"",$E235 = O$1)), 2^$D235-$B235, """")","=IF((AND($A235 = ""+0"",$E235 = P$1)), 2^$D235-$B235, """")","=IF((AND($A235 = ""+0"",$E235 = Q$1)), 2^$D235-$B235, """")","=IF((AND($A235 = ""+0"",$E235 = R$1)), 2^$D235-$B235, """")","=IF((AND($A235 = ""+0"",$E235 = S$1)), 2^$D235-$B235, """")",=B235*C235,=B235/C235,=(C235-1)/(B235),"=log(T235, W$1)",=W235+U235*X$1
+1,48.0,22.0,7.0,=D236+A236,"=IF((AND($A236 = ""+0"",$E236 = F$1)), $C236, """")","=IF((AND($A236 = ""+0"",$E236 = G$1)), $C236, """")","=IF((AND($A236 = ""+0"",$E236 = H$1)), $C236, """")","=IF((AND($A236 = ""+0"",$E236 = I$1)), $C236, """")","=IF((AND($A236 = ""+0"",$E236 = J$1)), $C236, """")","=IF((AND($A236 = ""+0"",$E236 = K$1)), $C236, """")","=IF((AND($A236 = ""+0"",$E236 = L$1)), $C236, """")","=IF((AND($A236 = ""+0"",$E236 = M$1)), 2^$D236-$B236, """")","=IF((AND($A236 = ""+0"",$E236 = N$1)), 2^$D236-$B236, """")","=IF((AND($A236 = ""+0"",$E236 = O$1)), 2^$D236-$B236, """")","=IF((AND($A236 = ""+0"",$E236 = P$1)), 2^$D236-$B236, """")","=IF((AND($A236 = ""+0"",$E236 = Q$1)), 2^$D236-$B236, """")","=IF((AND($A236 = ""+0"",$E236 = R$1)), 2^$D236-$B236, """")","=IF((AND($A236 = ""+0"",$E236 = S$1)), 2^$D236-$B236, """")",=B236*C236,=B236/C236,=(C236-1)/(B236),"=log(T236, W$1)",=W236+U236*X$1
+0,47.0,22.0,7.0,=D237+A237,"=IF((AND($A237 = ""+0"",$E237 = F$1)), $C237, """")","=IF((AND($A237 = ""+0"",$E237 = G$1)), $C237, """")","=IF((AND($A237 = ""+0"",$E237 = H$1)), $C237, """")","=IF((AND($A237 = ""+0"",$E237 = I$1)), $C237, """")","=IF((AND($A237 = ""+0"",$E237 = J$1)), $C237, """")","=IF((AND($A237 = ""+0"",$E237 = K$1)), $C237, """")","=IF((AND($A237 = ""+0"",$E237 = L$1)), $C237, """")","=IF((AND($A237 = ""+0"",$E237 = M$1)), 2^$D237-$B237, """")","=IF((AND($A237 = ""+0"",$E237 = N$1)), 2^$D237-$B237, """")","=IF((AND($A237 = ""+0"",$E237 = O$1)), 2^$D237-$B237, """")","=IF((AND($A237 = ""+0"",$E237 = P$1)), 2^$D237-$B237, """")","=IF((AND($A237 = ""+0"",$E237 = Q$1)), 2^$D237-$B237, """")","=IF((AND($A237 = ""+0"",$E237 = R$1)), 2^$D237-$B237, """")","=IF((AND($A237 = ""+0"",$E237 = S$1)), 2^$D237-$B237, """")",=B237*C237,=B237/C237,=(C237-1)/(B237),"=log(T237, W$1)",=W237+U237*X$1
+1,47.0,23.0,7.0,=D238+A238,"=IF((AND($A238 = ""+0"",$E238 = F$1)), $C238, """")","=IF((AND($A238 = ""+0"",$E238 = G$1)), $C238, """")","=IF((AND($A238 = ""+0"",$E238 = H$1)), $C238, """")","=IF((AND($A238 = ""+0"",$E238 = I$1)), $C238, """")","=IF((AND($A238 = ""+0"",$E238 = J$1)), $C238, """")","=IF((AND($A238 = ""+0"",$E238 = K$1)), $C238, """")","=IF((AND($A238 = ""+0"",$E238 = L$1)), $C238, """")","=IF((AND($A238 = ""+0"",$E238 = M$1)), 2^$D238-$B238, """")","=IF((AND($A238 = ""+0"",$E238 = N$1)), 2^$D238-$B238, """")","=IF((AND($A238 = ""+0"",$E238 = O$1)), 2^$D238-$B238, """")","=IF((AND($A238 = ""+0"",$E238 = P$1)), 2^$D238-$B238, """")","=IF((AND($A238 = ""+0"",$E238 = Q$1)), 2^$D238-$B238, """")","=IF((AND($A238 = ""+0"",$E238 = R$1)), 2^$D238-$B238, """")","=IF((AND($A238 = ""+0"",$E238 = S$1)), 2^$D238-$B238, """")",=B238*C238,=B238/C238,=(C238-1)/(B238),"=log(T238, W$1)",=W238+U238*X$1
+1,46.0,23.0,7.0,=D239+A239,"=IF((AND($A239 = ""+0"",$E239 = F$1)), $C239, """")","=IF((AND($A239 = ""+0"",$E239 = G$1)), $C239, """")","=IF((AND($A239 = ""+0"",$E239 = H$1)), $C239, """")","=IF((AND($A239 = ""+0"",$E239 = I$1)), $C239, """")","=IF((AND($A239 = ""+0"",$E239 = J$1)), $C239, """")","=IF((AND($A239 = ""+0"",$E239 = K$1)), $C239, """")","=IF((AND($A239 = ""+0"",$E239 = L$1)), $C239, """")","=IF((AND($A239 = ""+0"",$E239 = M$1)), 2^$D239-$B239, """")","=IF((AND($A239 = ""+0"",$E239 = N$1)), 2^$D239-$B239, """")","=IF((AND($A239 = ""+0"",$E239 = O$1)), 2^$D239-$B239, """")","=IF((AND($A239 = ""+0"",$E239 = P$1)), 2^$D239-$B239, """")","=IF((AND($A239 = ""+0"",$E239 = Q$1)), 2^$D239-$B239, """")","=IF((AND($A239 = ""+0"",$E239 = R$1)), 2^$D239-$B239, """")","=IF((AND($A239 = ""+0"",$E239 = S$1)), 2^$D239-$B239, """")",=B239*C239,=B239/C239,=(C239-1)/(B239),"=log(T239, W$1)",=W239+U239*X$1
+0,45.0,23.0,7.0,=D240+A240,"=IF((AND($A240 = ""+0"",$E240 = F$1)), $C240, """")","=IF((AND($A240 = ""+0"",$E240 = G$1)), $C240, """")","=IF((AND($A240 = ""+0"",$E240 = H$1)), $C240, """")","=IF((AND($A240 = ""+0"",$E240 = I$1)), $C240, """")","=IF((AND($A240 = ""+0"",$E240 = J$1)), $C240, """")","=IF((AND($A240 = ""+0"",$E240 = K$1)), $C240, """")","=IF((AND($A240 = ""+0"",$E240 = L$1)), $C240, """")","=IF((AND($A240 = ""+0"",$E240 = M$1)), 2^$D240-$B240, """")","=IF((AND($A240 = ""+0"",$E240 = N$1)), 2^$D240-$B240, """")","=IF((AND($A240 = ""+0"",$E240 = O$1)), 2^$D240-$B240, """")","=IF((AND($A240 = ""+0"",$E240 = P$1)), 2^$D240-$B240, """")","=IF((AND($A240 = ""+0"",$E240 = Q$1)), 2^$D240-$B240, """")","=IF((AND($A240 = ""+0"",$E240 = R$1)), 2^$D240-$B240, """")","=IF((AND($A240 = ""+0"",$E240 = S$1)), 2^$D240-$B240, """")",=B240*C240,=B240/C240,=(C240-1)/(B240),"=log(T240, W$1)",=W240+U240*X$1
+1,45.0,24.0,7.0,=D241+A241,"=IF((AND($A241 = ""+0"",$E241 = F$1)), $C241, """")","=IF((AND($A241 = ""+0"",$E241 = G$1)), $C241, """")","=IF((AND($A241 = ""+0"",$E241 = H$1)), $C241, """")","=IF((AND($A241 = ""+0"",$E241 = I$1)), $C241, """")","=IF((AND($A241 = ""+0"",$E241 = J$1)), $C241, """")","=IF((AND($A241 = ""+0"",$E241 = K$1)), $C241, """")","=IF((AND($A241 = ""+0"",$E241 = L$1)), $C241, """")","=IF((AND($A241 = ""+0"",$E241 = M$1)), 2^$D241-$B241, """")","=IF((AND($A241 = ""+0"",$E241 = N$1)), 2^$D241-$B241, """")","=IF((AND($A241 = ""+0"",$E241 = O$1)), 2^$D241-$B241, """")","=IF((AND($A241 = ""+0"",$E241 = P$1)), 2^$D241-$B241, """")","=IF((AND($A241 = ""+0"",$E241 = Q$1)), 2^$D241-$B241, """")","=IF((AND($A241 = ""+0"",$E241 = R$1)), 2^$D241-$B241, """")","=IF((AND($A241 = ""+0"",$E241 = S$1)), 2^$D241-$B241, """")",=B241*C241,=B241/C241,=(C241-1)/(B241),"=log(T241, W$1)",=W241+U241*X$1
+1,44.0,24.0,7.0,=D242+A242,"=IF((AND($A242 = ""+0"",$E242 = F$1)), $C242, """")","=IF((AND($A242 = ""+0"",$E242 = G$1)), $C242, """")","=IF((AND($A242 = ""+0"",$E242 = H$1)), $C242, """")","=IF((AND($A242 = ""+0"",$E242 = I$1)), $C242, """")","=IF((AND($A242 = ""+0"",$E242 = J$1)), $C242, """")","=IF((AND($A242 = ""+0"",$E242 = K$1)), $C242, """")","=IF((AND($A242 = ""+0"",$E242 = L$1)), $C242, """")","=IF((AND($A242 = ""+0"",$E242 = M$1)), 2^$D242-$B242, """")","=IF((AND($A242 = ""+0"",$E242 = N$1)), 2^$D242-$B242, """")","=IF((AND($A242 = ""+0"",$E242 = O$1)), 2^$D242-$B242, """")","=IF((AND($A242 = ""+0"",$E242 = P$1)), 2^$D242-$B242, """")","=IF((AND($A242 = ""+0"",$E242 = Q$1)), 2^$D242-$B242, """")","=IF((AND($A242 = ""+0"",$E242 = R$1)), 2^$D242-$B242, """")","=IF((AND($A242 = ""+0"",$E242 = S$1)), 2^$D242-$B242, """")",=B242*C242,=B242/C242,=(C242-1)/(B242),"=log(T242, W$1)",=W242+U242*X$1
+0,43.0,24.0,7.0,=D243+A243,"=IF((AND($A243 = ""+0"",$E243 = F$1)), $C243, """")","=IF((AND($A243 = ""+0"",$E243 = G$1)), $C243, """")","=IF((AND($A243 = ""+0"",$E243 = H$1)), $C243, """")","=IF((AND($A243 = ""+0"",$E243 = I$1)), $C243, """")","=IF((AND($A243 = ""+0"",$E243 = J$1)), $C243, """")","=IF((AND($A243 = ""+0"",$E243 = K$1)), $C243, """")","=IF((AND($A243 = ""+0"",$E243 = L$1)), $C243, """")","=IF((AND($A243 = ""+0"",$E243 = M$1)), 2^$D243-$B243, """")","=IF((AND($A243 = ""+0"",$E243 = N$1)), 2^$D243-$B243, """")","=IF((AND($A243 = ""+0"",$E243 = O$1)), 2^$D243-$B243, """")","=IF((AND($A243 = ""+0"",$E243 = P$1)), 2^$D243-$B243, """")","=IF((AND($A243 = ""+0"",$E243 = Q$1)), 2^$D243-$B243, """")","=IF((AND($A243 = ""+0"",$E243 = R$1)), 2^$D243-$B243, """")","=IF((AND($A243 = ""+0"",$E243 = S$1)), 2^$D243-$B243, """")",=B243*C243,=B243/C243,=(C243-1)/(B243),"=log(T243, W$1)",=W243+U243*X$1
+1,43.0,25.0,7.0,=D244+A244,"=IF((AND($A244 = ""+0"",$E244 = F$1)), $C244, """")","=IF((AND($A244 = ""+0"",$E244 = G$1)), $C244, """")","=IF((AND($A244 = ""+0"",$E244 = H$1)), $C244, """")","=IF((AND($A244 = ""+0"",$E244 = I$1)), $C244, """")","=IF((AND($A244 = ""+0"",$E244 = J$1)), $C244, """")","=IF((AND($A244 = ""+0"",$E244 = K$1)), $C244, """")","=IF((AND($A244 = ""+0"",$E244 = L$1)), $C244, """")","=IF((AND($A244 = ""+0"",$E244 = M$1)), 2^$D244-$B244, """")","=IF((AND($A244 = ""+0"",$E244 = N$1)), 2^$D244-$B244, """")","=IF((AND($A244 = ""+0"",$E244 = O$1)), 2^$D244-$B244, """")","=IF((AND($A244 = ""+0"",$E244 = P$1)), 2^$D244-$B244, """")","=IF((AND($A244 = ""+0"",$E244 = Q$1)), 2^$D244-$B244, """")","=IF((AND($A244 = ""+0"",$E244 = R$1)), 2^$D244-$B244, """")","=IF((AND($A244 = ""+0"",$E244 = S$1)), 2^$D244-$B244, """")",=B244*C244,=B244/C244,=(C244-1)/(B244),"=log(T244, W$1)",=W244+U244*X$1
+1,42.0,25.0,7.0,=D245+A245,"=IF((AND($A245 = ""+0"",$E245 = F$1)), $C245, """")","=IF((AND($A245 = ""+0"",$E245 = G$1)), $C245, """")","=IF((AND($A245 = ""+0"",$E245 = H$1)), $C245, """")","=IF((AND($A245 = ""+0"",$E245 = I$1)), $C245, """")","=IF((AND($A245 = ""+0"",$E245 = J$1)), $C245, """")","=IF((AND($A245 = ""+0"",$E245 = K$1)), $C245, """")","=IF((AND($A245 = ""+0"",$E245 = L$1)), $C245, """")","=IF((AND($A245 = ""+0"",$E245 = M$1)), 2^$D245-$B245, """")","=IF((AND($A245 = ""+0"",$E245 = N$1)), 2^$D245-$B245, """")","=IF((AND($A245 = ""+0"",$E245 = O$1)), 2^$D245-$B245, """")","=IF((AND($A245 = ""+0"",$E245 = P$1)), 2^$D245-$B245, """")","=IF((AND($A245 = ""+0"",$E245 = Q$1)), 2^$D245-$B245, """")","=IF((AND($A245 = ""+0"",$E245 = R$1)), 2^$D245-$B245, """")","=IF((AND($A245 = ""+0"",$E245 = S$1)), 2^$D245-$B245, """")",=B245*C245,=B245/C245,=(C245-1)/(B245),"=log(T245, W$1)",=W245+U245*X$1
+0,41.0,25.0,7.0,=D246+A246,"=IF((AND($A246 = ""+0"",$E246 = F$1)), $C246, """")","=IF((AND($A246 = ""+0"",$E246 = G$1)), $C246, """")","=IF((AND($A246 = ""+0"",$E246 = H$1)), $C246, """")","=IF((AND($A246 = ""+0"",$E246 = I$1)), $C246, """")","=IF((AND($A246 = ""+0"",$E246 = J$1)), $C246, """")","=IF((AND($A246 = ""+0"",$E246 = K$1)), $C246, """")","=IF((AND($A246 = ""+0"",$E246 = L$1)), $C246, """")","=IF((AND($A246 = ""+0"",$E246 = M$1)), 2^$D246-$B246, """")","=IF((AND($A246 = ""+0"",$E246 = N$1)), 2^$D246-$B246, """")","=IF((AND($A246 = ""+0"",$E246 = O$1)), 2^$D246-$B246, """")","=IF((AND($A246 = ""+0"",$E246 = P$1)), 2^$D246-$B246, """")","=IF((AND($A246 = ""+0"",$E246 = Q$1)), 2^$D246-$B246, """")","=IF((AND($A246 = ""+0"",$E246 = R$1)), 2^$D246-$B246, """")","=IF((AND($A246 = ""+0"",$E246 = S$1)), 2^$D246-$B246, """")",=B246*C246,=B246/C246,=(C246-1)/(B246),"=log(T246, W$1)",=W246+U246*X$1
+1,41.0,26.0,7.0,=D247+A247,"=IF((AND($A247 = ""+0"",$E247 = F$1)), $C247, """")","=IF((AND($A247 = ""+0"",$E247 = G$1)), $C247, """")","=IF((AND($A247 = ""+0"",$E247 = H$1)), $C247, """")","=IF((AND($A247 = ""+0"",$E247 = I$1)), $C247, """")","=IF((AND($A247 = ""+0"",$E247 = J$1)), $C247, """")","=IF((AND($A247 = ""+0"",$E247 = K$1)), $C247, """")","=IF((AND($A247 = ""+0"",$E247 = L$1)), $C247, """")","=IF((AND($A247 = ""+0"",$E247 = M$1)), 2^$D247-$B247, """")","=IF((AND($A247 = ""+0"",$E247 = N$1)), 2^$D247-$B247, """")","=IF((AND($A247 = ""+0"",$E247 = O$1)), 2^$D247-$B247, """")","=IF((AND($A247 = ""+0"",$E247 = P$1)), 2^$D247-$B247, """")","=IF((AND($A247 = ""+0"",$E247 = Q$1)), 2^$D247-$B247, """")","=IF((AND($A247 = ""+0"",$E247 = R$1)), 2^$D247-$B247, """")","=IF((AND($A247 = ""+0"",$E247 = S$1)), 2^$D247-$B247, """")",=B247*C247,=B247/C247,=(C247-1)/(B247),"=log(T247, W$1)",=W247+U247*X$1
+0,40.0,26.0,7.0,=D248+A248,"=IF((AND($A248 = ""+0"",$E248 = F$1)), $C248, """")","=IF((AND($A248 = ""+0"",$E248 = G$1)), $C248, """")","=IF((AND($A248 = ""+0"",$E248 = H$1)), $C248, """")","=IF((AND($A248 = ""+0"",$E248 = I$1)), $C248, """")","=IF((AND($A248 = ""+0"",$E248 = J$1)), $C248, """")","=IF((AND($A248 = ""+0"",$E248 = K$1)), $C248, """")","=IF((AND($A248 = ""+0"",$E248 = L$1)), $C248, """")","=IF((AND($A248 = ""+0"",$E248 = M$1)), 2^$D248-$B248, """")","=IF((AND($A248 = ""+0"",$E248 = N$1)), 2^$D248-$B248, """")","=IF((AND($A248 = ""+0"",$E248 = O$1)), 2^$D248-$B248, """")","=IF((AND($A248 = ""+0"",$E248 = P$1)), 2^$D248-$B248, """")","=IF((AND($A248 = ""+0"",$E248 = Q$1)), 2^$D248-$B248, """")","=IF((AND($A248 = ""+0"",$E248 = R$1)), 2^$D248-$B248, """")","=IF((AND($A248 = ""+0"",$E248 = S$1)), 2^$D248-$B248, """")",=B248*C248,=B248/C248,=(C248-1)/(B248),"=log(T248, W$1)",=W248+U248*X$1
+1,40.0,27.0,7.0,=D249+A249,"=IF((AND($A249 = ""+0"",$E249 = F$1)), $C249, """")","=IF((AND($A249 = ""+0"",$E249 = G$1)), $C249, """")","=IF((AND($A249 = ""+0"",$E249 = H$1)), $C249, """")","=IF((AND($A249 = ""+0"",$E249 = I$1)), $C249, """")","=IF((AND($A249 = ""+0"",$E249 = J$1)), $C249, """")","=IF((AND($A249 = ""+0"",$E249 = K$1)), $C249, """")","=IF((AND($A249 = ""+0"",$E249 = L$1)), $C249, """")","=IF((AND($A249 = ""+0"",$E249 = M$1)), 2^$D249-$B249, """")","=IF((AND($A249 = ""+0"",$E249 = N$1)), 2^$D249-$B249, """")","=IF((AND($A249 = ""+0"",$E249 = O$1)), 2^$D249-$B249, """")","=IF((AND($A249 = ""+0"",$E249 = P$1)), 2^$D249-$B249, """")","=IF((AND($A249 = ""+0"",$E249 = Q$1)), 2^$D249-$B249, """")","=IF((AND($A249 = ""+0"",$E249 = R$1)), 2^$D249-$B249, """")","=IF((AND($A249 = ""+0"",$E249 = S$1)), 2^$D249-$B249, """")",=B249*C249,=B249/C249,=(C249-1)/(B249),"=log(T249, W$1)",=W249+U249*X$1
+1,39.0,27.0,7.0,=D250+A250,"=IF((AND($A250 = ""+0"",$E250 = F$1)), $C250, """")","=IF((AND($A250 = ""+0"",$E250 = G$1)), $C250, """")","=IF((AND($A250 = ""+0"",$E250 = H$1)), $C250, """")","=IF((AND($A250 = ""+0"",$E250 = I$1)), $C250, """")","=IF((AND($A250 = ""+0"",$E250 = J$1)), $C250, """")","=IF((AND($A250 = ""+0"",$E250 = K$1)), $C250, """")","=IF((AND($A250 = ""+0"",$E250 = L$1)), $C250, """")","=IF((AND($A250 = ""+0"",$E250 = M$1)), 2^$D250-$B250, """")","=IF((AND($A250 = ""+0"",$E250 = N$1)), 2^$D250-$B250, """")","=IF((AND($A250 = ""+0"",$E250 = O$1)), 2^$D250-$B250, """")","=IF((AND($A250 = ""+0"",$E250 = P$1)), 2^$D250-$B250, """")","=IF((AND($A250 = ""+0"",$E250 = Q$1)), 2^$D250-$B250, """")","=IF((AND($A250 = ""+0"",$E250 = R$1)), 2^$D250-$B250, """")","=IF((AND($A250 = ""+0"",$E250 = S$1)), 2^$D250-$B250, """")",=B250*C250,=B250/C250,=(C250-1)/(B250),"=log(T250, W$1)",=W250+U250*X$1
+0,38.0,27.0,7.0,=D251+A251,"=IF((AND($A251 = ""+0"",$E251 = F$1)), $C251, """")","=IF((AND($A251 = ""+0"",$E251 = G$1)), $C251, """")","=IF((AND($A251 = ""+0"",$E251 = H$1)), $C251, """")","=IF((AND($A251 = ""+0"",$E251 = I$1)), $C251, """")","=IF((AND($A251 = ""+0"",$E251 = J$1)), $C251, """")","=IF((AND($A251 = ""+0"",$E251 = K$1)), $C251, """")","=IF((AND($A251 = ""+0"",$E251 = L$1)), $C251, """")","=IF((AND($A251 = ""+0"",$E251 = M$1)), 2^$D251-$B251, """")","=IF((AND($A251 = ""+0"",$E251 = N$1)), 2^$D251-$B251, """")","=IF((AND($A251 = ""+0"",$E251 = O$1)), 2^$D251-$B251, """")","=IF((AND($A251 = ""+0"",$E251 = P$1)), 2^$D251-$B251, """")","=IF((AND($A251 = ""+0"",$E251 = Q$1)), 2^$D251-$B251, """")","=IF((AND($A251 = ""+0"",$E251 = R$1)), 2^$D251-$B251, """")","=IF((AND($A251 = ""+0"",$E251 = S$1)), 2^$D251-$B251, """")",=B251*C251,=B251/C251,=(C251-1)/(B251),"=log(T251, W$1)",=W251+U251*X$1
+1,38.0,28.0,7.0,=D252+A252,"=IF((AND($A252 = ""+0"",$E252 = F$1)), $C252, """")","=IF((AND($A252 = ""+0"",$E252 = G$1)), $C252, """")","=IF((AND($A252 = ""+0"",$E252 = H$1)), $C252, """")","=IF((AND($A252 = ""+0"",$E252 = I$1)), $C252, """")","=IF((AND($A252 = ""+0"",$E252 = J$1)), $C252, """")","=IF((AND($A252 = ""+0"",$E252 = K$1)), $C252, """")","=IF((AND($A252 = ""+0"",$E252 = L$1)), $C252, """")","=IF((AND($A252 = ""+0"",$E252 = M$1)), 2^$D252-$B252, """")","=IF((AND($A252 = ""+0"",$E252 = N$1)), 2^$D252-$B252, """")","=IF((AND($A252 = ""+0"",$E252 = O$1)), 2^$D252-$B252, """")","=IF((AND($A252 = ""+0"",$E252 = P$1)), 2^$D252-$B252, """")","=IF((AND($A252 = ""+0"",$E252 = Q$1)), 2^$D252-$B252, """")","=IF((AND($A252 = ""+0"",$E252 = R$1)), 2^$D252-$B252, """")","=IF((AND($A252 = ""+0"",$E252 = S$1)), 2^$D252-$B252, """")",=B252*C252,=B252/C252,=(C252-1)/(B252),"=log(T252, W$1)",=W252+U252*X$1
+0,37.0,28.0,7.0,=D253+A253,"=IF((AND($A253 = ""+0"",$E253 = F$1)), $C253, """")","=IF((AND($A253 = ""+0"",$E253 = G$1)), $C253, """")","=IF((AND($A253 = ""+0"",$E253 = H$1)), $C253, """")","=IF((AND($A253 = ""+0"",$E253 = I$1)), $C253, """")","=IF((AND($A253 = ""+0"",$E253 = J$1)), $C253, """")","=IF((AND($A253 = ""+0"",$E253 = K$1)), $C253, """")","=IF((AND($A253 = ""+0"",$E253 = L$1)), $C253, """")","=IF((AND($A253 = ""+0"",$E253 = M$1)), 2^$D253-$B253, """")","=IF((AND($A253 = ""+0"",$E253 = N$1)), 2^$D253-$B253, """")","=IF((AND($A253 = ""+0"",$E253 = O$1)), 2^$D253-$B253, """")","=IF((AND($A253 = ""+0"",$E253 = P$1)), 2^$D253-$B253, """")","=IF((AND($A253 = ""+0"",$E253 = Q$1)), 2^$D253-$B253, """")","=IF((AND($A253 = ""+0"",$E253 = R$1)), 2^$D253-$B253, """")","=IF((AND($A253 = ""+0"",$E253 = S$1)), 2^$D253-$B253, """")",=B253*C253,=B253/C253,=(C253-1)/(B253),"=log(T253, W$1)",=W253+U253*X$1
+1,37.0,29.0,7.0,=D254+A254,"=IF((AND($A254 = ""+0"",$E254 = F$1)), $C254, """")","=IF((AND($A254 = ""+0"",$E254 = G$1)), $C254, """")","=IF((AND($A254 = ""+0"",$E254 = H$1)), $C254, """")","=IF((AND($A254 = ""+0"",$E254 = I$1)), $C254, """")","=IF((AND($A254 = ""+0"",$E254 = J$1)), $C254, """")","=IF((AND($A254 = ""+0"",$E254 = K$1)), $C254, """")","=IF((AND($A254 = ""+0"",$E254 = L$1)), $C254, """")","=IF((AND($A254 = ""+0"",$E254 = M$1)), 2^$D254-$B254, """")","=IF((AND($A254 = ""+0"",$E254 = N$1)), 2^$D254-$B254, """")","=IF((AND($A254 = ""+0"",$E254 = O$1)), 2^$D254-$B254, """")","=IF((AND($A254 = ""+0"",$E254 = P$1)), 2^$D254-$B254, """")","=IF((AND($A254 = ""+0"",$E254 = Q$1)), 2^$D254-$B254, """")","=IF((AND($A254 = ""+0"",$E254 = R$1)), 2^$D254-$B254, """")","=IF((AND($A254 = ""+0"",$E254 = S$1)), 2^$D254-$B254, """")",=B254*C254,=B254/C254,=(C254-1)/(B254),"=log(T254, W$1)",=W254+U254*X$1
+0,36.0,29.0,7.0,=D255+A255,"=IF((AND($A255 = ""+0"",$E255 = F$1)), $C255, """")","=IF((AND($A255 = ""+0"",$E255 = G$1)), $C255, """")","=IF((AND($A255 = ""+0"",$E255 = H$1)), $C255, """")","=IF((AND($A255 = ""+0"",$E255 = I$1)), $C255, """")","=IF((AND($A255 = ""+0"",$E255 = J$1)), $C255, """")","=IF((AND($A255 = ""+0"",$E255 = K$1)), $C255, """")","=IF((AND($A255 = ""+0"",$E255 = L$1)), $C255, """")","=IF((AND($A255 = ""+0"",$E255 = M$1)), 2^$D255-$B255, """")","=IF((AND($A255 = ""+0"",$E255 = N$1)), 2^$D255-$B255, """")","=IF((AND($A255 = ""+0"",$E255 = O$1)), 2^$D255-$B255, """")","=IF((AND($A255 = ""+0"",$E255 = P$1)), 2^$D255-$B255, """")","=IF((AND($A255 = ""+0"",$E255 = Q$1)), 2^$D255-$B255, """")","=IF((AND($A255 = ""+0"",$E255 = R$1)), 2^$D255-$B255, """")","=IF((AND($A255 = ""+0"",$E255 = S$1)), 2^$D255-$B255, """")",=B255*C255,=B255/C255,=(C255-1)/(B255),"=log(T255, W$1)",=W255+U255*X$1
+1,36.0,30.0,7.0,=D256+A256,"=IF((AND($A256 = ""+0"",$E256 = F$1)), $C256, """")","=IF((AND($A256 = ""+0"",$E256 = G$1)), $C256, """")","=IF((AND($A256 = ""+0"",$E256 = H$1)), $C256, """")","=IF((AND($A256 = ""+0"",$E256 = I$1)), $C256, """")","=IF((AND($A256 = ""+0"",$E256 = J$1)), $C256, """")","=IF((AND($A256 = ""+0"",$E256 = K$1)), $C256, """")","=IF((AND($A256 = ""+0"",$E256 = L$1)), $C256, """")","=IF((AND($A256 = ""+0"",$E256 = M$1)), 2^$D256-$B256, """")","=IF((AND($A256 = ""+0"",$E256 = N$1)), 2^$D256-$B256, """")","=IF((AND($A256 = ""+0"",$E256 = O$1)), 2^$D256-$B256, """")","=IF((AND($A256 = ""+0"",$E256 = P$1)), 2^$D256-$B256, """")","=IF((AND($A256 = ""+0"",$E256 = Q$1)), 2^$D256-$B256, """")","=IF((AND($A256 = ""+0"",$E256 = R$1)), 2^$D256-$B256, """")","=IF((AND($A256 = ""+0"",$E256 = S$1)), 2^$D256-$B256, """")",=B256*C256,=B256/C256,=(C256-1)/(B256),"=log(T256, W$1)",=W256+U256*X$1
+0,35.0,30.0,7.0,=D257+A257,"=IF((AND($A257 = ""+0"",$E257 = F$1)), $C257, """")","=IF((AND($A257 = ""+0"",$E257 = G$1)), $C257, """")","=IF((AND($A257 = ""+0"",$E257 = H$1)), $C257, """")","=IF((AND($A257 = ""+0"",$E257 = I$1)), $C257, """")","=IF((AND($A257 = ""+0"",$E257 = J$1)), $C257, """")","=IF((AND($A257 = ""+0"",$E257 = K$1)), $C257, """")","=IF((AND($A257 = ""+0"",$E257 = L$1)), $C257, """")","=IF((AND($A257 = ""+0"",$E257 = M$1)), 2^$D257-$B257, """")","=IF((AND($A257 = ""+0"",$E257 = N$1)), 2^$D257-$B257, """")","=IF((AND($A257 = ""+0"",$E257 = O$1)), 2^$D257-$B257, """")","=IF((AND($A257 = ""+0"",$E257 = P$1)), 2^$D257-$B257, """")","=IF((AND($A257 = ""+0"",$E257 = Q$1)), 2^$D257-$B257, """")","=IF((AND($A257 = ""+0"",$E257 = R$1)), 2^$D257-$B257, """")","=IF((AND($A257 = ""+0"",$E257 = S$1)), 2^$D257-$B257, """")",=B257*C257,=B257/C257,=(C257-1)/(B257),"=log(T257, W$1)",=W257+U257*X$1
+1,35.0,31.0,7.0,=D258+A258,"=IF((AND($A258 = ""+0"",$E258 = F$1)), $C258, """")","=IF((AND($A258 = ""+0"",$E258 = G$1)), $C258, """")","=IF((AND($A258 = ""+0"",$E258 = H$1)), $C258, """")","=IF((AND($A258 = ""+0"",$E258 = I$1)), $C258, """")","=IF((AND($A258 = ""+0"",$E258 = J$1)), $C258, """")","=IF((AND($A258 = ""+0"",$E258 = K$1)), $C258, """")","=IF((AND($A258 = ""+0"",$E258 = L$1)), $C258, """")","=IF((AND($A258 = ""+0"",$E258 = M$1)), 2^$D258-$B258, """")","=IF((AND($A258 = ""+0"",$E258 = N$1)), 2^$D258-$B258, """")","=IF((AND($A258 = ""+0"",$E258 = O$1)), 2^$D258-$B258, """")","=IF((AND($A258 = ""+0"",$E258 = P$1)), 2^$D258-$B258, """")","=IF((AND($A258 = ""+0"",$E258 = Q$1)), 2^$D258-$B258, """")","=IF((AND($A258 = ""+0"",$E258 = R$1)), 2^$D258-$B258, """")","=IF((AND($A258 = ""+0"",$E258 = S$1)), 2^$D258-$B258, """")",=B258*C258,=B258/C258,=(C258-1)/(B258),"=log(T258, W$1)",=W258+U258*X$1
+0,34.0,31.0,7.0,=D259+A259,"=IF((AND($A259 = ""+0"",$E259 = F$1)), $C259, """")","=IF((AND($A259 = ""+0"",$E259 = G$1)), $C259, """")","=IF((AND($A259 = ""+0"",$E259 = H$1)), $C259, """")","=IF((AND($A259 = ""+0"",$E259 = I$1)), $C259, """")","=IF((AND($A259 = ""+0"",$E259 = J$1)), $C259, """")","=IF((AND($A259 = ""+0"",$E259 = K$1)), $C259, """")","=IF((AND($A259 = ""+0"",$E259 = L$1)), $C259, """")","=IF((AND($A259 = ""+0"",$E259 = M$1)), 2^$D259-$B259, """")","=IF((AND($A259 = ""+0"",$E259 = N$1)), 2^$D259-$B259, """")","=IF((AND($A259 = ""+0"",$E259 = O$1)), 2^$D259-$B259, """")","=IF((AND($A259 = ""+0"",$E259 = P$1)), 2^$D259-$B259, """")","=IF((AND($A259 = ""+0"",$E259 = Q$1)), 2^$D259-$B259, """")","=IF((AND($A259 = ""+0"",$E259 = R$1)), 2^$D259-$B259, """")","=IF((AND($A259 = ""+0"",$E259 = S$1)), 2^$D259-$B259, """")",=B259*C259,=B259/C259,=(C259-1)/(B259),"=log(T259, W$1)",=W259+U259*X$1
+1,34.0,32.0,7.0,=D260+A260,"=IF((AND($A260 = ""+0"",$E260 = F$1)), $C260, """")","=IF((AND($A260 = ""+0"",$E260 = G$1)), $C260, """")","=IF((AND($A260 = ""+0"",$E260 = H$1)), $C260, """")","=IF((AND($A260 = ""+0"",$E260 = I$1)), $C260, """")","=IF((AND($A260 = ""+0"",$E260 = J$1)), $C260, """")","=IF((AND($A260 = ""+0"",$E260 = K$1)), $C260, """")","=IF((AND($A260 = ""+0"",$E260 = L$1)), $C260, """")","=IF((AND($A260 = ""+0"",$E260 = M$1)), 2^$D260-$B260, """")","=IF((AND($A260 = ""+0"",$E260 = N$1)), 2^$D260-$B260, """")","=IF((AND($A260 = ""+0"",$E260 = O$1)), 2^$D260-$B260, """")","=IF((AND($A260 = ""+0"",$E260 = P$1)), 2^$D260-$B260, """")","=IF((AND($A260 = ""+0"",$E260 = Q$1)), 2^$D260-$B260, """")","=IF((AND($A260 = ""+0"",$E260 = R$1)), 2^$D260-$B260, """")","=IF((AND($A260 = ""+0"",$E260 = S$1)), 2^$D260-$B260, """")",=B260*C260,=B260/C260,=(C260-1)/(B260),"=log(T260, W$1)",=W260+U260*X$1
+0,33.0,32.0,7.0,=D261+A261,"=IF((AND($A261 = ""+0"",$E261 = F$1)), $C261, """")","=IF((AND($A261 = ""+0"",$E261 = G$1)), $C261, """")","=IF((AND($A261 = ""+0"",$E261 = H$1)), $C261, """")","=IF((AND($A261 = ""+0"",$E261 = I$1)), $C261, """")","=IF((AND($A261 = ""+0"",$E261 = J$1)), $C261, """")","=IF((AND($A261 = ""+0"",$E261 = K$1)), $C261, """")","=IF((AND($A261 = ""+0"",$E261 = L$1)), $C261, """")","=IF((AND($A261 = ""+0"",$E261 = M$1)), 2^$D261-$B261, """")","=IF((AND($A261 = ""+0"",$E261 = N$1)), 2^$D261-$B261, """")","=IF((AND($A261 = ""+0"",$E261 = O$1)), 2^$D261-$B261, """")","=IF((AND($A261 = ""+0"",$E261 = P$1)), 2^$D261-$B261, """")","=IF((AND($A261 = ""+0"",$E261 = Q$1)), 2^$D261-$B261, """")","=IF((AND($A261 = ""+0"",$E261 = R$1)), 2^$D261-$B261, """")","=IF((AND($A261 = ""+0"",$E261 = S$1)), 2^$D261-$B261, """")",=B261*C261,=B261/C261,=(C261-1)/(B261),"=log(T261, W$1)",=W261+U261*X$1
+1,33.0,33.0,7.0,=D262+A262,"=IF((AND($A262 = ""+0"",$E262 = F$1)), $C262, """")","=IF((AND($A262 = ""+0"",$E262 = G$1)), $C262, """")","=IF((AND($A262 = ""+0"",$E262 = H$1)), $C262, """")","=IF((AND($A262 = ""+0"",$E262 = I$1)), $C262, """")","=IF((AND($A262 = ""+0"",$E262 = J$1)), $C262, """")","=IF((AND($A262 = ""+0"",$E262 = K$1)), $C262, """")","=IF((AND($A262 = ""+0"",$E262 = L$1)), $C262, """")","=IF((AND($A262 = ""+0"",$E262 = M$1)), 2^$D262-$B262, """")","=IF((AND($A262 = ""+0"",$E262 = N$1)), 2^$D262-$B262, """")","=IF((AND($A262 = ""+0"",$E262 = O$1)), 2^$D262-$B262, """")","=IF((AND($A262 = ""+0"",$E262 = P$1)), 2^$D262-$B262, """")","=IF((AND($A262 = ""+0"",$E262 = Q$1)), 2^$D262-$B262, """")","=IF((AND($A262 = ""+0"",$E262 = R$1)), 2^$D262-$B262, """")","=IF((AND($A262 = ""+0"",$E262 = S$1)), 2^$D262-$B262, """")",=B262*C262,=B262/C262,=(C262-1)/(B262),"=log(T262, W$1)",=W262+U262*X$1
