,,,,,,,,,,,,,,,,,,,,,,,,,,,
M\K,1.0,2.0,3.0,4.0,5.0,6.0,7.0,8.0,,,1.0,2.0,3.0,4.0,5.0,6.0,7.0,8.0,,1.0,2.0,3.0,4.0,5.0,6.0,7.0,8.0
1.0,2.0,4.0,8.0,16.0,32.0,64.0,128.0,256.0,,1.0,"=IFERROR(__xludf.DUMMYFUNCTION(""Ifna(QUERY($A$3:$I$2000, """"select A where B="""" & $K3))""),"""")","=IFERROR(__xludf.DUMMYFUNCTION(""Ifna(QUERY($A$3:$I$2000, """"select A where C="""" & $K3))""),"""")","=IFERROR(__xludf.DUMMYFUNCTION(""Ifna(QUERY($A$3:$I$2000, """"select A where D="""" & $K3))""),"""")","=IFERROR(__xludf.DUMMYFUNCTION(""Ifna(QUERY($A$3:$I$2000, """"select A where E="""" & $K3))""),"""")","=IFERROR(__xludf.DUMMYFUNCTION(""Ifna(QUERY($A$3:$I$2000, """"select A where F="""" & $K3))""),"""")","=IFERROR(__xludf.DUMMYFUNCTION(""Ifna(QUERY($A$3:$I$2000, """"select A where G="""" & $K3))""),"""")","=IFERROR(__xludf.DUMMYFUNCTION(""Ifna(QUERY($A$3:$I$2000, """"select A where H="""" & $K3))""),"""")","=IFERROR(__xludf.DUMMYFUNCTION(""Ifna(QUERY($A$3:$I$2000, """"select A where I="""" & $K3))""),"""")",,=$A3*B3,=$A3*C3,=$A3*D3,=$A3*E3,=$A3*F3,=$A3*G3,=$A3*H3,=$A3*I3
2.0,,3.0,7.0,15.0,31.0,63.0,127.0,255.0,,2.0,"=IFERROR(__xludf.DUMMYFUNCTION(""Ifna(QUERY($A$3:$I$2000, """"select A where B="""" & $K4))""),1.0)","=IFERROR(__xludf.DUMMYFUNCTION(""Ifna(QUERY($A$3:$I$2000, """"select A where C="""" & $K4))""),"""")","=IFERROR(__xludf.DUMMYFUNCTION(""Ifna(QUERY($A$3:$I$2000, """"select A where D="""" & $K4))""),"""")","=IFERROR(__xludf.DUMMYFUNCTION(""Ifna(QUERY($A$3:$I$2000, """"select A where E="""" & $K4))""),"""")","=IFERROR(__xludf.DUMMYFUNCTION(""Ifna(QUERY($A$3:$I$2000, """"select A where F="""" & $K4))""),"""")","=IFERROR(__xludf.DUMMYFUNCTION(""Ifna(QUERY($A$3:$I$2000, """"select A where G="""" & $K4))""),"""")","=IFERROR(__xludf.DUMMYFUNCTION(""Ifna(QUERY($A$3:$I$2000, """"select A where H="""" & $K4))""),"""")","=IFERROR(__xludf.DUMMYFUNCTION(""Ifna(QUERY($A$3:$I$2000, """"select A where I="""" & $K4))""),"""")",,=$A4*B4,=$A4*C4,=$A4*D4,=$A4*E4,=$A4*F4,=$A4*G4,=$A4*H4,=$A4*I4
3.0,,,5.0,12.0,27.0,58.0,121.0,248.0,,3.0,"=IFERROR(__xludf.DUMMYFUNCTION(""Ifna(QUERY($A$3:$I$2000, """"select A where B="""" & $K5))""),"""")","=IFERROR(__xludf.DUMMYFUNCTION(""Ifna(QUERY($A$3:$I$2000, """"select A where C="""" & $K5))""),2.0)","=IFERROR(__xludf.DUMMYFUNCTION(""Ifna(QUERY($A$3:$I$2000, """"select A where D="""" & $K5))""),"""")","=IFERROR(__xludf.DUMMYFUNCTION(""Ifna(QUERY($A$3:$I$2000, """"select A where E="""" & $K5))""),"""")","=IFERROR(__xludf.DUMMYFUNCTION(""Ifna(QUERY($A$3:$I$2000, """"select A where F="""" & $K5))""),"""")","=IFERROR(__xludf.DUMMYFUNCTION(""Ifna(QUERY($A$3:$I$2000, """"select A where G="""" & $K5))""),"""")","=IFERROR(__xludf.DUMMYFUNCTION(""Ifna(QUERY($A$3:$I$2000, """"select A where H="""" & $K5))""),"""")","=IFERROR(__xludf.DUMMYFUNCTION(""Ifna(QUERY($A$3:$I$2000, """"select A where I="""" & $K5))""),"""")",,=$A5*B5,=$A5*C5,=$A5*D5,=$A5*E5,=$A5*F5,=$A5*G5,=$A5*H5,=$A5*I5
4.0,,,4.0,10.0,24.0,54.0,116.0,242.0,,4.0,"=IFERROR(__xludf.DUMMYFUNCTION(""Ifna(QUERY($A$3:$I$2000, """"select A where B="""" & $K6))""),"""")","=IFERROR(__xludf.DUMMYFUNCTION(""Ifna(QUERY($A$3:$I$2000, """"select A where C="""" & $K6))""),1.0)","=IFERROR(__xludf.DUMMYFUNCTION(""Ifna(QUERY($A$3:$I$2000, """"select A where D="""" & $K6))""),4.0)","=IFERROR(__xludf.DUMMYFUNCTION(""Ifna(QUERY($A$3:$I$2000, """"select A where E="""" & $K6))""),"""")","=IFERROR(__xludf.DUMMYFUNCTION(""Ifna(QUERY($A$3:$I$2000, """"select A where F="""" & $K6))""),"""")","=IFERROR(__xludf.DUMMYFUNCTION(""Ifna(QUERY($A$3:$I$2000, """"select A where G="""" & $K6))""),"""")","=IFERROR(__xludf.DUMMYFUNCTION(""Ifna(QUERY($A$3:$I$2000, """"select A where H="""" & $K6))""),"""")","=IFERROR(__xludf.DUMMYFUNCTION(""Ifna(QUERY($A$3:$I$2000, """"select A where I="""" & $K6))""),"""")",,=$A6*B6,=$A6*C6,=$A6*D6,=$A6*E6,=$A6*F6,=$A6*G6,=$A6*H6,=$A6*I6
5.0,,,,9.0,22.0,50.0,109.0,231.0,,5.0,"=IFERROR(__xludf.DUMMYFUNCTION(""Ifna(QUERY($A$3:$I$2000, """"select A where B="""" & $K7))""),"""")","=IFERROR(__xludf.DUMMYFUNCTION(""Ifna(QUERY($A$3:$I$2000, """"select A where C="""" & $K7))""),"""")","=IFERROR(__xludf.DUMMYFUNCTION(""Ifna(QUERY($A$3:$I$2000, """"select A where D="""" & $K7))""),3.0)","=IFERROR(__xludf.DUMMYFUNCTION(""Ifna(QUERY($A$3:$I$2000, """"select A where E="""" & $K7))""),"""")","=IFERROR(__xludf.DUMMYFUNCTION(""Ifna(QUERY($A$3:$I$2000, """"select A where F="""" & $K7))""),"""")","=IFERROR(__xludf.DUMMYFUNCTION(""Ifna(QUERY($A$3:$I$2000, """"select A where G="""" & $K7))""),"""")","=IFERROR(__xludf.DUMMYFUNCTION(""Ifna(QUERY($A$3:$I$2000, """"select A where H="""" & $K7))""),"""")","=IFERROR(__xludf.DUMMYFUNCTION(""Ifna(QUERY($A$3:$I$2000, """"select A where I="""" & $K7))""),"""")",,=$A7*B7,=$A7*C7,=$A7*D7,=$A7*E7,=$A7*F7,=$A7*G7,=$A7*H7,=$A7*I7
6.0,,,,7.0,19.0,46.0,104.0,225.0,,6.0,"=IFERROR(__xludf.DUMMYFUNCTION(""Ifna(QUERY($A$3:$I$2000, """"select A where B="""" & $K8))""),"""")","=IFERROR(__xludf.DUMMYFUNCTION(""Ifna(QUERY($A$3:$I$2000, """"select A where C="""" & $K8))""),"""")","=IFERROR(__xludf.DUMMYFUNCTION(""Ifna(QUERY($A$3:$I$2000, """"select A where D="""" & $K8))""),"""")","=IFERROR(__xludf.DUMMYFUNCTION(""Ifna(QUERY($A$3:$I$2000, """"select A where E="""" & $K8))""),"""")","=IFERROR(__xludf.DUMMYFUNCTION(""Ifna(QUERY($A$3:$I$2000, """"select A where F="""" & $K8))""),"""")","=IFERROR(__xludf.DUMMYFUNCTION(""Ifna(QUERY($A$3:$I$2000, """"select A where G="""" & $K8))""),"""")","=IFERROR(__xludf.DUMMYFUNCTION(""Ifna(QUERY($A$3:$I$2000, """"select A where H="""" & $K8))""),"""")","=IFERROR(__xludf.DUMMYFUNCTION(""Ifna(QUERY($A$3:$I$2000, """"select A where I="""" & $K8))""),"""")",,=$A8*B8,=$A8*C8,=$A8*D8,=$A8*E8,=$A8*F8,=$A8*G8,=$A8*H8,=$A8*I8
7.0,,,,,17.0,42.0,97.0,214.0,,7.0,"=IFERROR(__xludf.DUMMYFUNCTION(""Ifna(QUERY($A$3:$I$2000, """"select A where B="""" & $K9))""),"""")","=IFERROR(__xludf.DUMMYFUNCTION(""Ifna(QUERY($A$3:$I$2000, """"select A where C="""" & $K9))""),"""")","=IFERROR(__xludf.DUMMYFUNCTION(""Ifna(QUERY($A$3:$I$2000, """"select A where D="""" & $K9))""),2.0)","=IFERROR(__xludf.DUMMYFUNCTION(""Ifna(QUERY($A$3:$I$2000, """"select A where E="""" & $K9))""),6.0)","=IFERROR(__xludf.DUMMYFUNCTION(""Ifna(QUERY($A$3:$I$2000, """"select A where F="""" & $K9))""),"""")","=IFERROR(__xludf.DUMMYFUNCTION(""Ifna(QUERY($A$3:$I$2000, """"select A where G="""" & $K9))""),"""")","=IFERROR(__xludf.DUMMYFUNCTION(""Ifna(QUERY($A$3:$I$2000, """"select A where H="""" & $K9))""),"""")","=IFERROR(__xludf.DUMMYFUNCTION(""Ifna(QUERY($A$3:$I$2000, """"select A where I="""" & $K9))""),"""")",,=$A9*B9,=$A9*C9,=$A9*D9,=$A9*E9,=$A9*F9,=$A9*G9,=$A9*H9,=$A9*I9
8.0,,,,,15.0,38.0,91.0,206.0,,8.0,"=IFERROR(__xludf.DUMMYFUNCTION(""Ifna(QUERY($A$3:$I$2000, """"select A where B="""" & $K10))""),"""")","=IFERROR(__xludf.DUMMYFUNCTION(""Ifna(QUERY($A$3:$I$2000, """"select A where C="""" & $K10))""),"""")","=IFERROR(__xludf.DUMMYFUNCTION(""Ifna(QUERY($A$3:$I$2000, """"select A where D="""" & $K10))""),1.0)","=IFERROR(__xludf.DUMMYFUNCTION(""Ifna(QUERY($A$3:$I$2000, """"select A where E="""" & $K10))""),"""")","=IFERROR(__xludf.DUMMYFUNCTION(""Ifna(QUERY($A$3:$I$2000, """"select A where F="""" & $K10))""),"""")","=IFERROR(__xludf.DUMMYFUNCTION(""Ifna(QUERY($A$3:$I$2000, """"select A where G="""" & $K10))""),"""")","=IFERROR(__xludf.DUMMYFUNCTION(""Ifna(QUERY($A$3:$I$2000, """"select A where H="""" & $K10))""),"""")","=IFERROR(__xludf.DUMMYFUNCTION(""Ifna(QUERY($A$3:$I$2000, """"select A where I="""" & $K10))""),"""")",,=$A10*B10,=$A10*C10,=$A10*D10,=$A10*E10,=$A10*F10,=$A10*G10,=$A10*H10,=$A10*I10
9.0,,,,,14.0,36.0,87.0,198.0,,9.0,"=IFERROR(__xludf.DUMMYFUNCTION(""Ifna(QUERY($A$3:$I$2000, """"select A where B="""" & $K11))""),"""")","=IFERROR(__xludf.DUMMYFUNCTION(""Ifna(QUERY($A$3:$I$2000, """"select A where C="""" & $K11))""),"""")","=IFERROR(__xludf.DUMMYFUNCTION(""Ifna(QUERY($A$3:$I$2000, """"select A where D="""" & $K11))""),"""")","=IFERROR(__xludf.DUMMYFUNCTION(""Ifna(QUERY($A$3:$I$2000, """"select A where E="""" & $K11))""),5.0)","=IFERROR(__xludf.DUMMYFUNCTION(""Ifna(QUERY($A$3:$I$2000, """"select A where F="""" & $K11))""),"""")","=IFERROR(__xludf.DUMMYFUNCTION(""Ifna(QUERY($A$3:$I$2000, """"select A where G="""" & $K11))""),"""")","=IFERROR(__xludf.DUMMYFUNCTION(""Ifna(QUERY($A$3:$I$2000, """"select A where H="""" & $K11))""),"""")","=IFERROR(__xludf.DUMMYFUNCTION(""Ifna(QUERY($A$3:$I$2000, """"select A where I="""" & $K11))""),"""")",,=$A11*B11,=$A11*C11,=$A11*D11,=$A11*E11,=$A11*F11,=$A11*G11,=$A11*H11,=$A11*I11
10.0,,,,,12.0,33.0,82.0,182.0,,10.0,"=IFERROR(__xludf.DUMMYFUNCTION(""Ifna(QUERY($A$3:$I$2000, """"select A where B="""" & $K12))""),"""")","=IFERROR(__xludf.DUMMYFUNCTION(""Ifna(QUERY($A$3:$I$2000, """"select A where C="""" & $K12))""),"""")","=IFERROR(__xludf.DUMMYFUNCTION(""Ifna(QUERY($A$3:$I$2000, """"select A where D="""" & $K12))""),"""")","=IFERROR(__xludf.DUMMYFUNCTION(""Ifna(QUERY($A$3:$I$2000, """"select A where E="""" & $K12))""),4.0)","=IFERROR(__xludf.DUMMYFUNCTION(""Ifna(QUERY($A$3:$I$2000, """"select A where F="""" & $K12))""),"""")","=IFERROR(__xludf.DUMMYFUNCTION(""Ifna(QUERY($A$3:$I$2000, """"select A where G="""" & $K12))""),"""")","=IFERROR(__xludf.DUMMYFUNCTION(""Ifna(QUERY($A$3:$I$2000, """"select A where H="""" & $K12))""),"""")","=IFERROR(__xludf.DUMMYFUNCTION(""Ifna(QUERY($A$3:$I$2000, """"select A where I="""" & $K12))""),"""")",,=$A12*B12,=$A12*C12,=$A12*D12,=$A12*E12,=$A12*F12,=$A12*G12,=$A12*H12,=$A12*I12
11.0,,,,,11.0,31.0,77.0,176.0,,11.0,"=IFERROR(__xludf.DUMMYFUNCTION(""Ifna(QUERY($A$3:$I$2000, """"select A where B="""" & $K13))""),"""")","=IFERROR(__xludf.DUMMYFUNCTION(""Ifna(QUERY($A$3:$I$2000, """"select A where C="""" & $K13))""),"""")","=IFERROR(__xludf.DUMMYFUNCTION(""Ifna(QUERY($A$3:$I$2000, """"select A where D="""" & $K13))""),"""")","=IFERROR(__xludf.DUMMYFUNCTION(""Ifna(QUERY($A$3:$I$2000, """"select A where E="""" & $K13))""),"""")","=IFERROR(__xludf.DUMMYFUNCTION(""Ifna(QUERY($A$3:$I$2000, """"select A where F="""" & $K13))""),11.0)","=IFERROR(__xludf.DUMMYFUNCTION(""Ifna(QUERY($A$3:$I$2000, """"select A where G="""" & $K13))""),"""")","=IFERROR(__xludf.DUMMYFUNCTION(""Ifna(QUERY($A$3:$I$2000, """"select A where H="""" & $K13))""),"""")","=IFERROR(__xludf.DUMMYFUNCTION(""Ifna(QUERY($A$3:$I$2000, """"select A where I="""" & $K13))""),"""")",,=$A13*B13,=$A13*C13,=$A13*D13,=$A13*E13,=$A13*F13,=$A13*G13,=$A13*H13,=$A13*I13
12.0,,,,,,29.0,73.0,170.0,,12.0,"=IFERROR(__xludf.DUMMYFUNCTION(""Ifna(QUERY($A$3:$I$2000, """"select A where B="""" & $K14))""),"""")","=IFERROR(__xludf.DUMMYFUNCTION(""Ifna(QUERY($A$3:$I$2000, """"select A where C="""" & $K14))""),"""")","=IFERROR(__xludf.DUMMYFUNCTION(""Ifna(QUERY($A$3:$I$2000, """"select A where D="""" & $K14))""),"""")","=IFERROR(__xludf.DUMMYFUNCTION(""Ifna(QUERY($A$3:$I$2000, """"select A where E="""" & $K14))""),3.0)","=IFERROR(__xludf.DUMMYFUNCTION(""Ifna(QUERY($A$3:$I$2000, """"select A where F="""" & $K14))""),10.0)","=IFERROR(__xludf.DUMMYFUNCTION(""Ifna(QUERY($A$3:$I$2000, """"select A where G="""" & $K14))""),"""")","=IFERROR(__xludf.DUMMYFUNCTION(""Ifna(QUERY($A$3:$I$2000, """"select A where H="""" & $K14))""),"""")","=IFERROR(__xludf.DUMMYFUNCTION(""Ifna(QUERY($A$3:$I$2000, """"select A where I="""" & $K14))""),"""")",,=$A14*B14,=$A14*C14,=$A14*D14,=$A14*E14,=$A14*F14,=$A14*G14,=$A14*H14,=$A14*I14
13.0,,,,,,27.0,69.0,165.0,,13.0,"=IFERROR(__xludf.DUMMYFUNCTION(""Ifna(QUERY($A$3:$I$2000, """"select A where B="""" & $K15))""),"""")","=IFERROR(__xludf.DUMMYFUNCTION(""Ifna(QUERY($A$3:$I$2000, """"select A where C="""" & $K15))""),"""")","=IFERROR(__xludf.DUMMYFUNCTION(""Ifna(QUERY($A$3:$I$2000, """"select A where D="""" & $K15))""),"""")","=IFERROR(__xludf.DUMMYFUNCTION(""Ifna(QUERY($A$3:$I$2000, """"select A where E="""" & $K15))""),"""")","=IFERROR(__xludf.DUMMYFUNCTION(""Ifna(QUERY($A$3:$I$2000, """"select A where F="""" & $K15))""),"""")","=IFERROR(__xludf.DUMMYFUNCTION(""Ifna(QUERY($A$3:$I$2000, """"select A where G="""" & $K15))""),"""")","=IFERROR(__xludf.DUMMYFUNCTION(""Ifna(QUERY($A$3:$I$2000, """"select A where H="""" & $K15))""),"""")","=IFERROR(__xludf.DUMMYFUNCTION(""Ifna(QUERY($A$3:$I$2000, """"select A where I="""" & $K15))""),"""")",,=$A15*B15,=$A15*C15,=$A15*D15,=$A15*E15,=$A15*F15,=$A15*G15,=$A15*H15,=$A15*I15
14.0,,,,,,25.0,66.0,159.0,,14.0,"=IFERROR(__xludf.DUMMYFUNCTION(""Ifna(QUERY($A$3:$I$2000, """"select A where B="""" & $K16))""),"""")","=IFERROR(__xludf.DUMMYFUNCTION(""Ifna(QUERY($A$3:$I$2000, """"select A where C="""" & $K16))""),"""")","=IFERROR(__xludf.DUMMYFUNCTION(""Ifna(QUERY($A$3:$I$2000, """"select A where D="""" & $K16))""),"""")","=IFERROR(__xludf.DUMMYFUNCTION(""Ifna(QUERY($A$3:$I$2000, """"select A where E="""" & $K16))""),"""")","=IFERROR(__xludf.DUMMYFUNCTION(""Ifna(QUERY($A$3:$I$2000, """"select A where F="""" & $K16))""),9.0)","=IFERROR(__xludf.DUMMYFUNCTION(""Ifna(QUERY($A$3:$I$2000, """"select A where G="""" & $K16))""),"""")","=IFERROR(__xludf.DUMMYFUNCTION(""Ifna(QUERY($A$3:$I$2000, """"select A where H="""" & $K16))""),"""")","=IFERROR(__xludf.DUMMYFUNCTION(""Ifna(QUERY($A$3:$I$2000, """"select A where I="""" & $K16))""),"""")",,=$A16*B16,=$A16*C16,=$A16*D16,=$A16*E16,=$A16*F16,=$A16*G16,=$A16*H16,=$A16*I16
15.0,,,,,,24.0,63.0,153.0,,15.0,"=IFERROR(__xludf.DUMMYFUNCTION(""Ifna(QUERY($A$3:$I$2000, """"select A where B="""" & $K17))""),"""")","=IFERROR(__xludf.DUMMYFUNCTION(""Ifna(QUERY($A$3:$I$2000, """"select A where C="""" & $K17))""),"""")","=IFERROR(__xludf.DUMMYFUNCTION(""Ifna(QUERY($A$3:$I$2000, """"select A where D="""" & $K17))""),"""")","=IFERROR(__xludf.DUMMYFUNCTION(""Ifna(QUERY($A$3:$I$2000, """"select A where E="""" & $K17))""),2.0)","=IFERROR(__xludf.DUMMYFUNCTION(""Ifna(QUERY($A$3:$I$2000, """"select A where F="""" & $K17))""),8.0)","=IFERROR(__xludf.DUMMYFUNCTION(""Ifna(QUERY($A$3:$I$2000, """"select A where G="""" & $K17))""),"""")","=IFERROR(__xludf.DUMMYFUNCTION(""Ifna(QUERY($A$3:$I$2000, """"select A where H="""" & $K17))""),"""")","=IFERROR(__xludf.DUMMYFUNCTION(""Ifna(QUERY($A$3:$I$2000, """"select A where I="""" & $K17))""),"""")",,=$A17*B17,=$A17*C17,=$A17*D17,=$A17*E17,=$A17*F17,=$A17*G17,=$A17*H17,=$A17*I17
16.0,,,,,,22.0,60.0,148.0,,16.0,"=IFERROR(__xludf.DUMMYFUNCTION(""Ifna(QUERY($A$3:$I$2000, """"select A where B="""" & $K18))""),"""")","=IFERROR(__xludf.DUMMYFUNCTION(""Ifna(QUERY($A$3:$I$2000, """"select A where C="""" & $K18))""),"""")","=IFERROR(__xludf.DUMMYFUNCTION(""Ifna(QUERY($A$3:$I$2000, """"select A where D="""" & $K18))""),"""")","=IFERROR(__xludf.DUMMYFUNCTION(""Ifna(QUERY($A$3:$I$2000, """"select A where E="""" & $K18))""),1.0)","=IFERROR(__xludf.DUMMYFUNCTION(""Ifna(QUERY($A$3:$I$2000, """"select A where F="""" & $K18))""),"""")","=IFERROR(__xludf.DUMMYFUNCTION(""Ifna(QUERY($A$3:$I$2000, """"select A where G="""" & $K18))""),"""")","=IFERROR(__xludf.DUMMYFUNCTION(""Ifna(QUERY($A$3:$I$2000, """"select A where H="""" & $K18))""),"""")","=IFERROR(__xludf.DUMMYFUNCTION(""Ifna(QUERY($A$3:$I$2000, """"select A where I="""" & $K18))""),"""")",,=$A18*B18,=$A18*C18,=$A18*D18,=$A18*E18,=$A18*F18,=$A18*G18,=$A18*H18,=$A18*I18
17.0,,,,,,21.0,58.0,142.0,,17.0,"=IFERROR(__xludf.DUMMYFUNCTION(""Ifna(QUERY($A$3:$I$2000, """"select A where B="""" & $K19))""),"""")","=IFERROR(__xludf.DUMMYFUNCTION(""Ifna(QUERY($A$3:$I$2000, """"select A where C="""" & $K19))""),"""")","=IFERROR(__xludf.DUMMYFUNCTION(""Ifna(QUERY($A$3:$I$2000, """"select A where D="""" & $K19))""),"""")","=IFERROR(__xludf.DUMMYFUNCTION(""Ifna(QUERY($A$3:$I$2000, """"select A where E="""" & $K19))""),"""")","=IFERROR(__xludf.DUMMYFUNCTION(""Ifna(QUERY($A$3:$I$2000, """"select A where F="""" & $K19))""),7.0)","=IFERROR(__xludf.DUMMYFUNCTION(""Ifna(QUERY($A$3:$I$2000, """"select A where G="""" & $K19))""),"""")","=IFERROR(__xludf.DUMMYFUNCTION(""Ifna(QUERY($A$3:$I$2000, """"select A where H="""" & $K19))""),"""")","=IFERROR(__xludf.DUMMYFUNCTION(""Ifna(QUERY($A$3:$I$2000, """"select A where I="""" & $K19))""),"""")",,=$A19*B19,=$A19*C19,=$A19*D19,=$A19*E19,=$A19*F19,=$A19*G19,=$A19*H19,=$A19*I19
18.0,,,,,,20.0,55.0,139.0,,18.0,"=IFERROR(__xludf.DUMMYFUNCTION(""Ifna(QUERY($A$3:$I$2000, """"select A where B="""" & $K20))""),"""")","=IFERROR(__xludf.DUMMYFUNCTION(""Ifna(QUERY($A$3:$I$2000, """"select A where C="""" & $K20))""),"""")","=IFERROR(__xludf.DUMMYFUNCTION(""Ifna(QUERY($A$3:$I$2000, """"select A where D="""" & $K20))""),"""")","=IFERROR(__xludf.DUMMYFUNCTION(""Ifna(QUERY($A$3:$I$2000, """"select A where E="""" & $K20))""),"""")","=IFERROR(__xludf.DUMMYFUNCTION(""Ifna(QUERY($A$3:$I$2000, """"select A where F="""" & $K20))""),"""")","=IFERROR(__xludf.DUMMYFUNCTION(""Ifna(QUERY($A$3:$I$2000, """"select A where G="""" & $K20))""),"""")","=IFERROR(__xludf.DUMMYFUNCTION(""Ifna(QUERY($A$3:$I$2000, """"select A where H="""" & $K20))""),"""")","=IFERROR(__xludf.DUMMYFUNCTION(""Ifna(QUERY($A$3:$I$2000, """"select A where I="""" & $K20))""),"""")",,=$A20*B20,=$A20*C20,=$A20*D20,=$A20*E20,=$A20*F20,=$A20*G20,=$A20*H20,=$A20*I20
19.0,,,,,,19.0,53.0,135.0,,19.0,"=IFERROR(__xludf.DUMMYFUNCTION(""Ifna(QUERY($A$3:$I$2000, """"select A where B="""" & $K21))""),"""")","=IFERROR(__xludf.DUMMYFUNCTION(""Ifna(QUERY($A$3:$I$2000, """"select A where C="""" & $K21))""),"""")","=IFERROR(__xludf.DUMMYFUNCTION(""Ifna(QUERY($A$3:$I$2000, """"select A where D="""" & $K21))""),"""")","=IFERROR(__xludf.DUMMYFUNCTION(""Ifna(QUERY($A$3:$I$2000, """"select A where E="""" & $K21))""),"""")","=IFERROR(__xludf.DUMMYFUNCTION(""Ifna(QUERY($A$3:$I$2000, """"select A where F="""" & $K21))""),6.0)","=IFERROR(__xludf.DUMMYFUNCTION(""Ifna(QUERY($A$3:$I$2000, """"select A where G="""" & $K21))""),19.0)","=IFERROR(__xludf.DUMMYFUNCTION(""Ifna(QUERY($A$3:$I$2000, """"select A where H="""" & $K21))""),"""")","=IFERROR(__xludf.DUMMYFUNCTION(""Ifna(QUERY($A$3:$I$2000, """"select A where I="""" & $K21))""),"""")",,=$A21*B21,=$A21*C21,=$A21*D21,=$A21*E21,=$A21*F21,=$A21*G21,=$A21*H21,=$A21*I21
20.0,,,,,,,51.0,130.0,,20.0,"=IFERROR(__xludf.DUMMYFUNCTION(""Ifna(QUERY($A$3:$I$2000, """"select A where B="""" & $K22))""),"""")","=IFERROR(__xludf.DUMMYFUNCTION(""Ifna(QUERY($A$3:$I$2000, """"select A where C="""" & $K22))""),"""")","=IFERROR(__xludf.DUMMYFUNCTION(""Ifna(QUERY($A$3:$I$2000, """"select A where D="""" & $K22))""),"""")","=IFERROR(__xludf.DUMMYFUNCTION(""Ifna(QUERY($A$3:$I$2000, """"select A where E="""" & $K22))""),"""")","=IFERROR(__xludf.DUMMYFUNCTION(""Ifna(QUERY($A$3:$I$2000, """"select A where F="""" & $K22))""),"""")","=IFERROR(__xludf.DUMMYFUNCTION(""Ifna(QUERY($A$3:$I$2000, """"select A where G="""" & $K22))""),18.0)","=IFERROR(__xludf.DUMMYFUNCTION(""Ifna(QUERY($A$3:$I$2000, """"select A where H="""" & $K22))""),"""")","=IFERROR(__xludf.DUMMYFUNCTION(""Ifna(QUERY($A$3:$I$2000, """"select A where I="""" & $K22))""),"""")",,=$A22*B22,=$A22*C22,=$A22*D22,=$A22*E22,=$A22*F22,=$A22*G22,=$A22*H22,=$A22*I22
21.0,,,,,,,49.0,126.0,,21.0,"=IFERROR(__xludf.DUMMYFUNCTION(""Ifna(QUERY($A$3:$I$2000, """"select A where B="""" & $K23))""),"""")","=IFERROR(__xludf.DUMMYFUNCTION(""Ifna(QUERY($A$3:$I$2000, """"select A where C="""" & $K23))""),"""")","=IFERROR(__xludf.DUMMYFUNCTION(""Ifna(QUERY($A$3:$I$2000, """"select A where D="""" & $K23))""),"""")","=IFERROR(__xludf.DUMMYFUNCTION(""Ifna(QUERY($A$3:$I$2000, """"select A where E="""" & $K23))""),"""")","=IFERROR(__xludf.DUMMYFUNCTION(""Ifna(QUERY($A$3:$I$2000, """"select A where F="""" & $K23))""),"""")","=IFERROR(__xludf.DUMMYFUNCTION(""Ifna(QUERY($A$3:$I$2000, """"select A where G="""" & $K23))""),17.0)","=IFERROR(__xludf.DUMMYFUNCTION(""Ifna(QUERY($A$3:$I$2000, """"select A where H="""" & $K23))""),"""")","=IFERROR(__xludf.DUMMYFUNCTION(""Ifna(QUERY($A$3:$I$2000, """"select A where I="""" & $K23))""),"""")",,=$A23*B23,=$A23*C23,=$A23*D23,=$A23*E23,=$A23*F23,=$A23*G23,=$A23*H23,=$A23*I23
22.0,,,,,,,47.0,122.0,,22.0,"=IFERROR(__xludf.DUMMYFUNCTION(""Ifna(QUERY($A$3:$I$2000, """"select A where B="""" & $K24))""),"""")","=IFERROR(__xludf.DUMMYFUNCTION(""Ifna(QUERY($A$3:$I$2000, """"select A where C="""" & $K24))""),"""")","=IFERROR(__xludf.DUMMYFUNCTION(""Ifna(QUERY($A$3:$I$2000, """"select A where D="""" & $K24))""),"""")","=IFERROR(__xludf.DUMMYFUNCTION(""Ifna(QUERY($A$3:$I$2000, """"select A where E="""" & $K24))""),"""")","=IFERROR(__xludf.DUMMYFUNCTION(""Ifna(QUERY($A$3:$I$2000, """"select A where F="""" & $K24))""),5.0)","=IFERROR(__xludf.DUMMYFUNCTION(""Ifna(QUERY($A$3:$I$2000, """"select A where G="""" & $K24))""),16.0)","=IFERROR(__xludf.DUMMYFUNCTION(""Ifna(QUERY($A$3:$I$2000, """"select A where H="""" & $K24))""),"""")","=IFERROR(__xludf.DUMMYFUNCTION(""Ifna(QUERY($A$3:$I$2000, """"select A where I="""" & $K24))""),"""")",,=$A24*B24,=$A24*C24,=$A24*D24,=$A24*E24,=$A24*F24,=$A24*G24,=$A24*H24,=$A24*I24
23.0,,,,,,,45.0,118.0,,23.0,"=IFERROR(__xludf.DUMMYFUNCTION(""Ifna(QUERY($A$3:$I$2000, """"select A where B="""" & $K25))""),"""")","=IFERROR(__xludf.DUMMYFUNCTION(""Ifna(QUERY($A$3:$I$2000, """"select A where C="""" & $K25))""),"""")","=IFERROR(__xludf.DUMMYFUNCTION(""Ifna(QUERY($A$3:$I$2000, """"select A where D="""" & $K25))""),"""")","=IFERROR(__xludf.DUMMYFUNCTION(""Ifna(QUERY($A$3:$I$2000, """"select A where E="""" & $K25))""),"""")","=IFERROR(__xludf.DUMMYFUNCTION(""Ifna(QUERY($A$3:$I$2000, """"select A where F="""" & $K25))""),"""")","=IFERROR(__xludf.DUMMYFUNCTION(""Ifna(QUERY($A$3:$I$2000, """"select A where G="""" & $K25))""),"""")","=IFERROR(__xludf.DUMMYFUNCTION(""Ifna(QUERY($A$3:$I$2000, """"select A where H="""" & $K25))""),"""")","=IFERROR(__xludf.DUMMYFUNCTION(""Ifna(QUERY($A$3:$I$2000, """"select A where I="""" & $K25))""),"""")",,=$A25*B25,=$A25*C25,=$A25*D25,=$A25*E25,=$A25*F25,=$A25*G25,=$A25*H25,=$A25*I25
24.0,,,,,,,43.0,115.0,,24.0,"=IFERROR(__xludf.DUMMYFUNCTION(""Ifna(QUERY($A$3:$I$2000, """"select A where B="""" & $K26))""),"""")","=IFERROR(__xludf.DUMMYFUNCTION(""Ifna(QUERY($A$3:$I$2000, """"select A where C="""" & $K26))""),"""")","=IFERROR(__xludf.DUMMYFUNCTION(""Ifna(QUERY($A$3:$I$2000, """"select A where D="""" & $K26))""),"""")","=IFERROR(__xludf.DUMMYFUNCTION(""Ifna(QUERY($A$3:$I$2000, """"select A where E="""" & $K26))""),"""")","=IFERROR(__xludf.DUMMYFUNCTION(""Ifna(QUERY($A$3:$I$2000, """"select A where F="""" & $K26))""),4.0)","=IFERROR(__xludf.DUMMYFUNCTION(""Ifna(QUERY($A$3:$I$2000, """"select A where G="""" & $K26))""),15.0)","=IFERROR(__xludf.DUMMYFUNCTION(""Ifna(QUERY($A$3:$I$2000, """"select A where H="""" & $K26))""),"""")","=IFERROR(__xludf.DUMMYFUNCTION(""Ifna(QUERY($A$3:$I$2000, """"select A where I="""" & $K26))""),"""")",,=$A26*B26,=$A26*C26,=$A26*D26,=$A26*E26,=$A26*F26,=$A26*G26,=$A26*H26,=$A26*I26
25.0,,,,,,,41.0,111.0,,25.0,"=IFERROR(__xludf.DUMMYFUNCTION(""Ifna(QUERY($A$3:$I$2000, """"select A where B="""" & $K27))""),"""")","=IFERROR(__xludf.DUMMYFUNCTION(""Ifna(QUERY($A$3:$I$2000, """"select A where C="""" & $K27))""),"""")","=IFERROR(__xludf.DUMMYFUNCTION(""Ifna(QUERY($A$3:$I$2000, """"select A where D="""" & $K27))""),"""")","=IFERROR(__xludf.DUMMYFUNCTION(""Ifna(QUERY($A$3:$I$2000, """"select A where E="""" & $K27))""),"""")","=IFERROR(__xludf.DUMMYFUNCTION(""Ifna(QUERY($A$3:$I$2000, """"select A where F="""" & $K27))""),"""")","=IFERROR(__xludf.DUMMYFUNCTION(""Ifna(QUERY($A$3:$I$2000, """"select A where G="""" & $K27))""),14.0)","=IFERROR(__xludf.DUMMYFUNCTION(""Ifna(QUERY($A$3:$I$2000, """"select A where H="""" & $K27))""),"""")","=IFERROR(__xludf.DUMMYFUNCTION(""Ifna(QUERY($A$3:$I$2000, """"select A where I="""" & $K27))""),"""")",,=$A27*B27,=$A27*C27,=$A27*D27,=$A27*E27,=$A27*F27,=$A27*G27,=$A27*H27,=$A27*I27
26.0,,,,,,,40.0,108.0,,26.0,"=IFERROR(__xludf.DUMMYFUNCTION(""Ifna(QUERY($A$3:$I$2000, """"select A where B="""" & $K28))""),"""")","=IFERROR(__xludf.DUMMYFUNCTION(""Ifna(QUERY($A$3:$I$2000, """"select A where C="""" & $K28))""),"""")","=IFERROR(__xludf.DUMMYFUNCTION(""Ifna(QUERY($A$3:$I$2000, """"select A where D="""" & $K28))""),"""")","=IFERROR(__xludf.DUMMYFUNCTION(""Ifna(QUERY($A$3:$I$2000, """"select A where E="""" & $K28))""),"""")","=IFERROR(__xludf.DUMMYFUNCTION(""Ifna(QUERY($A$3:$I$2000, """"select A where F="""" & $K28))""),"""")","=IFERROR(__xludf.DUMMYFUNCTION(""Ifna(QUERY($A$3:$I$2000, """"select A where G="""" & $K28))""),"""")","=IFERROR(__xludf.DUMMYFUNCTION(""Ifna(QUERY($A$3:$I$2000, """"select A where H="""" & $K28))""),"""")","=IFERROR(__xludf.DUMMYFUNCTION(""Ifna(QUERY($A$3:$I$2000, """"select A where I="""" & $K28))""),"""")",,=$A28*B28,=$A28*C28,=$A28*D28,=$A28*E28,=$A28*F28,=$A28*G28,=$A28*H28,=$A28*I28
27.0,,,,,,,38.0,105.0,,27.0,"=IFERROR(__xludf.DUMMYFUNCTION(""Ifna(QUERY($A$3:$I$2000, """"select A where B="""" & $K29))""),"""")","=IFERROR(__xludf.DUMMYFUNCTION(""Ifna(QUERY($A$3:$I$2000, """"select A where C="""" & $K29))""),"""")","=IFERROR(__xludf.DUMMYFUNCTION(""Ifna(QUERY($A$3:$I$2000, """"select A where D="""" & $K29))""),"""")","=IFERROR(__xludf.DUMMYFUNCTION(""Ifna(QUERY($A$3:$I$2000, """"select A where E="""" & $K29))""),"""")","=IFERROR(__xludf.DUMMYFUNCTION(""Ifna(QUERY($A$3:$I$2000, """"select A where F="""" & $K29))""),3.0)","=IFERROR(__xludf.DUMMYFUNCTION(""Ifna(QUERY($A$3:$I$2000, """"select A where G="""" & $K29))""),13.0)","=IFERROR(__xludf.DUMMYFUNCTION(""Ifna(QUERY($A$3:$I$2000, """"select A where H="""" & $K29))""),"""")","=IFERROR(__xludf.DUMMYFUNCTION(""Ifna(QUERY($A$3:$I$2000, """"select A where I="""" & $K29))""),"""")",,=$A29*B29,=$A29*C29,=$A29*D29,=$A29*E29,=$A29*F29,=$A29*G29,=$A29*H29,=$A29*I29
28.0,,,,,,,37.0,102.0,,28.0,"=IFERROR(__xludf.DUMMYFUNCTION(""Ifna(QUERY($A$3:$I$2000, """"select A where B="""" & $K30))""),"""")","=IFERROR(__xludf.DUMMYFUNCTION(""Ifna(QUERY($A$3:$I$2000, """"select A where C="""" & $K30))""),"""")","=IFERROR(__xludf.DUMMYFUNCTION(""Ifna(QUERY($A$3:$I$2000, """"select A where D="""" & $K30))""),"""")","=IFERROR(__xludf.DUMMYFUNCTION(""Ifna(QUERY($A$3:$I$2000, """"select A where E="""" & $K30))""),"""")","=IFERROR(__xludf.DUMMYFUNCTION(""Ifna(QUERY($A$3:$I$2000, """"select A where F="""" & $K30))""),"""")","=IFERROR(__xludf.DUMMYFUNCTION(""Ifna(QUERY($A$3:$I$2000, """"select A where G="""" & $K30))""),"""")","=IFERROR(__xludf.DUMMYFUNCTION(""Ifna(QUERY($A$3:$I$2000, """"select A where H="""" & $K30))""),"""")","=IFERROR(__xludf.DUMMYFUNCTION(""Ifna(QUERY($A$3:$I$2000, """"select A where I="""" & $K30))""),"""")",,=$A30*B30,=$A30*C30,=$A30*D30,=$A30*E30,=$A30*F30,=$A30*G30,=$A30*H30,=$A30*I30
29.0,,,,,,,36.0,100.0,,29.0,"=IFERROR(__xludf.DUMMYFUNCTION(""Ifna(QUERY($A$3:$I$2000, """"select A where B="""" & $K31))""),"""")","=IFERROR(__xludf.DUMMYFUNCTION(""Ifna(QUERY($A$3:$I$2000, """"select A where C="""" & $K31))""),"""")","=IFERROR(__xludf.DUMMYFUNCTION(""Ifna(QUERY($A$3:$I$2000, """"select A where D="""" & $K31))""),"""")","=IFERROR(__xludf.DUMMYFUNCTION(""Ifna(QUERY($A$3:$I$2000, """"select A where E="""" & $K31))""),"""")","=IFERROR(__xludf.DUMMYFUNCTION(""Ifna(QUERY($A$3:$I$2000, """"select A where F="""" & $K31))""),"""")","=IFERROR(__xludf.DUMMYFUNCTION(""Ifna(QUERY($A$3:$I$2000, """"select A where G="""" & $K31))""),12.0)","=IFERROR(__xludf.DUMMYFUNCTION(""Ifna(QUERY($A$3:$I$2000, """"select A where H="""" & $K31))""),"""")","=IFERROR(__xludf.DUMMYFUNCTION(""Ifna(QUERY($A$3:$I$2000, """"select A where I="""" & $K31))""),"""")",,=$A31*B31,=$A31*C31,=$A31*D31,=$A31*E31,=$A31*F31,=$A31*G31,=$A31*H31,=$A31*I31
30.0,,,,,,,35.0,97.0,,30.0,"=IFERROR(__xludf.DUMMYFUNCTION(""Ifna(QUERY($A$3:$I$2000, """"select A where B="""" & $K32))""),"""")","=IFERROR(__xludf.DUMMYFUNCTION(""Ifna(QUERY($A$3:$I$2000, """"select A where C="""" & $K32))""),"""")","=IFERROR(__xludf.DUMMYFUNCTION(""Ifna(QUERY($A$3:$I$2000, """"select A where D="""" & $K32))""),"""")","=IFERROR(__xludf.DUMMYFUNCTION(""Ifna(QUERY($A$3:$I$2000, """"select A where E="""" & $K32))""),"""")","=IFERROR(__xludf.DUMMYFUNCTION(""Ifna(QUERY($A$3:$I$2000, """"select A where F="""" & $K32))""),"""")","=IFERROR(__xludf.DUMMYFUNCTION(""Ifna(QUERY($A$3:$I$2000, """"select A where G="""" & $K32))""),"""")","=IFERROR(__xludf.DUMMYFUNCTION(""Ifna(QUERY($A$3:$I$2000, """"select A where H="""" & $K32))""),"""")","=IFERROR(__xludf.DUMMYFUNCTION(""Ifna(QUERY($A$3:$I$2000, """"select A where I="""" & $K32))""),"""")",,=$A32*B32,=$A32*C32,=$A32*D32,=$A32*E32,=$A32*F32,=$A32*G32,=$A32*H32,=$A32*I32
31.0,,,,,,,34.0,94.0,,31.0,"=IFERROR(__xludf.DUMMYFUNCTION(""Ifna(QUERY($A$3:$I$2000, """"select A where B="""" & $K33))""),"""")","=IFERROR(__xludf.DUMMYFUNCTION(""Ifna(QUERY($A$3:$I$2000, """"select A where C="""" & $K33))""),"""")","=IFERROR(__xludf.DUMMYFUNCTION(""Ifna(QUERY($A$3:$I$2000, """"select A where D="""" & $K33))""),"""")","=IFERROR(__xludf.DUMMYFUNCTION(""Ifna(QUERY($A$3:$I$2000, """"select A where E="""" & $K33))""),"""")","=IFERROR(__xludf.DUMMYFUNCTION(""Ifna(QUERY($A$3:$I$2000, """"select A where F="""" & $K33))""),2.0)","=IFERROR(__xludf.DUMMYFUNCTION(""Ifna(QUERY($A$3:$I$2000, """"select A where G="""" & $K33))""),11.0)","=IFERROR(__xludf.DUMMYFUNCTION(""Ifna(QUERY($A$3:$I$2000, """"select A where H="""" & $K33))""),"""")","=IFERROR(__xludf.DUMMYFUNCTION(""Ifna(QUERY($A$3:$I$2000, """"select A where I="""" & $K33))""),"""")",,=$A33*B33,=$A33*C33,=$A33*D33,=$A33*E33,=$A33*F33,=$A33*G33,=$A33*H33,=$A33*I33
32.0,,,,,,,33.0,92.0,,32.0,"=IFERROR(__xludf.DUMMYFUNCTION(""Ifna(QUERY($A$3:$I$2000, """"select A where B="""" & $K34))""),"""")","=IFERROR(__xludf.DUMMYFUNCTION(""Ifna(QUERY($A$3:$I$2000, """"select A where C="""" & $K34))""),"""")","=IFERROR(__xludf.DUMMYFUNCTION(""Ifna(QUERY($A$3:$I$2000, """"select A where D="""" & $K34))""),"""")","=IFERROR(__xludf.DUMMYFUNCTION(""Ifna(QUERY($A$3:$I$2000, """"select A where E="""" & $K34))""),"""")","=IFERROR(__xludf.DUMMYFUNCTION(""Ifna(QUERY($A$3:$I$2000, """"select A where F="""" & $K34))""),1.0)","=IFERROR(__xludf.DUMMYFUNCTION(""Ifna(QUERY($A$3:$I$2000, """"select A where G="""" & $K34))""),"""")","=IFERROR(__xludf.DUMMYFUNCTION(""Ifna(QUERY($A$3:$I$2000, """"select A where H="""" & $K34))""),"""")","=IFERROR(__xludf.DUMMYFUNCTION(""Ifna(QUERY($A$3:$I$2000, """"select A where I="""" & $K34))""),"""")",,=$A34*B34,=$A34*C34,=$A34*D34,=$A34*E34,=$A34*F34,=$A34*G34,=$A34*H34,=$A34*I34
33.0,,,,,,,,89.0,,33.0,"=IFERROR(__xludf.DUMMYFUNCTION(""Ifna(QUERY($A$3:$I$2000, """"select A where B="""" & $K35))""),"""")","=IFERROR(__xludf.DUMMYFUNCTION(""Ifna(QUERY($A$3:$I$2000, """"select A where C="""" & $K35))""),"""")","=IFERROR(__xludf.DUMMYFUNCTION(""Ifna(QUERY($A$3:$I$2000, """"select A where D="""" & $K35))""),"""")","=IFERROR(__xludf.DUMMYFUNCTION(""Ifna(QUERY($A$3:$I$2000, """"select A where E="""" & $K35))""),"""")","=IFERROR(__xludf.DUMMYFUNCTION(""Ifna(QUERY($A$3:$I$2000, """"select A where F="""" & $K35))""),"""")","=IFERROR(__xludf.DUMMYFUNCTION(""Ifna(QUERY($A$3:$I$2000, """"select A where G="""" & $K35))""),10.0)","=IFERROR(__xludf.DUMMYFUNCTION(""Ifna(QUERY($A$3:$I$2000, """"select A where H="""" & $K35))""),32.0)","=IFERROR(__xludf.DUMMYFUNCTION(""Ifna(QUERY($A$3:$I$2000, """"select A where I="""" & $K35))""),"""")",,=$A35*B35,=$A35*C35,=$A35*D35,=$A35*E35,=$A35*F35,=$A35*G35,=$A35*H35,=$A35*I35
34.0,,,,,,,,87.0,,34.0,"=IFERROR(__xludf.DUMMYFUNCTION(""Ifna(QUERY($A$3:$I$2000, """"select A where B="""" & $K36))""),"""")","=IFERROR(__xludf.DUMMYFUNCTION(""Ifna(QUERY($A$3:$I$2000, """"select A where C="""" & $K36))""),"""")","=IFERROR(__xludf.DUMMYFUNCTION(""Ifna(QUERY($A$3:$I$2000, """"select A where D="""" & $K36))""),"""")","=IFERROR(__xludf.DUMMYFUNCTION(""Ifna(QUERY($A$3:$I$2000, """"select A where E="""" & $K36))""),"""")","=IFERROR(__xludf.DUMMYFUNCTION(""Ifna(QUERY($A$3:$I$2000, """"select A where F="""" & $K36))""),"""")","=IFERROR(__xludf.DUMMYFUNCTION(""Ifna(QUERY($A$3:$I$2000, """"select A where G="""" & $K36))""),"""")","=IFERROR(__xludf.DUMMYFUNCTION(""Ifna(QUERY($A$3:$I$2000, """"select A where H="""" & $K36))""),31.0)","=IFERROR(__xludf.DUMMYFUNCTION(""Ifna(QUERY($A$3:$I$2000, """"select A where I="""" & $K36))""),"""")",,=$A36*B36,=$A36*C36,=$A36*D36,=$A36*E36,=$A36*F36,=$A36*G36,=$A36*H36,=$A36*I36
35.0,,,,,,,,85.0,,35.0,"=IFERROR(__xludf.DUMMYFUNCTION(""Ifna(QUERY($A$3:$I$2000, """"select A where B="""" & $K37))""),"""")","=IFERROR(__xludf.DUMMYFUNCTION(""Ifna(QUERY($A$3:$I$2000, """"select A where C="""" & $K37))""),"""")","=IFERROR(__xludf.DUMMYFUNCTION(""Ifna(QUERY($A$3:$I$2000, """"select A where D="""" & $K37))""),"""")","=IFERROR(__xludf.DUMMYFUNCTION(""Ifna(QUERY($A$3:$I$2000, """"select A where E="""" & $K37))""),"""")","=IFERROR(__xludf.DUMMYFUNCTION(""Ifna(QUERY($A$3:$I$2000, """"select A where F="""" & $K37))""),"""")","=IFERROR(__xludf.DUMMYFUNCTION(""Ifna(QUERY($A$3:$I$2000, """"select A where G="""" & $K37))""),"""")","=IFERROR(__xludf.DUMMYFUNCTION(""Ifna(QUERY($A$3:$I$2000, """"select A where H="""" & $K37))""),30.0)","=IFERROR(__xludf.DUMMYFUNCTION(""Ifna(QUERY($A$3:$I$2000, """"select A where I="""" & $K37))""),"""")",,=$A37*B37,=$A37*C37,=$A37*D37,=$A37*E37,=$A37*F37,=$A37*G37,=$A37*H37,=$A37*I37
36.0,,,,,,,,83.0,,36.0,"=IFERROR(__xludf.DUMMYFUNCTION(""Ifna(QUERY($A$3:$I$2000, """"select A where B="""" & $K38))""),"""")","=IFERROR(__xludf.DUMMYFUNCTION(""Ifna(QUERY($A$3:$I$2000, """"select A where C="""" & $K38))""),"""")","=IFERROR(__xludf.DUMMYFUNCTION(""Ifna(QUERY($A$3:$I$2000, """"select A where D="""" & $K38))""),"""")","=IFERROR(__xludf.DUMMYFUNCTION(""Ifna(QUERY($A$3:$I$2000, """"select A where E="""" & $K38))""),"""")","=IFERROR(__xludf.DUMMYFUNCTION(""Ifna(QUERY($A$3:$I$2000, """"select A where F="""" & $K38))""),"""")","=IFERROR(__xludf.DUMMYFUNCTION(""Ifna(QUERY($A$3:$I$2000, """"select A where G="""" & $K38))""),9.0)","=IFERROR(__xludf.DUMMYFUNCTION(""Ifna(QUERY($A$3:$I$2000, """"select A where H="""" & $K38))""),29.0)","=IFERROR(__xludf.DUMMYFUNCTION(""Ifna(QUERY($A$3:$I$2000, """"select A where I="""" & $K38))""),"""")",,=$A38*B38,=$A38*C38,=$A38*D38,=$A38*E38,=$A38*F38,=$A38*G38,=$A38*H38,=$A38*I38
37.0,,,,,,,,81.0,,37.0,"=IFERROR(__xludf.DUMMYFUNCTION(""Ifna(QUERY($A$3:$I$2000, """"select A where B="""" & $K39))""),"""")","=IFERROR(__xludf.DUMMYFUNCTION(""Ifna(QUERY($A$3:$I$2000, """"select A where C="""" & $K39))""),"""")","=IFERROR(__xludf.DUMMYFUNCTION(""Ifna(QUERY($A$3:$I$2000, """"select A where D="""" & $K39))""),"""")","=IFERROR(__xludf.DUMMYFUNCTION(""Ifna(QUERY($A$3:$I$2000, """"select A where E="""" & $K39))""),"""")","=IFERROR(__xludf.DUMMYFUNCTION(""Ifna(QUERY($A$3:$I$2000, """"select A where F="""" & $K39))""),"""")","=IFERROR(__xludf.DUMMYFUNCTION(""Ifna(QUERY($A$3:$I$2000, """"select A where G="""" & $K39))""),"""")","=IFERROR(__xludf.DUMMYFUNCTION(""Ifna(QUERY($A$3:$I$2000, """"select A where H="""" & $K39))""),28.0)","=IFERROR(__xludf.DUMMYFUNCTION(""Ifna(QUERY($A$3:$I$2000, """"select A where I="""" & $K39))""),"""")",,=$A39*B39,=$A39*C39,=$A39*D39,=$A39*E39,=$A39*F39,=$A39*G39,=$A39*H39,=$A39*I39
38.0,,,,,,,,79.0,,38.0,"=IFERROR(__xludf.DUMMYFUNCTION(""Ifna(QUERY($A$3:$I$2000, """"select A where B="""" & $K40))""),"""")","=IFERROR(__xludf.DUMMYFUNCTION(""Ifna(QUERY($A$3:$I$2000, """"select A where C="""" & $K40))""),"""")","=IFERROR(__xludf.DUMMYFUNCTION(""Ifna(QUERY($A$3:$I$2000, """"select A where D="""" & $K40))""),"""")","=IFERROR(__xludf.DUMMYFUNCTION(""Ifna(QUERY($A$3:$I$2000, """"select A where E="""" & $K40))""),"""")","=IFERROR(__xludf.DUMMYFUNCTION(""Ifna(QUERY($A$3:$I$2000, """"select A where F="""" & $K40))""),"""")","=IFERROR(__xludf.DUMMYFUNCTION(""Ifna(QUERY($A$3:$I$2000, """"select A where G="""" & $K40))""),8.0)","=IFERROR(__xludf.DUMMYFUNCTION(""Ifna(QUERY($A$3:$I$2000, """"select A where H="""" & $K40))""),27.0)","=IFERROR(__xludf.DUMMYFUNCTION(""Ifna(QUERY($A$3:$I$2000, """"select A where I="""" & $K40))""),"""")",,=$A40*B40,=$A40*C40,=$A40*D40,=$A40*E40,=$A40*F40,=$A40*G40,=$A40*H40,=$A40*I40
39.0,,,,,,,,77.0,,39.0,"=IFERROR(__xludf.DUMMYFUNCTION(""Ifna(QUERY($A$3:$I$2000, """"select A where B="""" & $K41))""),"""")","=IFERROR(__xludf.DUMMYFUNCTION(""Ifna(QUERY($A$3:$I$2000, """"select A where C="""" & $K41))""),"""")","=IFERROR(__xludf.DUMMYFUNCTION(""Ifna(QUERY($A$3:$I$2000, """"select A where D="""" & $K41))""),"""")","=IFERROR(__xludf.DUMMYFUNCTION(""Ifna(QUERY($A$3:$I$2000, """"select A where E="""" & $K41))""),"""")","=IFERROR(__xludf.DUMMYFUNCTION(""Ifna(QUERY($A$3:$I$2000, """"select A where F="""" & $K41))""),"""")","=IFERROR(__xludf.DUMMYFUNCTION(""Ifna(QUERY($A$3:$I$2000, """"select A where G="""" & $K41))""),"""")","=IFERROR(__xludf.DUMMYFUNCTION(""Ifna(QUERY($A$3:$I$2000, """"select A where H="""" & $K41))""),"""")","=IFERROR(__xludf.DUMMYFUNCTION(""Ifna(QUERY($A$3:$I$2000, """"select A where I="""" & $K41))""),"""")",,=$A41*B41,=$A41*C41,=$A41*D41,=$A41*E41,=$A41*F41,=$A41*G41,=$A41*H41,=$A41*I41
40.0,,,,,,,,76.0,,40.0,"=IFERROR(__xludf.DUMMYFUNCTION(""Ifna(QUERY($A$3:$I$2000, """"select A where B="""" & $K42))""),"""")","=IFERROR(__xludf.DUMMYFUNCTION(""Ifna(QUERY($A$3:$I$2000, """"select A where C="""" & $K42))""),"""")","=IFERROR(__xludf.DUMMYFUNCTION(""Ifna(QUERY($A$3:$I$2000, """"select A where D="""" & $K42))""),"""")","=IFERROR(__xludf.DUMMYFUNCTION(""Ifna(QUERY($A$3:$I$2000, """"select A where E="""" & $K42))""),"""")","=IFERROR(__xludf.DUMMYFUNCTION(""Ifna(QUERY($A$3:$I$2000, """"select A where F="""" & $K42))""),"""")","=IFERROR(__xludf.DUMMYFUNCTION(""Ifna(QUERY($A$3:$I$2000, """"select A where G="""" & $K42))""),"""")","=IFERROR(__xludf.DUMMYFUNCTION(""Ifna(QUERY($A$3:$I$2000, """"select A where H="""" & $K42))""),26.0)","=IFERROR(__xludf.DUMMYFUNCTION(""Ifna(QUERY($A$3:$I$2000, """"select A where I="""" & $K42))""),"""")",,=$A42*B42,=$A42*C42,=$A42*D42,=$A42*E42,=$A42*F42,=$A42*G42,=$A42*H42,=$A42*I42
41.0,,,,,,,,74.0,,41.0,"=IFERROR(__xludf.DUMMYFUNCTION(""Ifna(QUERY($A$3:$I$2000, """"select A where B="""" & $K43))""),"""")","=IFERROR(__xludf.DUMMYFUNCTION(""Ifna(QUERY($A$3:$I$2000, """"select A where C="""" & $K43))""),"""")","=IFERROR(__xludf.DUMMYFUNCTION(""Ifna(QUERY($A$3:$I$2000, """"select A where D="""" & $K43))""),"""")","=IFERROR(__xludf.DUMMYFUNCTION(""Ifna(QUERY($A$3:$I$2000, """"select A where E="""" & $K43))""),"""")","=IFERROR(__xludf.DUMMYFUNCTION(""Ifna(QUERY($A$3:$I$2000, """"select A where F="""" & $K43))""),"""")","=IFERROR(__xludf.DUMMYFUNCTION(""Ifna(QUERY($A$3:$I$2000, """"select A where G="""" & $K43))""),"""")","=IFERROR(__xludf.DUMMYFUNCTION(""Ifna(QUERY($A$3:$I$2000, """"select A where H="""" & $K43))""),25.0)","=IFERROR(__xludf.DUMMYFUNCTION(""Ifna(QUERY($A$3:$I$2000, """"select A where I="""" & $K43))""),"""")",,=$A43*B43,=$A43*C43,=$A43*D43,=$A43*E43,=$A43*F43,=$A43*G43,=$A43*H43,=$A43*I43
42.0,,,,,,,,72.0,,42.0,"=IFERROR(__xludf.DUMMYFUNCTION(""Ifna(QUERY($A$3:$I$2000, """"select A where B="""" & $K44))""),"""")","=IFERROR(__xludf.DUMMYFUNCTION(""Ifna(QUERY($A$3:$I$2000, """"select A where C="""" & $K44))""),"""")","=IFERROR(__xludf.DUMMYFUNCTION(""Ifna(QUERY($A$3:$I$2000, """"select A where D="""" & $K44))""),"""")","=IFERROR(__xludf.DUMMYFUNCTION(""Ifna(QUERY($A$3:$I$2000, """"select A where E="""" & $K44))""),"""")","=IFERROR(__xludf.DUMMYFUNCTION(""Ifna(QUERY($A$3:$I$2000, """"select A where F="""" & $K44))""),"""")","=IFERROR(__xludf.DUMMYFUNCTION(""Ifna(QUERY($A$3:$I$2000, """"select A where G="""" & $K44))""),7.0)","=IFERROR(__xludf.DUMMYFUNCTION(""Ifna(QUERY($A$3:$I$2000, """"select A where H="""" & $K44))""),"""")","=IFERROR(__xludf.DUMMYFUNCTION(""Ifna(QUERY($A$3:$I$2000, """"select A where I="""" & $K44))""),"""")",,=$A44*B44,=$A44*C44,=$A44*D44,=$A44*E44,=$A44*F44,=$A44*G44,=$A44*H44,=$A44*I44
43.0,,,,,,,,71.0,,43.0,"=IFERROR(__xludf.DUMMYFUNCTION(""Ifna(QUERY($A$3:$I$2000, """"select A where B="""" & $K45))""),"""")","=IFERROR(__xludf.DUMMYFUNCTION(""Ifna(QUERY($A$3:$I$2000, """"select A where C="""" & $K45))""),"""")","=IFERROR(__xludf.DUMMYFUNCTION(""Ifna(QUERY($A$3:$I$2000, """"select A where D="""" & $K45))""),"""")","=IFERROR(__xludf.DUMMYFUNCTION(""Ifna(QUERY($A$3:$I$2000, """"select A where E="""" & $K45))""),"""")","=IFERROR(__xludf.DUMMYFUNCTION(""Ifna(QUERY($A$3:$I$2000, """"select A where F="""" & $K45))""),"""")","=IFERROR(__xludf.DUMMYFUNCTION(""Ifna(QUERY($A$3:$I$2000, """"select A where G="""" & $K45))""),"""")","=IFERROR(__xludf.DUMMYFUNCTION(""Ifna(QUERY($A$3:$I$2000, """"select A where H="""" & $K45))""),24.0)","=IFERROR(__xludf.DUMMYFUNCTION(""Ifna(QUERY($A$3:$I$2000, """"select A where I="""" & $K45))""),"""")",,=$A45*B45,=$A45*C45,=$A45*D45,=$A45*E45,=$A45*F45,=$A45*G45,=$A45*H45,=$A45*I45
44.0,,,,,,,,69.0,,44.0,"=IFERROR(__xludf.DUMMYFUNCTION(""Ifna(QUERY($A$3:$I$2000, """"select A where B="""" & $K46))""),"""")","=IFERROR(__xludf.DUMMYFUNCTION(""Ifna(QUERY($A$3:$I$2000, """"select A where C="""" & $K46))""),"""")","=IFERROR(__xludf.DUMMYFUNCTION(""Ifna(QUERY($A$3:$I$2000, """"select A where D="""" & $K46))""),"""")","=IFERROR(__xludf.DUMMYFUNCTION(""Ifna(QUERY($A$3:$I$2000, """"select A where E="""" & $K46))""),"""")","=IFERROR(__xludf.DUMMYFUNCTION(""Ifna(QUERY($A$3:$I$2000, """"select A where F="""" & $K46))""),"""")","=IFERROR(__xludf.DUMMYFUNCTION(""Ifna(QUERY($A$3:$I$2000, """"select A where G="""" & $K46))""),"""")","=IFERROR(__xludf.DUMMYFUNCTION(""Ifna(QUERY($A$3:$I$2000, """"select A where H="""" & $K46))""),"""")","=IFERROR(__xludf.DUMMYFUNCTION(""Ifna(QUERY($A$3:$I$2000, """"select A where I="""" & $K46))""),"""")",,=$A46*B46,=$A46*C46,=$A46*D46,=$A46*E46,=$A46*F46,=$A46*G46,=$A46*H46,=$A46*I46
45.0,,,,,,,,68.0,,45.0,"=IFERROR(__xludf.DUMMYFUNCTION(""Ifna(QUERY($A$3:$I$2000, """"select A where B="""" & $K47))""),"""")","=IFERROR(__xludf.DUMMYFUNCTION(""Ifna(QUERY($A$3:$I$2000, """"select A where C="""" & $K47))""),"""")","=IFERROR(__xludf.DUMMYFUNCTION(""Ifna(QUERY($A$3:$I$2000, """"select A where D="""" & $K47))""),"""")","=IFERROR(__xludf.DUMMYFUNCTION(""Ifna(QUERY($A$3:$I$2000, """"select A where E="""" & $K47))""),"""")","=IFERROR(__xludf.DUMMYFUNCTION(""Ifna(QUERY($A$3:$I$2000, """"select A where F="""" & $K47))""),"""")","=IFERROR(__xludf.DUMMYFUNCTION(""Ifna(QUERY($A$3:$I$2000, """"select A where G="""" & $K47))""),"""")","=IFERROR(__xludf.DUMMYFUNCTION(""Ifna(QUERY($A$3:$I$2000, """"select A where H="""" & $K47))""),23.0)","=IFERROR(__xludf.DUMMYFUNCTION(""Ifna(QUERY($A$3:$I$2000, """"select A where I="""" & $K47))""),"""")",,=$A47*B47,=$A47*C47,=$A47*D47,=$A47*E47,=$A47*F47,=$A47*G47,=$A47*H47,=$A47*I47
46.0,,,,,,,,66.0,,46.0,"=IFERROR(__xludf.DUMMYFUNCTION(""Ifna(QUERY($A$3:$I$2000, """"select A where B="""" & $K48))""),"""")","=IFERROR(__xludf.DUMMYFUNCTION(""Ifna(QUERY($A$3:$I$2000, """"select A where C="""" & $K48))""),"""")","=IFERROR(__xludf.DUMMYFUNCTION(""Ifna(QUERY($A$3:$I$2000, """"select A where D="""" & $K48))""),"""")","=IFERROR(__xludf.DUMMYFUNCTION(""Ifna(QUERY($A$3:$I$2000, """"select A where E="""" & $K48))""),"""")","=IFERROR(__xludf.DUMMYFUNCTION(""Ifna(QUERY($A$3:$I$2000, """"select A where F="""" & $K48))""),"""")","=IFERROR(__xludf.DUMMYFUNCTION(""Ifna(QUERY($A$3:$I$2000, """"select A where G="""" & $K48))""),6.0)","=IFERROR(__xludf.DUMMYFUNCTION(""Ifna(QUERY($A$3:$I$2000, """"select A where H="""" & $K48))""),"""")","=IFERROR(__xludf.DUMMYFUNCTION(""Ifna(QUERY($A$3:$I$2000, """"select A where I="""" & $K48))""),"""")",,=$A48*B48,=$A48*C48,=$A48*D48,=$A48*E48,=$A48*F48,=$A48*G48,=$A48*H48,=$A48*I48
47.0,,,,,,,,65.0,,47.0,"=IFERROR(__xludf.DUMMYFUNCTION(""Ifna(QUERY($A$3:$I$2000, """"select A where B="""" & $K49))""),"""")","=IFERROR(__xludf.DUMMYFUNCTION(""Ifna(QUERY($A$3:$I$2000, """"select A where C="""" & $K49))""),"""")","=IFERROR(__xludf.DUMMYFUNCTION(""Ifna(QUERY($A$3:$I$2000, """"select A where D="""" & $K49))""),"""")","=IFERROR(__xludf.DUMMYFUNCTION(""Ifna(QUERY($A$3:$I$2000, """"select A where E="""" & $K49))""),"""")","=IFERROR(__xludf.DUMMYFUNCTION(""Ifna(QUERY($A$3:$I$2000, """"select A where F="""" & $K49))""),"""")","=IFERROR(__xludf.DUMMYFUNCTION(""Ifna(QUERY($A$3:$I$2000, """"select A where G="""" & $K49))""),"""")","=IFERROR(__xludf.DUMMYFUNCTION(""Ifna(QUERY($A$3:$I$2000, """"select A where H="""" & $K49))""),22.0)","=IFERROR(__xludf.DUMMYFUNCTION(""Ifna(QUERY($A$3:$I$2000, """"select A where I="""" & $K49))""),"""")",,=$A49*B49,=$A49*C49,=$A49*D49,=$A49*E49,=$A49*F49,=$A49*G49,=$A49*H49,=$A49*I49
48.0,,,,,,,,64.0,,48.0,"=IFERROR(__xludf.DUMMYFUNCTION(""Ifna(QUERY($A$3:$I$2000, """"select A where B="""" & $K50))""),"""")","=IFERROR(__xludf.DUMMYFUNCTION(""Ifna(QUERY($A$3:$I$2000, """"select A where C="""" & $K50))""),"""")","=IFERROR(__xludf.DUMMYFUNCTION(""Ifna(QUERY($A$3:$I$2000, """"select A where D="""" & $K50))""),"""")","=IFERROR(__xludf.DUMMYFUNCTION(""Ifna(QUERY($A$3:$I$2000, """"select A where E="""" & $K50))""),"""")","=IFERROR(__xludf.DUMMYFUNCTION(""Ifna(QUERY($A$3:$I$2000, """"select A where F="""" & $K50))""),"""")","=IFERROR(__xludf.DUMMYFUNCTION(""Ifna(QUERY($A$3:$I$2000, """"select A where G="""" & $K50))""),"""")","=IFERROR(__xludf.DUMMYFUNCTION(""Ifna(QUERY($A$3:$I$2000, """"select A where H="""" & $K50))""),"""")","=IFERROR(__xludf.DUMMYFUNCTION(""Ifna(QUERY($A$3:$I$2000, """"select A where I="""" & $K50))""),"""")",,=$A50*B50,=$A50*C50,=$A50*D50,=$A50*E50,=$A50*F50,=$A50*G50,=$A50*H50,=$A50*I50
49.0,,,,,,,,62.0,,49.0,"=IFERROR(__xludf.DUMMYFUNCTION(""Ifna(QUERY($A$3:$I$2000, """"select A where B="""" & $K51))""),"""")","=IFERROR(__xludf.DUMMYFUNCTION(""Ifna(QUERY($A$3:$I$2000, """"select A where C="""" & $K51))""),"""")","=IFERROR(__xludf.DUMMYFUNCTION(""Ifna(QUERY($A$3:$I$2000, """"select A where D="""" & $K51))""),"""")","=IFERROR(__xludf.DUMMYFUNCTION(""Ifna(QUERY($A$3:$I$2000, """"select A where E="""" & $K51))""),"""")","=IFERROR(__xludf.DUMMYFUNCTION(""Ifna(QUERY($A$3:$I$2000, """"select A where F="""" & $K51))""),"""")","=IFERROR(__xludf.DUMMYFUNCTION(""Ifna(QUERY($A$3:$I$2000, """"select A where G="""" & $K51))""),"""")","=IFERROR(__xludf.DUMMYFUNCTION(""Ifna(QUERY($A$3:$I$2000, """"select A where H="""" & $K51))""),21.0)","=IFERROR(__xludf.DUMMYFUNCTION(""Ifna(QUERY($A$3:$I$2000, """"select A where I="""" & $K51))""),"""")",,=$A51*B51,=$A51*C51,=$A51*D51,=$A51*E51,=$A51*F51,=$A51*G51,=$A51*H51,=$A51*I51
50.0,,,,,,,,61.0,,50.0,"=IFERROR(__xludf.DUMMYFUNCTION(""Ifna(QUERY($A$3:$I$2000, """"select A where B="""" & $K52))""),"""")","=IFERROR(__xludf.DUMMYFUNCTION(""Ifna(QUERY($A$3:$I$2000, """"select A where C="""" & $K52))""),"""")","=IFERROR(__xludf.DUMMYFUNCTION(""Ifna(QUERY($A$3:$I$2000, """"select A where D="""" & $K52))""),"""")","=IFERROR(__xludf.DUMMYFUNCTION(""Ifna(QUERY($A$3:$I$2000, """"select A where E="""" & $K52))""),"""")","=IFERROR(__xludf.DUMMYFUNCTION(""Ifna(QUERY($A$3:$I$2000, """"select A where F="""" & $K52))""),"""")","=IFERROR(__xludf.DUMMYFUNCTION(""Ifna(QUERY($A$3:$I$2000, """"select A where G="""" & $K52))""),5.0)","=IFERROR(__xludf.DUMMYFUNCTION(""Ifna(QUERY($A$3:$I$2000, """"select A where H="""" & $K52))""),"""")","=IFERROR(__xludf.DUMMYFUNCTION(""Ifna(QUERY($A$3:$I$2000, """"select A where I="""" & $K52))""),"""")",,=$A52*B52,=$A52*C52,=$A52*D52,=$A52*E52,=$A52*F52,=$A52*G52,=$A52*H52,=$A52*I52
51.0,,,,,,,,60.0,,51.0,"=IFERROR(__xludf.DUMMYFUNCTION(""Ifna(QUERY($A$3:$I$2000, """"select A where B="""" & $K53))""),"""")","=IFERROR(__xludf.DUMMYFUNCTION(""Ifna(QUERY($A$3:$I$2000, """"select A where C="""" & $K53))""),"""")","=IFERROR(__xludf.DUMMYFUNCTION(""Ifna(QUERY($A$3:$I$2000, """"select A where D="""" & $K53))""),"""")","=IFERROR(__xludf.DUMMYFUNCTION(""Ifna(QUERY($A$3:$I$2000, """"select A where E="""" & $K53))""),"""")","=IFERROR(__xludf.DUMMYFUNCTION(""Ifna(QUERY($A$3:$I$2000, """"select A where F="""" & $K53))""),"""")","=IFERROR(__xludf.DUMMYFUNCTION(""Ifna(QUERY($A$3:$I$2000, """"select A where G="""" & $K53))""),"""")","=IFERROR(__xludf.DUMMYFUNCTION(""Ifna(QUERY($A$3:$I$2000, """"select A where H="""" & $K53))""),20.0)","=IFERROR(__xludf.DUMMYFUNCTION(""Ifna(QUERY($A$3:$I$2000, """"select A where I="""" & $K53))""),"""")",,=$A53*B53,=$A53*C53,=$A53*D53,=$A53*E53,=$A53*F53,=$A53*G53,=$A53*H53,=$A53*I53
52.0,,,,,,,,59.0,,52.0,"=IFERROR(__xludf.DUMMYFUNCTION(""Ifna(QUERY($A$3:$I$2000, """"select A where B="""" & $K54))""),"""")","=IFERROR(__xludf.DUMMYFUNCTION(""Ifna(QUERY($A$3:$I$2000, """"select A where C="""" & $K54))""),"""")","=IFERROR(__xludf.DUMMYFUNCTION(""Ifna(QUERY($A$3:$I$2000, """"select A where D="""" & $K54))""),"""")","=IFERROR(__xludf.DUMMYFUNCTION(""Ifna(QUERY($A$3:$I$2000, """"select A where E="""" & $K54))""),"""")","=IFERROR(__xludf.DUMMYFUNCTION(""Ifna(QUERY($A$3:$I$2000, """"select A where F="""" & $K54))""),"""")","=IFERROR(__xludf.DUMMYFUNCTION(""Ifna(QUERY($A$3:$I$2000, """"select A where G="""" & $K54))""),"""")","=IFERROR(__xludf.DUMMYFUNCTION(""Ifna(QUERY($A$3:$I$2000, """"select A where H="""" & $K54))""),"""")","=IFERROR(__xludf.DUMMYFUNCTION(""Ifna(QUERY($A$3:$I$2000, """"select A where I="""" & $K54))""),"""")",,=$A54*B54,=$A54*C54,=$A54*D54,=$A54*E54,=$A54*F54,=$A54*G54,=$A54*H54,=$A54*I54
53.0,,,,,,,,58.0,,53.0,"=IFERROR(__xludf.DUMMYFUNCTION(""Ifna(QUERY($A$3:$I$2000, """"select A where B="""" & $K55))""),"""")","=IFERROR(__xludf.DUMMYFUNCTION(""Ifna(QUERY($A$3:$I$2000, """"select A where C="""" & $K55))""),"""")","=IFERROR(__xludf.DUMMYFUNCTION(""Ifna(QUERY($A$3:$I$2000, """"select A where D="""" & $K55))""),"""")","=IFERROR(__xludf.DUMMYFUNCTION(""Ifna(QUERY($A$3:$I$2000, """"select A where E="""" & $K55))""),"""")","=IFERROR(__xludf.DUMMYFUNCTION(""Ifna(QUERY($A$3:$I$2000, """"select A where F="""" & $K55))""),"""")","=IFERROR(__xludf.DUMMYFUNCTION(""Ifna(QUERY($A$3:$I$2000, """"select A where G="""" & $K55))""),"""")","=IFERROR(__xludf.DUMMYFUNCTION(""Ifna(QUERY($A$3:$I$2000, """"select A where H="""" & $K55))""),19.0)","=IFERROR(__xludf.DUMMYFUNCTION(""Ifna(QUERY($A$3:$I$2000, """"select A where I="""" & $K55))""),"""")",,=$A55*B55,=$A55*C55,=$A55*D55,=$A55*E55,=$A55*F55,=$A55*G55,=$A55*H55,=$A55*I55
54.0,,,,,,,,57.0,,54.0,"=IFERROR(__xludf.DUMMYFUNCTION(""Ifna(QUERY($A$3:$I$2000, """"select A where B="""" & $K56))""),"""")","=IFERROR(__xludf.DUMMYFUNCTION(""Ifna(QUERY($A$3:$I$2000, """"select A where C="""" & $K56))""),"""")","=IFERROR(__xludf.DUMMYFUNCTION(""Ifna(QUERY($A$3:$I$2000, """"select A where D="""" & $K56))""),"""")","=IFERROR(__xludf.DUMMYFUNCTION(""Ifna(QUERY($A$3:$I$2000, """"select A where E="""" & $K56))""),"""")","=IFERROR(__xludf.DUMMYFUNCTION(""Ifna(QUERY($A$3:$I$2000, """"select A where F="""" & $K56))""),"""")","=IFERROR(__xludf.DUMMYFUNCTION(""Ifna(QUERY($A$3:$I$2000, """"select A where G="""" & $K56))""),4.0)","=IFERROR(__xludf.DUMMYFUNCTION(""Ifna(QUERY($A$3:$I$2000, """"select A where H="""" & $K56))""),"""")","=IFERROR(__xludf.DUMMYFUNCTION(""Ifna(QUERY($A$3:$I$2000, """"select A where I="""" & $K56))""),"""")",,=$A56*B56,=$A56*C56,=$A56*D56,=$A56*E56,=$A56*F56,=$A56*G56,=$A56*H56,=$A56*I56
55.0,,,,,,,,56.0,,55.0,"=IFERROR(__xludf.DUMMYFUNCTION(""Ifna(QUERY($A$3:$I$2000, """"select A where B="""" & $K57))""),"""")","=IFERROR(__xludf.DUMMYFUNCTION(""Ifna(QUERY($A$3:$I$2000, """"select A where C="""" & $K57))""),"""")","=IFERROR(__xludf.DUMMYFUNCTION(""Ifna(QUERY($A$3:$I$2000, """"select A where D="""" & $K57))""),"""")","=IFERROR(__xludf.DUMMYFUNCTION(""Ifna(QUERY($A$3:$I$2000, """"select A where E="""" & $K57))""),"""")","=IFERROR(__xludf.DUMMYFUNCTION(""Ifna(QUERY($A$3:$I$2000, """"select A where F="""" & $K57))""),"""")","=IFERROR(__xludf.DUMMYFUNCTION(""Ifna(QUERY($A$3:$I$2000, """"select A where G="""" & $K57))""),"""")","=IFERROR(__xludf.DUMMYFUNCTION(""Ifna(QUERY($A$3:$I$2000, """"select A where H="""" & $K57))""),18.0)","=IFERROR(__xludf.DUMMYFUNCTION(""Ifna(QUERY($A$3:$I$2000, """"select A where I="""" & $K57))""),"""")",,=$A57*B57,=$A57*C57,=$A57*D57,=$A57*E57,=$A57*F57,=$A57*G57,=$A57*H57,=$A57*I57
56.0,,,,,,,,,,56.0,"=IFERROR(__xludf.DUMMYFUNCTION(""Ifna(QUERY($A$3:$I$2000, """"select A where B="""" & $K58))""),"""")","=IFERROR(__xludf.DUMMYFUNCTION(""Ifna(QUERY($A$3:$I$2000, """"select A where C="""" & $K58))""),"""")","=IFERROR(__xludf.DUMMYFUNCTION(""Ifna(QUERY($A$3:$I$2000, """"select A where D="""" & $K58))""),"""")","=IFERROR(__xludf.DUMMYFUNCTION(""Ifna(QUERY($A$3:$I$2000, """"select A where E="""" & $K58))""),"""")","=IFERROR(__xludf.DUMMYFUNCTION(""Ifna(QUERY($A$3:$I$2000, """"select A where F="""" & $K58))""),"""")","=IFERROR(__xludf.DUMMYFUNCTION(""Ifna(QUERY($A$3:$I$2000, """"select A where G="""" & $K58))""),"""")","=IFERROR(__xludf.DUMMYFUNCTION(""Ifna(QUERY($A$3:$I$2000, """"select A where H="""" & $K58))""),"""")","=IFERROR(__xludf.DUMMYFUNCTION(""Ifna(QUERY($A$3:$I$2000, """"select A where I="""" & $K58))""),55.0)",,,,,,,,,
,,,,,,,,,,57.0,"=IFERROR(__xludf.DUMMYFUNCTION(""Ifna(QUERY($A$3:$I$2000, """"select A where B="""" & $K59))""),"""")","=IFERROR(__xludf.DUMMYFUNCTION(""Ifna(QUERY($A$3:$I$2000, """"select A where C="""" & $K59))""),"""")","=IFERROR(__xludf.DUMMYFUNCTION(""Ifna(QUERY($A$3:$I$2000, """"select A where D="""" & $K59))""),"""")","=IFERROR(__xludf.DUMMYFUNCTION(""Ifna(QUERY($A$3:$I$2000, """"select A where E="""" & $K59))""),"""")","=IFERROR(__xludf.DUMMYFUNCTION(""Ifna(QUERY($A$3:$I$2000, """"select A where F="""" & $K59))""),"""")","=IFERROR(__xludf.DUMMYFUNCTION(""Ifna(QUERY($A$3:$I$2000, """"select A where G="""" & $K59))""),"""")","=IFERROR(__xludf.DUMMYFUNCTION(""Ifna(QUERY($A$3:$I$2000, """"select A where H="""" & $K59))""),"""")","=IFERROR(__xludf.DUMMYFUNCTION(""Ifna(QUERY($A$3:$I$2000, """"select A where I="""" & $K59))""),54.0)",,,,,,,,,
,,,,,,,,,,58.0,"=IFERROR(__xludf.DUMMYFUNCTION(""Ifna(QUERY($A$3:$I$2000, """"select A where B="""" & $K60))""),"""")","=IFERROR(__xludf.DUMMYFUNCTION(""Ifna(QUERY($A$3:$I$2000, """"select A where C="""" & $K60))""),"""")","=IFERROR(__xludf.DUMMYFUNCTION(""Ifna(QUERY($A$3:$I$2000, """"select A where D="""" & $K60))""),"""")","=IFERROR(__xludf.DUMMYFUNCTION(""Ifna(QUERY($A$3:$I$2000, """"select A where E="""" & $K60))""),"""")","=IFERROR(__xludf.DUMMYFUNCTION(""Ifna(QUERY($A$3:$I$2000, """"select A where F="""" & $K60))""),"""")","=IFERROR(__xludf.DUMMYFUNCTION(""Ifna(QUERY($A$3:$I$2000, """"select A where G="""" & $K60))""),3.0)","=IFERROR(__xludf.DUMMYFUNCTION(""Ifna(QUERY($A$3:$I$2000, """"select A where H="""" & $K60))""),17.0)","=IFERROR(__xludf.DUMMYFUNCTION(""Ifna(QUERY($A$3:$I$2000, """"select A where I="""" & $K60))""),53.0)",,,,,,,,,
,,,,,,,,,,59.0,"=IFERROR(__xludf.DUMMYFUNCTION(""Ifna(QUERY($A$3:$I$2000, """"select A where B="""" & $K61))""),"""")","=IFERROR(__xludf.DUMMYFUNCTION(""Ifna(QUERY($A$3:$I$2000, """"select A where C="""" & $K61))""),"""")","=IFERROR(__xludf.DUMMYFUNCTION(""Ifna(QUERY($A$3:$I$2000, """"select A where D="""" & $K61))""),"""")","=IFERROR(__xludf.DUMMYFUNCTION(""Ifna(QUERY($A$3:$I$2000, """"select A where E="""" & $K61))""),"""")","=IFERROR(__xludf.DUMMYFUNCTION(""Ifna(QUERY($A$3:$I$2000, """"select A where F="""" & $K61))""),"""")","=IFERROR(__xludf.DUMMYFUNCTION(""Ifna(QUERY($A$3:$I$2000, """"select A where G="""" & $K61))""),"""")","=IFERROR(__xludf.DUMMYFUNCTION(""Ifna(QUERY($A$3:$I$2000, """"select A where H="""" & $K61))""),"""")","=IFERROR(__xludf.DUMMYFUNCTION(""Ifna(QUERY($A$3:$I$2000, """"select A where I="""" & $K61))""),52.0)",,,,,,,,,
,,,,,,,,,,60.0,"=IFERROR(__xludf.DUMMYFUNCTION(""Ifna(QUERY($A$3:$I$2000, """"select A where B="""" & $K62))""),"""")","=IFERROR(__xludf.DUMMYFUNCTION(""Ifna(QUERY($A$3:$I$2000, """"select A where C="""" & $K62))""),"""")","=IFERROR(__xludf.DUMMYFUNCTION(""Ifna(QUERY($A$3:$I$2000, """"select A where D="""" & $K62))""),"""")","=IFERROR(__xludf.DUMMYFUNCTION(""Ifna(QUERY($A$3:$I$2000, """"select A where E="""" & $K62))""),"""")","=IFERROR(__xludf.DUMMYFUNCTION(""Ifna(QUERY($A$3:$I$2000, """"select A where F="""" & $K62))""),"""")","=IFERROR(__xludf.DUMMYFUNCTION(""Ifna(QUERY($A$3:$I$2000, """"select A where G="""" & $K62))""),"""")","=IFERROR(__xludf.DUMMYFUNCTION(""Ifna(QUERY($A$3:$I$2000, """"select A where H="""" & $K62))""),16.0)","=IFERROR(__xludf.DUMMYFUNCTION(""Ifna(QUERY($A$3:$I$2000, """"select A where I="""" & $K62))""),51.0)",,,,,,,,,
,,,,,,,,,,61.0,"=IFERROR(__xludf.DUMMYFUNCTION(""Ifna(QUERY($A$3:$I$2000, """"select A where B="""" & $K63))""),"""")","=IFERROR(__xludf.DUMMYFUNCTION(""Ifna(QUERY($A$3:$I$2000, """"select A where C="""" & $K63))""),"""")","=IFERROR(__xludf.DUMMYFUNCTION(""Ifna(QUERY($A$3:$I$2000, """"select A where D="""" & $K63))""),"""")","=IFERROR(__xludf.DUMMYFUNCTION(""Ifna(QUERY($A$3:$I$2000, """"select A where E="""" & $K63))""),"""")","=IFERROR(__xludf.DUMMYFUNCTION(""Ifna(QUERY($A$3:$I$2000, """"select A where F="""" & $K63))""),"""")","=IFERROR(__xludf.DUMMYFUNCTION(""Ifna(QUERY($A$3:$I$2000, """"select A where G="""" & $K63))""),"""")","=IFERROR(__xludf.DUMMYFUNCTION(""Ifna(QUERY($A$3:$I$2000, """"select A where H="""" & $K63))""),"""")","=IFERROR(__xludf.DUMMYFUNCTION(""Ifna(QUERY($A$3:$I$2000, """"select A where I="""" & $K63))""),50.0)",,,,,,,,,
,,,,,,,,,,62.0,"=IFERROR(__xludf.DUMMYFUNCTION(""Ifna(QUERY($A$3:$I$2000, """"select A where B="""" & $K64))""),"""")","=IFERROR(__xludf.DUMMYFUNCTION(""Ifna(QUERY($A$3:$I$2000, """"select A where C="""" & $K64))""),"""")","=IFERROR(__xludf.DUMMYFUNCTION(""Ifna(QUERY($A$3:$I$2000, """"select A where D="""" & $K64))""),"""")","=IFERROR(__xludf.DUMMYFUNCTION(""Ifna(QUERY($A$3:$I$2000, """"select A where E="""" & $K64))""),"""")","=IFERROR(__xludf.DUMMYFUNCTION(""Ifna(QUERY($A$3:$I$2000, """"select A where F="""" & $K64))""),"""")","=IFERROR(__xludf.DUMMYFUNCTION(""Ifna(QUERY($A$3:$I$2000, """"select A where G="""" & $K64))""),"""")","=IFERROR(__xludf.DUMMYFUNCTION(""Ifna(QUERY($A$3:$I$2000, """"select A where H="""" & $K64))""),"""")","=IFERROR(__xludf.DUMMYFUNCTION(""Ifna(QUERY($A$3:$I$2000, """"select A where I="""" & $K64))""),49.0)",,,,,,,,,
,,,,,,,,,,63.0,"=IFERROR(__xludf.DUMMYFUNCTION(""Ifna(QUERY($A$3:$I$2000, """"select A where B="""" & $K65))""),"""")","=IFERROR(__xludf.DUMMYFUNCTION(""Ifna(QUERY($A$3:$I$2000, """"select A where C="""" & $K65))""),"""")","=IFERROR(__xludf.DUMMYFUNCTION(""Ifna(QUERY($A$3:$I$2000, """"select A where D="""" & $K65))""),"""")","=IFERROR(__xludf.DUMMYFUNCTION(""Ifna(QUERY($A$3:$I$2000, """"select A where E="""" & $K65))""),"""")","=IFERROR(__xludf.DUMMYFUNCTION(""Ifna(QUERY($A$3:$I$2000, """"select A where F="""" & $K65))""),"""")","=IFERROR(__xludf.DUMMYFUNCTION(""Ifna(QUERY($A$3:$I$2000, """"select A where G="""" & $K65))""),2.0)","=IFERROR(__xludf.DUMMYFUNCTION(""Ifna(QUERY($A$3:$I$2000, """"select A where H="""" & $K65))""),15.0)","=IFERROR(__xludf.DUMMYFUNCTION(""Ifna(QUERY($A$3:$I$2000, """"select A where I="""" & $K65))""),"""")",,,,,,,,,
,,,,,,,,,,64.0,"=IFERROR(__xludf.DUMMYFUNCTION(""Ifna(QUERY($A$3:$I$2000, """"select A where B="""" & $K66))""),"""")","=IFERROR(__xludf.DUMMYFUNCTION(""Ifna(QUERY($A$3:$I$2000, """"select A where C="""" & $K66))""),"""")","=IFERROR(__xludf.DUMMYFUNCTION(""Ifna(QUERY($A$3:$I$2000, """"select A where D="""" & $K66))""),"""")","=IFERROR(__xludf.DUMMYFUNCTION(""Ifna(QUERY($A$3:$I$2000, """"select A where E="""" & $K66))""),"""")","=IFERROR(__xludf.DUMMYFUNCTION(""Ifna(QUERY($A$3:$I$2000, """"select A where F="""" & $K66))""),"""")","=IFERROR(__xludf.DUMMYFUNCTION(""Ifna(QUERY($A$3:$I$2000, """"select A where G="""" & $K66))""),1.0)","=IFERROR(__xludf.DUMMYFUNCTION(""Ifna(QUERY($A$3:$I$2000, """"select A where H="""" & $K66))""),"""")","=IFERROR(__xludf.DUMMYFUNCTION(""Ifna(QUERY($A$3:$I$2000, """"select A where I="""" & $K66))""),48.0)",,,,,,,,,
,,,,,,,,,,65.0,"=IFERROR(__xludf.DUMMYFUNCTION(""Ifna(QUERY($A$3:$I$2000, """"select A where B="""" & $K67))""),"""")","=IFERROR(__xludf.DUMMYFUNCTION(""Ifna(QUERY($A$3:$I$2000, """"select A where C="""" & $K67))""),"""")","=IFERROR(__xludf.DUMMYFUNCTION(""Ifna(QUERY($A$3:$I$2000, """"select A where D="""" & $K67))""),"""")","=IFERROR(__xludf.DUMMYFUNCTION(""Ifna(QUERY($A$3:$I$2000, """"select A where E="""" & $K67))""),"""")","=IFERROR(__xludf.DUMMYFUNCTION(""Ifna(QUERY($A$3:$I$2000, """"select A where F="""" & $K67))""),"""")","=IFERROR(__xludf.DUMMYFUNCTION(""Ifna(QUERY($A$3:$I$2000, """"select A where G="""" & $K67))""),"""")","=IFERROR(__xludf.DUMMYFUNCTION(""Ifna(QUERY($A$3:$I$2000, """"select A where H="""" & $K67))""),"""")","=IFERROR(__xludf.DUMMYFUNCTION(""Ifna(QUERY($A$3:$I$2000, """"select A where I="""" & $K67))""),47.0)",,,,,,,,,
,,,,,,,,,,66.0,"=IFERROR(__xludf.DUMMYFUNCTION(""Ifna(QUERY($A$3:$I$2000, """"select A where B="""" & $K68))""),"""")","=IFERROR(__xludf.DUMMYFUNCTION(""Ifna(QUERY($A$3:$I$2000, """"select A where C="""" & $K68))""),"""")","=IFERROR(__xludf.DUMMYFUNCTION(""Ifna(QUERY($A$3:$I$2000, """"select A where D="""" & $K68))""),"""")","=IFERROR(__xludf.DUMMYFUNCTION(""Ifna(QUERY($A$3:$I$2000, """"select A where E="""" & $K68))""),"""")","=IFERROR(__xludf.DUMMYFUNCTION(""Ifna(QUERY($A$3:$I$2000, """"select A where F="""" & $K68))""),"""")","=IFERROR(__xludf.DUMMYFUNCTION(""Ifna(QUERY($A$3:$I$2000, """"select A where G="""" & $K68))""),"""")","=IFERROR(__xludf.DUMMYFUNCTION(""Ifna(QUERY($A$3:$I$2000, """"select A where H="""" & $K68))""),14.0)","=IFERROR(__xludf.DUMMYFUNCTION(""Ifna(QUERY($A$3:$I$2000, """"select A where I="""" & $K68))""),46.0)",,,,,,,,,
,,,,,,,,,,67.0,"=IFERROR(__xludf.DUMMYFUNCTION(""Ifna(QUERY($A$3:$I$2000, """"select A where B="""" & $K69))""),"""")","=IFERROR(__xludf.DUMMYFUNCTION(""Ifna(QUERY($A$3:$I$2000, """"select A where C="""" & $K69))""),"""")","=IFERROR(__xludf.DUMMYFUNCTION(""Ifna(QUERY($A$3:$I$2000, """"select A where D="""" & $K69))""),"""")","=IFERROR(__xludf.DUMMYFUNCTION(""Ifna(QUERY($A$3:$I$2000, """"select A where E="""" & $K69))""),"""")","=IFERROR(__xludf.DUMMYFUNCTION(""Ifna(QUERY($A$3:$I$2000, """"select A where F="""" & $K69))""),"""")","=IFERROR(__xludf.DUMMYFUNCTION(""Ifna(QUERY($A$3:$I$2000, """"select A where G="""" & $K69))""),"""")","=IFERROR(__xludf.DUMMYFUNCTION(""Ifna(QUERY($A$3:$I$2000, """"select A where H="""" & $K69))""),"""")","=IFERROR(__xludf.DUMMYFUNCTION(""Ifna(QUERY($A$3:$I$2000, """"select A where I="""" & $K69))""),"""")",,,,,,,,,
,,,,,,,,,,68.0,"=IFERROR(__xludf.DUMMYFUNCTION(""Ifna(QUERY($A$3:$I$2000, """"select A where B="""" & $K70))""),"""")","=IFERROR(__xludf.DUMMYFUNCTION(""Ifna(QUERY($A$3:$I$2000, """"select A where C="""" & $K70))""),"""")","=IFERROR(__xludf.DUMMYFUNCTION(""Ifna(QUERY($A$3:$I$2000, """"select A where D="""" & $K70))""),"""")","=IFERROR(__xludf.DUMMYFUNCTION(""Ifna(QUERY($A$3:$I$2000, """"select A where E="""" & $K70))""),"""")","=IFERROR(__xludf.DUMMYFUNCTION(""Ifna(QUERY($A$3:$I$2000, """"select A where F="""" & $K70))""),"""")","=IFERROR(__xludf.DUMMYFUNCTION(""Ifna(QUERY($A$3:$I$2000, """"select A where G="""" & $K70))""),"""")","=IFERROR(__xludf.DUMMYFUNCTION(""Ifna(QUERY($A$3:$I$2000, """"select A where H="""" & $K70))""),"""")","=IFERROR(__xludf.DUMMYFUNCTION(""Ifna(QUERY($A$3:$I$2000, """"select A where I="""" & $K70))""),45.0)",,,,,,,,,
,,,,,,,,,,69.0,"=IFERROR(__xludf.DUMMYFUNCTION(""Ifna(QUERY($A$3:$I$2000, """"select A where B="""" & $K71))""),"""")","=IFERROR(__xludf.DUMMYFUNCTION(""Ifna(QUERY($A$3:$I$2000, """"select A where C="""" & $K71))""),"""")","=IFERROR(__xludf.DUMMYFUNCTION(""Ifna(QUERY($A$3:$I$2000, """"select A where D="""" & $K71))""),"""")","=IFERROR(__xludf.DUMMYFUNCTION(""Ifna(QUERY($A$3:$I$2000, """"select A where E="""" & $K71))""),"""")","=IFERROR(__xludf.DUMMYFUNCTION(""Ifna(QUERY($A$3:$I$2000, """"select A where F="""" & $K71))""),"""")","=IFERROR(__xludf.DUMMYFUNCTION(""Ifna(QUERY($A$3:$I$2000, """"select A where G="""" & $K71))""),"""")","=IFERROR(__xludf.DUMMYFUNCTION(""Ifna(QUERY($A$3:$I$2000, """"select A where H="""" & $K71))""),13.0)","=IFERROR(__xludf.DUMMYFUNCTION(""Ifna(QUERY($A$3:$I$2000, """"select A where I="""" & $K71))""),44.0)",,,,,,,,,
,,,,,,,,,,70.0,"=IFERROR(__xludf.DUMMYFUNCTION(""Ifna(QUERY($A$3:$I$2000, """"select A where B="""" & $K72))""),"""")","=IFERROR(__xludf.DUMMYFUNCTION(""Ifna(QUERY($A$3:$I$2000, """"select A where C="""" & $K72))""),"""")","=IFERROR(__xludf.DUMMYFUNCTION(""Ifna(QUERY($A$3:$I$2000, """"select A where D="""" & $K72))""),"""")","=IFERROR(__xludf.DUMMYFUNCTION(""Ifna(QUERY($A$3:$I$2000, """"select A where E="""" & $K72))""),"""")","=IFERROR(__xludf.DUMMYFUNCTION(""Ifna(QUERY($A$3:$I$2000, """"select A where F="""" & $K72))""),"""")","=IFERROR(__xludf.DUMMYFUNCTION(""Ifna(QUERY($A$3:$I$2000, """"select A where G="""" & $K72))""),"""")","=IFERROR(__xludf.DUMMYFUNCTION(""Ifna(QUERY($A$3:$I$2000, """"select A where H="""" & $K72))""),"""")","=IFERROR(__xludf.DUMMYFUNCTION(""Ifna(QUERY($A$3:$I$2000, """"select A where I="""" & $K72))""),"""")",,,,,,,,,
,,,,,,,,,,71.0,"=IFERROR(__xludf.DUMMYFUNCTION(""Ifna(QUERY($A$3:$I$2000, """"select A where B="""" & $K73))""),"""")","=IFERROR(__xludf.DUMMYFUNCTION(""Ifna(QUERY($A$3:$I$2000, """"select A where C="""" & $K73))""),"""")","=IFERROR(__xludf.DUMMYFUNCTION(""Ifna(QUERY($A$3:$I$2000, """"select A where D="""" & $K73))""),"""")","=IFERROR(__xludf.DUMMYFUNCTION(""Ifna(QUERY($A$3:$I$2000, """"select A where E="""" & $K73))""),"""")","=IFERROR(__xludf.DUMMYFUNCTION(""Ifna(QUERY($A$3:$I$2000, """"select A where F="""" & $K73))""),"""")","=IFERROR(__xludf.DUMMYFUNCTION(""Ifna(QUERY($A$3:$I$2000, """"select A where G="""" & $K73))""),"""")","=IFERROR(__xludf.DUMMYFUNCTION(""Ifna(QUERY($A$3:$I$2000, """"select A where H="""" & $K73))""),"""")","=IFERROR(__xludf.DUMMYFUNCTION(""Ifna(QUERY($A$3:$I$2000, """"select A where I="""" & $K73))""),43.0)",,,,,,,,,
,,,,,,,,,,72.0,"=IFERROR(__xludf.DUMMYFUNCTION(""Ifna(QUERY($A$3:$I$2000, """"select A where B="""" & $K74))""),"""")","=IFERROR(__xludf.DUMMYFUNCTION(""Ifna(QUERY($A$3:$I$2000, """"select A where C="""" & $K74))""),"""")","=IFERROR(__xludf.DUMMYFUNCTION(""Ifna(QUERY($A$3:$I$2000, """"select A where D="""" & $K74))""),"""")","=IFERROR(__xludf.DUMMYFUNCTION(""Ifna(QUERY($A$3:$I$2000, """"select A where E="""" & $K74))""),"""")","=IFERROR(__xludf.DUMMYFUNCTION(""Ifna(QUERY($A$3:$I$2000, """"select A where F="""" & $K74))""),"""")","=IFERROR(__xludf.DUMMYFUNCTION(""Ifna(QUERY($A$3:$I$2000, """"select A where G="""" & $K74))""),"""")","=IFERROR(__xludf.DUMMYFUNCTION(""Ifna(QUERY($A$3:$I$2000, """"select A where H="""" & $K74))""),"""")","=IFERROR(__xludf.DUMMYFUNCTION(""Ifna(QUERY($A$3:$I$2000, """"select A where I="""" & $K74))""),42.0)",,,,,,,,,
,,,,,,,,,,73.0,"=IFERROR(__xludf.DUMMYFUNCTION(""Ifna(QUERY($A$3:$I$2000, """"select A where B="""" & $K75))""),"""")","=IFERROR(__xludf.DUMMYFUNCTION(""Ifna(QUERY($A$3:$I$2000, """"select A where C="""" & $K75))""),"""")","=IFERROR(__xludf.DUMMYFUNCTION(""Ifna(QUERY($A$3:$I$2000, """"select A where D="""" & $K75))""),"""")","=IFERROR(__xludf.DUMMYFUNCTION(""Ifna(QUERY($A$3:$I$2000, """"select A where E="""" & $K75))""),"""")","=IFERROR(__xludf.DUMMYFUNCTION(""Ifna(QUERY($A$3:$I$2000, """"select A where F="""" & $K75))""),"""")","=IFERROR(__xludf.DUMMYFUNCTION(""Ifna(QUERY($A$3:$I$2000, """"select A where G="""" & $K75))""),"""")","=IFERROR(__xludf.DUMMYFUNCTION(""Ifna(QUERY($A$3:$I$2000, """"select A where H="""" & $K75))""),12.0)","=IFERROR(__xludf.DUMMYFUNCTION(""Ifna(QUERY($A$3:$I$2000, """"select A where I="""" & $K75))""),"""")",,,,,,,,,
,,,,,,,,,,74.0,"=IFERROR(__xludf.DUMMYFUNCTION(""Ifna(QUERY($A$3:$I$2000, """"select A where B="""" & $K76))""),"""")","=IFERROR(__xludf.DUMMYFUNCTION(""Ifna(QUERY($A$3:$I$2000, """"select A where C="""" & $K76))""),"""")","=IFERROR(__xludf.DUMMYFUNCTION(""Ifna(QUERY($A$3:$I$2000, """"select A where D="""" & $K76))""),"""")","=IFERROR(__xludf.DUMMYFUNCTION(""Ifna(QUERY($A$3:$I$2000, """"select A where E="""" & $K76))""),"""")","=IFERROR(__xludf.DUMMYFUNCTION(""Ifna(QUERY($A$3:$I$2000, """"select A where F="""" & $K76))""),"""")","=IFERROR(__xludf.DUMMYFUNCTION(""Ifna(QUERY($A$3:$I$2000, """"select A where G="""" & $K76))""),"""")","=IFERROR(__xludf.DUMMYFUNCTION(""Ifna(QUERY($A$3:$I$2000, """"select A where H="""" & $K76))""),"""")","=IFERROR(__xludf.DUMMYFUNCTION(""Ifna(QUERY($A$3:$I$2000, """"select A where I="""" & $K76))""),41.0)",,,,,,,,,
,,,,,,,,,,75.0,"=IFERROR(__xludf.DUMMYFUNCTION(""Ifna(QUERY($A$3:$I$2000, """"select A where B="""" & $K77))""),"""")","=IFERROR(__xludf.DUMMYFUNCTION(""Ifna(QUERY($A$3:$I$2000, """"select A where C="""" & $K77))""),"""")","=IFERROR(__xludf.DUMMYFUNCTION(""Ifna(QUERY($A$3:$I$2000, """"select A where D="""" & $K77))""),"""")","=IFERROR(__xludf.DUMMYFUNCTION(""Ifna(QUERY($A$3:$I$2000, """"select A where E="""" & $K77))""),"""")","=IFERROR(__xludf.DUMMYFUNCTION(""Ifna(QUERY($A$3:$I$2000, """"select A where F="""" & $K77))""),"""")","=IFERROR(__xludf.DUMMYFUNCTION(""Ifna(QUERY($A$3:$I$2000, """"select A where G="""" & $K77))""),"""")","=IFERROR(__xludf.DUMMYFUNCTION(""Ifna(QUERY($A$3:$I$2000, """"select A where H="""" & $K77))""),"""")","=IFERROR(__xludf.DUMMYFUNCTION(""Ifna(QUERY($A$3:$I$2000, """"select A where I="""" & $K77))""),"""")",,,,,,,,,
,,,,,,,,,,76.0,"=IFERROR(__xludf.DUMMYFUNCTION(""Ifna(QUERY($A$3:$I$2000, """"select A where B="""" & $K78))""),"""")","=IFERROR(__xludf.DUMMYFUNCTION(""Ifna(QUERY($A$3:$I$2000, """"select A where C="""" & $K78))""),"""")","=IFERROR(__xludf.DUMMYFUNCTION(""Ifna(QUERY($A$3:$I$2000, """"select A where D="""" & $K78))""),"""")","=IFERROR(__xludf.DUMMYFUNCTION(""Ifna(QUERY($A$3:$I$2000, """"select A where E="""" & $K78))""),"""")","=IFERROR(__xludf.DUMMYFUNCTION(""Ifna(QUERY($A$3:$I$2000, """"select A where F="""" & $K78))""),"""")","=IFERROR(__xludf.DUMMYFUNCTION(""Ifna(QUERY($A$3:$I$2000, """"select A where G="""" & $K78))""),"""")","=IFERROR(__xludf.DUMMYFUNCTION(""Ifna(QUERY($A$3:$I$2000, """"select A where H="""" & $K78))""),"""")","=IFERROR(__xludf.DUMMYFUNCTION(""Ifna(QUERY($A$3:$I$2000, """"select A where I="""" & $K78))""),40.0)",,,,,,,,,
,,,,,,,,,,77.0,"=IFERROR(__xludf.DUMMYFUNCTION(""Ifna(QUERY($A$3:$I$2000, """"select A where B="""" & $K79))""),"""")","=IFERROR(__xludf.DUMMYFUNCTION(""Ifna(QUERY($A$3:$I$2000, """"select A where C="""" & $K79))""),"""")","=IFERROR(__xludf.DUMMYFUNCTION(""Ifna(QUERY($A$3:$I$2000, """"select A where D="""" & $K79))""),"""")","=IFERROR(__xludf.DUMMYFUNCTION(""Ifna(QUERY($A$3:$I$2000, """"select A where E="""" & $K79))""),"""")","=IFERROR(__xludf.DUMMYFUNCTION(""Ifna(QUERY($A$3:$I$2000, """"select A where F="""" & $K79))""),"""")","=IFERROR(__xludf.DUMMYFUNCTION(""Ifna(QUERY($A$3:$I$2000, """"select A where G="""" & $K79))""),"""")","=IFERROR(__xludf.DUMMYFUNCTION(""Ifna(QUERY($A$3:$I$2000, """"select A where H="""" & $K79))""),11.0)","=IFERROR(__xludf.DUMMYFUNCTION(""Ifna(QUERY($A$3:$I$2000, """"select A where I="""" & $K79))""),39.0)",,,,,,,,,
,,,,,,,,,,78.0,"=IFERROR(__xludf.DUMMYFUNCTION(""Ifna(QUERY($A$3:$I$2000, """"select A where B="""" & $K80))""),"""")","=IFERROR(__xludf.DUMMYFUNCTION(""Ifna(QUERY($A$3:$I$2000, """"select A where C="""" & $K80))""),"""")","=IFERROR(__xludf.DUMMYFUNCTION(""Ifna(QUERY($A$3:$I$2000, """"select A where D="""" & $K80))""),"""")","=IFERROR(__xludf.DUMMYFUNCTION(""Ifna(QUERY($A$3:$I$2000, """"select A where E="""" & $K80))""),"""")","=IFERROR(__xludf.DUMMYFUNCTION(""Ifna(QUERY($A$3:$I$2000, """"select A where F="""" & $K80))""),"""")","=IFERROR(__xludf.DUMMYFUNCTION(""Ifna(QUERY($A$3:$I$2000, """"select A where G="""" & $K80))""),"""")","=IFERROR(__xludf.DUMMYFUNCTION(""Ifna(QUERY($A$3:$I$2000, """"select A where H="""" & $K80))""),"""")","=IFERROR(__xludf.DUMMYFUNCTION(""Ifna(QUERY($A$3:$I$2000, """"select A where I="""" & $K80))""),"""")",,,,,,,,,
,,,,,,,,,,79.0,"=IFERROR(__xludf.DUMMYFUNCTION(""Ifna(QUERY($A$3:$I$2000, """"select A where B="""" & $K81))""),"""")","=IFERROR(__xludf.DUMMYFUNCTION(""Ifna(QUERY($A$3:$I$2000, """"select A where C="""" & $K81))""),"""")","=IFERROR(__xludf.DUMMYFUNCTION(""Ifna(QUERY($A$3:$I$2000, """"select A where D="""" & $K81))""),"""")","=IFERROR(__xludf.DUMMYFUNCTION(""Ifna(QUERY($A$3:$I$2000, """"select A where E="""" & $K81))""),"""")","=IFERROR(__xludf.DUMMYFUNCTION(""Ifna(QUERY($A$3:$I$2000, """"select A where F="""" & $K81))""),"""")","=IFERROR(__xludf.DUMMYFUNCTION(""Ifna(QUERY($A$3:$I$2000, """"select A where G="""" & $K81))""),"""")","=IFERROR(__xludf.DUMMYFUNCTION(""Ifna(QUERY($A$3:$I$2000, """"select A where H="""" & $K81))""),"""")","=IFERROR(__xludf.DUMMYFUNCTION(""Ifna(QUERY($A$3:$I$2000, """"select A where I="""" & $K81))""),38.0)",,,,,,,,,
,,,,,,,,,,80.0,"=IFERROR(__xludf.DUMMYFUNCTION(""Ifna(QUERY($A$3:$I$2000, """"select A where B="""" & $K82))""),"""")","=IFERROR(__xludf.DUMMYFUNCTION(""Ifna(QUERY($A$3:$I$2000, """"select A where C="""" & $K82))""),"""")","=IFERROR(__xludf.DUMMYFUNCTION(""Ifna(QUERY($A$3:$I$2000, """"select A where D="""" & $K82))""),"""")","=IFERROR(__xludf.DUMMYFUNCTION(""Ifna(QUERY($A$3:$I$2000, """"select A where E="""" & $K82))""),"""")","=IFERROR(__xludf.DUMMYFUNCTION(""Ifna(QUERY($A$3:$I$2000, """"select A where F="""" & $K82))""),"""")","=IFERROR(__xludf.DUMMYFUNCTION(""Ifna(QUERY($A$3:$I$2000, """"select A where G="""" & $K82))""),"""")","=IFERROR(__xludf.DUMMYFUNCTION(""Ifna(QUERY($A$3:$I$2000, """"select A where H="""" & $K82))""),"""")","=IFERROR(__xludf.DUMMYFUNCTION(""Ifna(QUERY($A$3:$I$2000, """"select A where I="""" & $K82))""),"""")",,,,,,,,,
,,,,,,,,,,81.0,"=IFERROR(__xludf.DUMMYFUNCTION(""Ifna(QUERY($A$3:$I$2000, """"select A where B="""" & $K83))""),"""")","=IFERROR(__xludf.DUMMYFUNCTION(""Ifna(QUERY($A$3:$I$2000, """"select A where C="""" & $K83))""),"""")","=IFERROR(__xludf.DUMMYFUNCTION(""Ifna(QUERY($A$3:$I$2000, """"select A where D="""" & $K83))""),"""")","=IFERROR(__xludf.DUMMYFUNCTION(""Ifna(QUERY($A$3:$I$2000, """"select A where E="""" & $K83))""),"""")","=IFERROR(__xludf.DUMMYFUNCTION(""Ifna(QUERY($A$3:$I$2000, """"select A where F="""" & $K83))""),"""")","=IFERROR(__xludf.DUMMYFUNCTION(""Ifna(QUERY($A$3:$I$2000, """"select A where G="""" & $K83))""),"""")","=IFERROR(__xludf.DUMMYFUNCTION(""Ifna(QUERY($A$3:$I$2000, """"select A where H="""" & $K83))""),"""")","=IFERROR(__xludf.DUMMYFUNCTION(""Ifna(QUERY($A$3:$I$2000, """"select A where I="""" & $K83))""),37.0)",,,,,,,,,
,,,,,,,,,,82.0,"=IFERROR(__xludf.DUMMYFUNCTION(""Ifna(QUERY($A$3:$I$2000, """"select A where B="""" & $K84))""),"""")","=IFERROR(__xludf.DUMMYFUNCTION(""Ifna(QUERY($A$3:$I$2000, """"select A where C="""" & $K84))""),"""")","=IFERROR(__xludf.DUMMYFUNCTION(""Ifna(QUERY($A$3:$I$2000, """"select A where D="""" & $K84))""),"""")","=IFERROR(__xludf.DUMMYFUNCTION(""Ifna(QUERY($A$3:$I$2000, """"select A where E="""" & $K84))""),"""")","=IFERROR(__xludf.DUMMYFUNCTION(""Ifna(QUERY($A$3:$I$2000, """"select A where F="""" & $K84))""),"""")","=IFERROR(__xludf.DUMMYFUNCTION(""Ifna(QUERY($A$3:$I$2000, """"select A where G="""" & $K84))""),"""")","=IFERROR(__xludf.DUMMYFUNCTION(""Ifna(QUERY($A$3:$I$2000, """"select A where H="""" & $K84))""),10.0)","=IFERROR(__xludf.DUMMYFUNCTION(""Ifna(QUERY($A$3:$I$2000, """"select A where I="""" & $K84))""),"""")",,,,,,,,,
,,,,,,,,,,83.0,"=IFERROR(__xludf.DUMMYFUNCTION(""Ifna(QUERY($A$3:$I$2000, """"select A where B="""" & $K85))""),"""")","=IFERROR(__xludf.DUMMYFUNCTION(""Ifna(QUERY($A$3:$I$2000, """"select A where C="""" & $K85))""),"""")","=IFERROR(__xludf.DUMMYFUNCTION(""Ifna(QUERY($A$3:$I$2000, """"select A where D="""" & $K85))""),"""")","=IFERROR(__xludf.DUMMYFUNCTION(""Ifna(QUERY($A$3:$I$2000, """"select A where E="""" & $K85))""),"""")","=IFERROR(__xludf.DUMMYFUNCTION(""Ifna(QUERY($A$3:$I$2000, """"select A where F="""" & $K85))""),"""")","=IFERROR(__xludf.DUMMYFUNCTION(""Ifna(QUERY($A$3:$I$2000, """"select A where G="""" & $K85))""),"""")","=IFERROR(__xludf.DUMMYFUNCTION(""Ifna(QUERY($A$3:$I$2000, """"select A where H="""" & $K85))""),"""")","=IFERROR(__xludf.DUMMYFUNCTION(""Ifna(QUERY($A$3:$I$2000, """"select A where I="""" & $K85))""),36.0)",,,,,,,,,
,,,,,,,,,,84.0,"=IFERROR(__xludf.DUMMYFUNCTION(""Ifna(QUERY($A$3:$I$2000, """"select A where B="""" & $K86))""),"""")","=IFERROR(__xludf.DUMMYFUNCTION(""Ifna(QUERY($A$3:$I$2000, """"select A where C="""" & $K86))""),"""")","=IFERROR(__xludf.DUMMYFUNCTION(""Ifna(QUERY($A$3:$I$2000, """"select A where D="""" & $K86))""),"""")","=IFERROR(__xludf.DUMMYFUNCTION(""Ifna(QUERY($A$3:$I$2000, """"select A where E="""" & $K86))""),"""")","=IFERROR(__xludf.DUMMYFUNCTION(""Ifna(QUERY($A$3:$I$2000, """"select A where F="""" & $K86))""),"""")","=IFERROR(__xludf.DUMMYFUNCTION(""Ifna(QUERY($A$3:$I$2000, """"select A where G="""" & $K86))""),"""")","=IFERROR(__xludf.DUMMYFUNCTION(""Ifna(QUERY($A$3:$I$2000, """"select A where H="""" & $K86))""),"""")","=IFERROR(__xludf.DUMMYFUNCTION(""Ifna(QUERY($A$3:$I$2000, """"select A where I="""" & $K86))""),"""")",,,,,,,,,
,,,,,,,,,,85.0,"=IFERROR(__xludf.DUMMYFUNCTION(""Ifna(QUERY($A$3:$I$2000, """"select A where B="""" & $K87))""),"""")","=IFERROR(__xludf.DUMMYFUNCTION(""Ifna(QUERY($A$3:$I$2000, """"select A where C="""" & $K87))""),"""")","=IFERROR(__xludf.DUMMYFUNCTION(""Ifna(QUERY($A$3:$I$2000, """"select A where D="""" & $K87))""),"""")","=IFERROR(__xludf.DUMMYFUNCTION(""Ifna(QUERY($A$3:$I$2000, """"select A where E="""" & $K87))""),"""")","=IFERROR(__xludf.DUMMYFUNCTION(""Ifna(QUERY($A$3:$I$2000, """"select A where F="""" & $K87))""),"""")","=IFERROR(__xludf.DUMMYFUNCTION(""Ifna(QUERY($A$3:$I$2000, """"select A where G="""" & $K87))""),"""")","=IFERROR(__xludf.DUMMYFUNCTION(""Ifna(QUERY($A$3:$I$2000, """"select A where H="""" & $K87))""),"""")","=IFERROR(__xludf.DUMMYFUNCTION(""Ifna(QUERY($A$3:$I$2000, """"select A where I="""" & $K87))""),35.0)",,,,,,,,,
,,,,,,,,,,86.0,"=IFERROR(__xludf.DUMMYFUNCTION(""Ifna(QUERY($A$3:$I$2000, """"select A where B="""" & $K88))""),"""")","=IFERROR(__xludf.DUMMYFUNCTION(""Ifna(QUERY($A$3:$I$2000, """"select A where C="""" & $K88))""),"""")","=IFERROR(__xludf.DUMMYFUNCTION(""Ifna(QUERY($A$3:$I$2000, """"select A where D="""" & $K88))""),"""")","=IFERROR(__xludf.DUMMYFUNCTION(""Ifna(QUERY($A$3:$I$2000, """"select A where E="""" & $K88))""),"""")","=IFERROR(__xludf.DUMMYFUNCTION(""Ifna(QUERY($A$3:$I$2000, """"select A where F="""" & $K88))""),"""")","=IFERROR(__xludf.DUMMYFUNCTION(""Ifna(QUERY($A$3:$I$2000, """"select A where G="""" & $K88))""),"""")","=IFERROR(__xludf.DUMMYFUNCTION(""Ifna(QUERY($A$3:$I$2000, """"select A where H="""" & $K88))""),"""")","=IFERROR(__xludf.DUMMYFUNCTION(""Ifna(QUERY($A$3:$I$2000, """"select A where I="""" & $K88))""),"""")",,,,,,,,,
,,,,,,,,,,87.0,"=IFERROR(__xludf.DUMMYFUNCTION(""Ifna(QUERY($A$3:$I$2000, """"select A where B="""" & $K89))""),"""")","=IFERROR(__xludf.DUMMYFUNCTION(""Ifna(QUERY($A$3:$I$2000, """"select A where C="""" & $K89))""),"""")","=IFERROR(__xludf.DUMMYFUNCTION(""Ifna(QUERY($A$3:$I$2000, """"select A where D="""" & $K89))""),"""")","=IFERROR(__xludf.DUMMYFUNCTION(""Ifna(QUERY($A$3:$I$2000, """"select A where E="""" & $K89))""),"""")","=IFERROR(__xludf.DUMMYFUNCTION(""Ifna(QUERY($A$3:$I$2000, """"select A where F="""" & $K89))""),"""")","=IFERROR(__xludf.DUMMYFUNCTION(""Ifna(QUERY($A$3:$I$2000, """"select A where G="""" & $K89))""),"""")","=IFERROR(__xludf.DUMMYFUNCTION(""Ifna(QUERY($A$3:$I$2000, """"select A where H="""" & $K89))""),9.0)","=IFERROR(__xludf.DUMMYFUNCTION(""Ifna(QUERY($A$3:$I$2000, """"select A where I="""" & $K89))""),34.0)",,,,,,,,,
,,,,,,,,,,88.0,"=IFERROR(__xludf.DUMMYFUNCTION(""Ifna(QUERY($A$3:$I$2000, """"select A where B="""" & $K90))""),"""")","=IFERROR(__xludf.DUMMYFUNCTION(""Ifna(QUERY($A$3:$I$2000, """"select A where C="""" & $K90))""),"""")","=IFERROR(__xludf.DUMMYFUNCTION(""Ifna(QUERY($A$3:$I$2000, """"select A where D="""" & $K90))""),"""")","=IFERROR(__xludf.DUMMYFUNCTION(""Ifna(QUERY($A$3:$I$2000, """"select A where E="""" & $K90))""),"""")","=IFERROR(__xludf.DUMMYFUNCTION(""Ifna(QUERY($A$3:$I$2000, """"select A where F="""" & $K90))""),"""")","=IFERROR(__xludf.DUMMYFUNCTION(""Ifna(QUERY($A$3:$I$2000, """"select A where G="""" & $K90))""),"""")","=IFERROR(__xludf.DUMMYFUNCTION(""Ifna(QUERY($A$3:$I$2000, """"select A where H="""" & $K90))""),"""")","=IFERROR(__xludf.DUMMYFUNCTION(""Ifna(QUERY($A$3:$I$2000, """"select A where I="""" & $K90))""),"""")",,,,,,,,,
,,,,,,,,,,89.0,"=IFERROR(__xludf.DUMMYFUNCTION(""Ifna(QUERY($A$3:$I$2000, """"select A where B="""" & $K91))""),"""")","=IFERROR(__xludf.DUMMYFUNCTION(""Ifna(QUERY($A$3:$I$2000, """"select A where C="""" & $K91))""),"""")","=IFERROR(__xludf.DUMMYFUNCTION(""Ifna(QUERY($A$3:$I$2000, """"select A where D="""" & $K91))""),"""")","=IFERROR(__xludf.DUMMYFUNCTION(""Ifna(QUERY($A$3:$I$2000, """"select A where E="""" & $K91))""),"""")","=IFERROR(__xludf.DUMMYFUNCTION(""Ifna(QUERY($A$3:$I$2000, """"select A where F="""" & $K91))""),"""")","=IFERROR(__xludf.DUMMYFUNCTION(""Ifna(QUERY($A$3:$I$2000, """"select A where G="""" & $K91))""),"""")","=IFERROR(__xludf.DUMMYFUNCTION(""Ifna(QUERY($A$3:$I$2000, """"select A where H="""" & $K91))""),"""")","=IFERROR(__xludf.DUMMYFUNCTION(""Ifna(QUERY($A$3:$I$2000, """"select A where I="""" & $K91))""),33.0)",,,,,,,,,
,,,,,,,,,,90.0,"=IFERROR(__xludf.DUMMYFUNCTION(""Ifna(QUERY($A$3:$I$2000, """"select A where B="""" & $K92))""),"""")","=IFERROR(__xludf.DUMMYFUNCTION(""Ifna(QUERY($A$3:$I$2000, """"select A where C="""" & $K92))""),"""")","=IFERROR(__xludf.DUMMYFUNCTION(""Ifna(QUERY($A$3:$I$2000, """"select A where D="""" & $K92))""),"""")","=IFERROR(__xludf.DUMMYFUNCTION(""Ifna(QUERY($A$3:$I$2000, """"select A where E="""" & $K92))""),"""")","=IFERROR(__xludf.DUMMYFUNCTION(""Ifna(QUERY($A$3:$I$2000, """"select A where F="""" & $K92))""),"""")","=IFERROR(__xludf.DUMMYFUNCTION(""Ifna(QUERY($A$3:$I$2000, """"select A where G="""" & $K92))""),"""")","=IFERROR(__xludf.DUMMYFUNCTION(""Ifna(QUERY($A$3:$I$2000, """"select A where H="""" & $K92))""),"""")","=IFERROR(__xludf.DUMMYFUNCTION(""Ifna(QUERY($A$3:$I$2000, """"select A where I="""" & $K92))""),"""")",,,,,,,,,
,,,,,,,,,,91.0,"=IFERROR(__xludf.DUMMYFUNCTION(""Ifna(QUERY($A$3:$I$2000, """"select A where B="""" & $K93))""),"""")","=IFERROR(__xludf.DUMMYFUNCTION(""Ifna(QUERY($A$3:$I$2000, """"select A where C="""" & $K93))""),"""")","=IFERROR(__xludf.DUMMYFUNCTION(""Ifna(QUERY($A$3:$I$2000, """"select A where D="""" & $K93))""),"""")","=IFERROR(__xludf.DUMMYFUNCTION(""Ifna(QUERY($A$3:$I$2000, """"select A where E="""" & $K93))""),"""")","=IFERROR(__xludf.DUMMYFUNCTION(""Ifna(QUERY($A$3:$I$2000, """"select A where F="""" & $K93))""),"""")","=IFERROR(__xludf.DUMMYFUNCTION(""Ifna(QUERY($A$3:$I$2000, """"select A where G="""" & $K93))""),"""")","=IFERROR(__xludf.DUMMYFUNCTION(""Ifna(QUERY($A$3:$I$2000, """"select A where H="""" & $K93))""),8.0)","=IFERROR(__xludf.DUMMYFUNCTION(""Ifna(QUERY($A$3:$I$2000, """"select A where I="""" & $K93))""),"""")",,,,,,,,,
,,,,,,,,,,92.0,"=IFERROR(__xludf.DUMMYFUNCTION(""Ifna(QUERY($A$3:$I$2000, """"select A where B="""" & $K94))""),"""")","=IFERROR(__xludf.DUMMYFUNCTION(""Ifna(QUERY($A$3:$I$2000, """"select A where C="""" & $K94))""),"""")","=IFERROR(__xludf.DUMMYFUNCTION(""Ifna(QUERY($A$3:$I$2000, """"select A where D="""" & $K94))""),"""")","=IFERROR(__xludf.DUMMYFUNCTION(""Ifna(QUERY($A$3:$I$2000, """"select A where E="""" & $K94))""),"""")","=IFERROR(__xludf.DUMMYFUNCTION(""Ifna(QUERY($A$3:$I$2000, """"select A where F="""" & $K94))""),"""")","=IFERROR(__xludf.DUMMYFUNCTION(""Ifna(QUERY($A$3:$I$2000, """"select A where G="""" & $K94))""),"""")","=IFERROR(__xludf.DUMMYFUNCTION(""Ifna(QUERY($A$3:$I$2000, """"select A where H="""" & $K94))""),"""")","=IFERROR(__xludf.DUMMYFUNCTION(""Ifna(QUERY($A$3:$I$2000, """"select A where I="""" & $K94))""),32.0)",,,,,,,,,
,,,,,,,,,,93.0,"=IFERROR(__xludf.DUMMYFUNCTION(""Ifna(QUERY($A$3:$I$2000, """"select A where B="""" & $K95))""),"""")","=IFERROR(__xludf.DUMMYFUNCTION(""Ifna(QUERY($A$3:$I$2000, """"select A where C="""" & $K95))""),"""")","=IFERROR(__xludf.DUMMYFUNCTION(""Ifna(QUERY($A$3:$I$2000, """"select A where D="""" & $K95))""),"""")","=IFERROR(__xludf.DUMMYFUNCTION(""Ifna(QUERY($A$3:$I$2000, """"select A where E="""" & $K95))""),"""")","=IFERROR(__xludf.DUMMYFUNCTION(""Ifna(QUERY($A$3:$I$2000, """"select A where F="""" & $K95))""),"""")","=IFERROR(__xludf.DUMMYFUNCTION(""Ifna(QUERY($A$3:$I$2000, """"select A where G="""" & $K95))""),"""")","=IFERROR(__xludf.DUMMYFUNCTION(""Ifna(QUERY($A$3:$I$2000, """"select A where H="""" & $K95))""),"""")","=IFERROR(__xludf.DUMMYFUNCTION(""Ifna(QUERY($A$3:$I$2000, """"select A where I="""" & $K95))""),"""")",,,,,,,,,
,,,,,,,,,,94.0,"=IFERROR(__xludf.DUMMYFUNCTION(""Ifna(QUERY($A$3:$I$2000, """"select A where B="""" & $K96))""),"""")","=IFERROR(__xludf.DUMMYFUNCTION(""Ifna(QUERY($A$3:$I$2000, """"select A where C="""" & $K96))""),"""")","=IFERROR(__xludf.DUMMYFUNCTION(""Ifna(QUERY($A$3:$I$2000, """"select A where D="""" & $K96))""),"""")","=IFERROR(__xludf.DUMMYFUNCTION(""Ifna(QUERY($A$3:$I$2000, """"select A where E="""" & $K96))""),"""")","=IFERROR(__xludf.DUMMYFUNCTION(""Ifna(QUERY($A$3:$I$2000, """"select A where F="""" & $K96))""),"""")","=IFERROR(__xludf.DUMMYFUNCTION(""Ifna(QUERY($A$3:$I$2000, """"select A where G="""" & $K96))""),"""")","=IFERROR(__xludf.DUMMYFUNCTION(""Ifna(QUERY($A$3:$I$2000, """"select A where H="""" & $K96))""),"""")","=IFERROR(__xludf.DUMMYFUNCTION(""Ifna(QUERY($A$3:$I$2000, """"select A where I="""" & $K96))""),31.0)",,,,,,,,,
,,,,,,,,,,95.0,"=IFERROR(__xludf.DUMMYFUNCTION(""Ifna(QUERY($A$3:$I$2000, """"select A where B="""" & $K97))""),"""")","=IFERROR(__xludf.DUMMYFUNCTION(""Ifna(QUERY($A$3:$I$2000, """"select A where C="""" & $K97))""),"""")","=IFERROR(__xludf.DUMMYFUNCTION(""Ifna(QUERY($A$3:$I$2000, """"select A where D="""" & $K97))""),"""")","=IFERROR(__xludf.DUMMYFUNCTION(""Ifna(QUERY($A$3:$I$2000, """"select A where E="""" & $K97))""),"""")","=IFERROR(__xludf.DUMMYFUNCTION(""Ifna(QUERY($A$3:$I$2000, """"select A where F="""" & $K97))""),"""")","=IFERROR(__xludf.DUMMYFUNCTION(""Ifna(QUERY($A$3:$I$2000, """"select A where G="""" & $K97))""),"""")","=IFERROR(__xludf.DUMMYFUNCTION(""Ifna(QUERY($A$3:$I$2000, """"select A where H="""" & $K97))""),"""")","=IFERROR(__xludf.DUMMYFUNCTION(""Ifna(QUERY($A$3:$I$2000, """"select A where I="""" & $K97))""),"""")",,,,,,,,,
,,,,,,,,,,96.0,"=IFERROR(__xludf.DUMMYFUNCTION(""Ifna(QUERY($A$3:$I$2000, """"select A where B="""" & $K98))""),"""")","=IFERROR(__xludf.DUMMYFUNCTION(""Ifna(QUERY($A$3:$I$2000, """"select A where C="""" & $K98))""),"""")","=IFERROR(__xludf.DUMMYFUNCTION(""Ifna(QUERY($A$3:$I$2000, """"select A where D="""" & $K98))""),"""")","=IFERROR(__xludf.DUMMYFUNCTION(""Ifna(QUERY($A$3:$I$2000, """"select A where E="""" & $K98))""),"""")","=IFERROR(__xludf.DUMMYFUNCTION(""Ifna(QUERY($A$3:$I$2000, """"select A where F="""" & $K98))""),"""")","=IFERROR(__xludf.DUMMYFUNCTION(""Ifna(QUERY($A$3:$I$2000, """"select A where G="""" & $K98))""),"""")","=IFERROR(__xludf.DUMMYFUNCTION(""Ifna(QUERY($A$3:$I$2000, """"select A where H="""" & $K98))""),"""")","=IFERROR(__xludf.DUMMYFUNCTION(""Ifna(QUERY($A$3:$I$2000, """"select A where I="""" & $K98))""),"""")",,,,,,,,,
,,,,,,,,,,97.0,"=IFERROR(__xludf.DUMMYFUNCTION(""Ifna(QUERY($A$3:$I$2000, """"select A where B="""" & $K99))""),"""")","=IFERROR(__xludf.DUMMYFUNCTION(""Ifna(QUERY($A$3:$I$2000, """"select A where C="""" & $K99))""),"""")","=IFERROR(__xludf.DUMMYFUNCTION(""Ifna(QUERY($A$3:$I$2000, """"select A where D="""" & $K99))""),"""")","=IFERROR(__xludf.DUMMYFUNCTION(""Ifna(QUERY($A$3:$I$2000, """"select A where E="""" & $K99))""),"""")","=IFERROR(__xludf.DUMMYFUNCTION(""Ifna(QUERY($A$3:$I$2000, """"select A where F="""" & $K99))""),"""")","=IFERROR(__xludf.DUMMYFUNCTION(""Ifna(QUERY($A$3:$I$2000, """"select A where G="""" & $K99))""),"""")","=IFERROR(__xludf.DUMMYFUNCTION(""Ifna(QUERY($A$3:$I$2000, """"select A where H="""" & $K99))""),7.0)","=IFERROR(__xludf.DUMMYFUNCTION(""Ifna(QUERY($A$3:$I$2000, """"select A where I="""" & $K99))""),30.0)",,,,,,,,,
,,,,,,,,,,98.0,"=IFERROR(__xludf.DUMMYFUNCTION(""Ifna(QUERY($A$3:$I$2000, """"select A where B="""" & $K100))""),"""")","=IFERROR(__xludf.DUMMYFUNCTION(""Ifna(QUERY($A$3:$I$2000, """"select A where C="""" & $K100))""),"""")","=IFERROR(__xludf.DUMMYFUNCTION(""Ifna(QUERY($A$3:$I$2000, """"select A where D="""" & $K100))""),"""")","=IFERROR(__xludf.DUMMYFUNCTION(""Ifna(QUERY($A$3:$I$2000, """"select A where E="""" & $K100))""),"""")","=IFERROR(__xludf.DUMMYFUNCTION(""Ifna(QUERY($A$3:$I$2000, """"select A where F="""" & $K100))""),"""")","=IFERROR(__xludf.DUMMYFUNCTION(""Ifna(QUERY($A$3:$I$2000, """"select A where G="""" & $K100))""),"""")","=IFERROR(__xludf.DUMMYFUNCTION(""Ifna(QUERY($A$3:$I$2000, """"select A where H="""" & $K100))""),"""")","=IFERROR(__xludf.DUMMYFUNCTION(""Ifna(QUERY($A$3:$I$2000, """"select A where I="""" & $K100))""),"""")",,,,,,,,,
,,,,,,,,,,99.0,"=IFERROR(__xludf.DUMMYFUNCTION(""Ifna(QUERY($A$3:$I$2000, """"select A where B="""" & $K101))""),"""")","=IFERROR(__xludf.DUMMYFUNCTION(""Ifna(QUERY($A$3:$I$2000, """"select A where C="""" & $K101))""),"""")","=IFERROR(__xludf.DUMMYFUNCTION(""Ifna(QUERY($A$3:$I$2000, """"select A where D="""" & $K101))""),"""")","=IFERROR(__xludf.DUMMYFUNCTION(""Ifna(QUERY($A$3:$I$2000, """"select A where E="""" & $K101))""),"""")","=IFERROR(__xludf.DUMMYFUNCTION(""Ifna(QUERY($A$3:$I$2000, """"select A where F="""" & $K101))""),"""")","=IFERROR(__xludf.DUMMYFUNCTION(""Ifna(QUERY($A$3:$I$2000, """"select A where G="""" & $K101))""),"""")","=IFERROR(__xludf.DUMMYFUNCTION(""Ifna(QUERY($A$3:$I$2000, """"select A where H="""" & $K101))""),"""")","=IFERROR(__xludf.DUMMYFUNCTION(""Ifna(QUERY($A$3:$I$2000, """"select A where I="""" & $K101))""),"""")",,,,,,,,,
,,,,,,,,,,100.0,"=IFERROR(__xludf.DUMMYFUNCTION(""Ifna(QUERY($A$3:$I$2000, """"select A where B="""" & $K102))""),"""")","=IFERROR(__xludf.DUMMYFUNCTION(""Ifna(QUERY($A$3:$I$2000, """"select A where C="""" & $K102))""),"""")","=IFERROR(__xludf.DUMMYFUNCTION(""Ifna(QUERY($A$3:$I$2000, """"select A where D="""" & $K102))""),"""")","=IFERROR(__xludf.DUMMYFUNCTION(""Ifna(QUERY($A$3:$I$2000, """"select A where E="""" & $K102))""),"""")","=IFERROR(__xludf.DUMMYFUNCTION(""Ifna(QUERY($A$3:$I$2000, """"select A where F="""" & $K102))""),"""")","=IFERROR(__xludf.DUMMYFUNCTION(""Ifna(QUERY($A$3:$I$2000, """"select A where G="""" & $K102))""),"""")","=IFERROR(__xludf.DUMMYFUNCTION(""Ifna(QUERY($A$3:$I$2000, """"select A where H="""" & $K102))""),"""")","=IFERROR(__xludf.DUMMYFUNCTION(""Ifna(QUERY($A$3:$I$2000, """"select A where I="""" & $K102))""),29.0)",,,,,,,,,
,,,,,,,,,,101.0,"=IFERROR(__xludf.DUMMYFUNCTION(""Ifna(QUERY($A$3:$I$2000, """"select A where B="""" & $K103))""),"""")","=IFERROR(__xludf.DUMMYFUNCTION(""Ifna(QUERY($A$3:$I$2000, """"select A where C="""" & $K103))""),"""")","=IFERROR(__xludf.DUMMYFUNCTION(""Ifna(QUERY($A$3:$I$2000, """"select A where D="""" & $K103))""),"""")","=IFERROR(__xludf.DUMMYFUNCTION(""Ifna(QUERY($A$3:$I$2000, """"select A where E="""" & $K103))""),"""")","=IFERROR(__xludf.DUMMYFUNCTION(""Ifna(QUERY($A$3:$I$2000, """"select A where F="""" & $K103))""),"""")","=IFERROR(__xludf.DUMMYFUNCTION(""Ifna(QUERY($A$3:$I$2000, """"select A where G="""" & $K103))""),"""")","=IFERROR(__xludf.DUMMYFUNCTION(""Ifna(QUERY($A$3:$I$2000, """"select A where H="""" & $K103))""),"""")","=IFERROR(__xludf.DUMMYFUNCTION(""Ifna(QUERY($A$3:$I$2000, """"select A where I="""" & $K103))""),"""")",,,,,,,,,
,,,,,,,,,,102.0,"=IFERROR(__xludf.DUMMYFUNCTION(""Ifna(QUERY($A$3:$I$2000, """"select A where B="""" & $K104))""),"""")","=IFERROR(__xludf.DUMMYFUNCTION(""Ifna(QUERY($A$3:$I$2000, """"select A where C="""" & $K104))""),"""")","=IFERROR(__xludf.DUMMYFUNCTION(""Ifna(QUERY($A$3:$I$2000, """"select A where D="""" & $K104))""),"""")","=IFERROR(__xludf.DUMMYFUNCTION(""Ifna(QUERY($A$3:$I$2000, """"select A where E="""" & $K104))""),"""")","=IFERROR(__xludf.DUMMYFUNCTION(""Ifna(QUERY($A$3:$I$2000, """"select A where F="""" & $K104))""),"""")","=IFERROR(__xludf.DUMMYFUNCTION(""Ifna(QUERY($A$3:$I$2000, """"select A where G="""" & $K104))""),"""")","=IFERROR(__xludf.DUMMYFUNCTION(""Ifna(QUERY($A$3:$I$2000, """"select A where H="""" & $K104))""),"""")","=IFERROR(__xludf.DUMMYFUNCTION(""Ifna(QUERY($A$3:$I$2000, """"select A where I="""" & $K104))""),28.0)",,,,,,,,,
,,,,,,,,,,103.0,"=IFERROR(__xludf.DUMMYFUNCTION(""Ifna(QUERY($A$3:$I$2000, """"select A where B="""" & $K105))""),"""")","=IFERROR(__xludf.DUMMYFUNCTION(""Ifna(QUERY($A$3:$I$2000, """"select A where C="""" & $K105))""),"""")","=IFERROR(__xludf.DUMMYFUNCTION(""Ifna(QUERY($A$3:$I$2000, """"select A where D="""" & $K105))""),"""")","=IFERROR(__xludf.DUMMYFUNCTION(""Ifna(QUERY($A$3:$I$2000, """"select A where E="""" & $K105))""),"""")","=IFERROR(__xludf.DUMMYFUNCTION(""Ifna(QUERY($A$3:$I$2000, """"select A where F="""" & $K105))""),"""")","=IFERROR(__xludf.DUMMYFUNCTION(""Ifna(QUERY($A$3:$I$2000, """"select A where G="""" & $K105))""),"""")","=IFERROR(__xludf.DUMMYFUNCTION(""Ifna(QUERY($A$3:$I$2000, """"select A where H="""" & $K105))""),"""")","=IFERROR(__xludf.DUMMYFUNCTION(""Ifna(QUERY($A$3:$I$2000, """"select A where I="""" & $K105))""),"""")",,,,,,,,,
,,,,,,,,,,104.0,"=IFERROR(__xludf.DUMMYFUNCTION(""Ifna(QUERY($A$3:$I$2000, """"select A where B="""" & $K106))""),"""")","=IFERROR(__xludf.DUMMYFUNCTION(""Ifna(QUERY($A$3:$I$2000, """"select A where C="""" & $K106))""),"""")","=IFERROR(__xludf.DUMMYFUNCTION(""Ifna(QUERY($A$3:$I$2000, """"select A where D="""" & $K106))""),"""")","=IFERROR(__xludf.DUMMYFUNCTION(""Ifna(QUERY($A$3:$I$2000, """"select A where E="""" & $K106))""),"""")","=IFERROR(__xludf.DUMMYFUNCTION(""Ifna(QUERY($A$3:$I$2000, """"select A where F="""" & $K106))""),"""")","=IFERROR(__xludf.DUMMYFUNCTION(""Ifna(QUERY($A$3:$I$2000, """"select A where G="""" & $K106))""),"""")","=IFERROR(__xludf.DUMMYFUNCTION(""Ifna(QUERY($A$3:$I$2000, """"select A where H="""" & $K106))""),6.0)","=IFERROR(__xludf.DUMMYFUNCTION(""Ifna(QUERY($A$3:$I$2000, """"select A where I="""" & $K106))""),"""")",,,,,,,,,
,,,,,,,,,,105.0,"=IFERROR(__xludf.DUMMYFUNCTION(""Ifna(QUERY($A$3:$I$2000, """"select A where B="""" & $K107))""),"""")","=IFERROR(__xludf.DUMMYFUNCTION(""Ifna(QUERY($A$3:$I$2000, """"select A where C="""" & $K107))""),"""")","=IFERROR(__xludf.DUMMYFUNCTION(""Ifna(QUERY($A$3:$I$2000, """"select A where D="""" & $K107))""),"""")","=IFERROR(__xludf.DUMMYFUNCTION(""Ifna(QUERY($A$3:$I$2000, """"select A where E="""" & $K107))""),"""")","=IFERROR(__xludf.DUMMYFUNCTION(""Ifna(QUERY($A$3:$I$2000, """"select A where F="""" & $K107))""),"""")","=IFERROR(__xludf.DUMMYFUNCTION(""Ifna(QUERY($A$3:$I$2000, """"select A where G="""" & $K107))""),"""")","=IFERROR(__xludf.DUMMYFUNCTION(""Ifna(QUERY($A$3:$I$2000, """"select A where H="""" & $K107))""),"""")","=IFERROR(__xludf.DUMMYFUNCTION(""Ifna(QUERY($A$3:$I$2000, """"select A where I="""" & $K107))""),27.0)",,,,,,,,,
,,,,,,,,,,106.0,"=IFERROR(__xludf.DUMMYFUNCTION(""Ifna(QUERY($A$3:$I$2000, """"select A where B="""" & $K108))""),"""")","=IFERROR(__xludf.DUMMYFUNCTION(""Ifna(QUERY($A$3:$I$2000, """"select A where C="""" & $K108))""),"""")","=IFERROR(__xludf.DUMMYFUNCTION(""Ifna(QUERY($A$3:$I$2000, """"select A where D="""" & $K108))""),"""")","=IFERROR(__xludf.DUMMYFUNCTION(""Ifna(QUERY($A$3:$I$2000, """"select A where E="""" & $K108))""),"""")","=IFERROR(__xludf.DUMMYFUNCTION(""Ifna(QUERY($A$3:$I$2000, """"select A where F="""" & $K108))""),"""")","=IFERROR(__xludf.DUMMYFUNCTION(""Ifna(QUERY($A$3:$I$2000, """"select A where G="""" & $K108))""),"""")","=IFERROR(__xludf.DUMMYFUNCTION(""Ifna(QUERY($A$3:$I$2000, """"select A where H="""" & $K108))""),"""")","=IFERROR(__xludf.DUMMYFUNCTION(""Ifna(QUERY($A$3:$I$2000, """"select A where I="""" & $K108))""),"""")",,,,,,,,,
,,,,,,,,,,107.0,"=IFERROR(__xludf.DUMMYFUNCTION(""Ifna(QUERY($A$3:$I$2000, """"select A where B="""" & $K109))""),"""")","=IFERROR(__xludf.DUMMYFUNCTION(""Ifna(QUERY($A$3:$I$2000, """"select A where C="""" & $K109))""),"""")","=IFERROR(__xludf.DUMMYFUNCTION(""Ifna(QUERY($A$3:$I$2000, """"select A where D="""" & $K109))""),"""")","=IFERROR(__xludf.DUMMYFUNCTION(""Ifna(QUERY($A$3:$I$2000, """"select A where E="""" & $K109))""),"""")","=IFERROR(__xludf.DUMMYFUNCTION(""Ifna(QUERY($A$3:$I$2000, """"select A where F="""" & $K109))""),"""")","=IFERROR(__xludf.DUMMYFUNCTION(""Ifna(QUERY($A$3:$I$2000, """"select A where G="""" & $K109))""),"""")","=IFERROR(__xludf.DUMMYFUNCTION(""Ifna(QUERY($A$3:$I$2000, """"select A where H="""" & $K109))""),"""")","=IFERROR(__xludf.DUMMYFUNCTION(""Ifna(QUERY($A$3:$I$2000, """"select A where I="""" & $K109))""),"""")",,,,,,,,,
,,,,,,,,,,108.0,"=IFERROR(__xludf.DUMMYFUNCTION(""Ifna(QUERY($A$3:$I$2000, """"select A where B="""" & $K110))""),"""")","=IFERROR(__xludf.DUMMYFUNCTION(""Ifna(QUERY($A$3:$I$2000, """"select A where C="""" & $K110))""),"""")","=IFERROR(__xludf.DUMMYFUNCTION(""Ifna(QUERY($A$3:$I$2000, """"select A where D="""" & $K110))""),"""")","=IFERROR(__xludf.DUMMYFUNCTION(""Ifna(QUERY($A$3:$I$2000, """"select A where E="""" & $K110))""),"""")","=IFERROR(__xludf.DUMMYFUNCTION(""Ifna(QUERY($A$3:$I$2000, """"select A where F="""" & $K110))""),"""")","=IFERROR(__xludf.DUMMYFUNCTION(""Ifna(QUERY($A$3:$I$2000, """"select A where G="""" & $K110))""),"""")","=IFERROR(__xludf.DUMMYFUNCTION(""Ifna(QUERY($A$3:$I$2000, """"select A where H="""" & $K110))""),"""")","=IFERROR(__xludf.DUMMYFUNCTION(""Ifna(QUERY($A$3:$I$2000, """"select A where I="""" & $K110))""),26.0)",,,,,,,,,
,,,,,,,,,,109.0,"=IFERROR(__xludf.DUMMYFUNCTION(""Ifna(QUERY($A$3:$I$2000, """"select A where B="""" & $K111))""),"""")","=IFERROR(__xludf.DUMMYFUNCTION(""Ifna(QUERY($A$3:$I$2000, """"select A where C="""" & $K111))""),"""")","=IFERROR(__xludf.DUMMYFUNCTION(""Ifna(QUERY($A$3:$I$2000, """"select A where D="""" & $K111))""),"""")","=IFERROR(__xludf.DUMMYFUNCTION(""Ifna(QUERY($A$3:$I$2000, """"select A where E="""" & $K111))""),"""")","=IFERROR(__xludf.DUMMYFUNCTION(""Ifna(QUERY($A$3:$I$2000, """"select A where F="""" & $K111))""),"""")","=IFERROR(__xludf.DUMMYFUNCTION(""Ifna(QUERY($A$3:$I$2000, """"select A where G="""" & $K111))""),"""")","=IFERROR(__xludf.DUMMYFUNCTION(""Ifna(QUERY($A$3:$I$2000, """"select A where H="""" & $K111))""),5.0)","=IFERROR(__xludf.DUMMYFUNCTION(""Ifna(QUERY($A$3:$I$2000, """"select A where I="""" & $K111))""),"""")",,,,,,,,,
,,,,,,,,,,110.0,"=IFERROR(__xludf.DUMMYFUNCTION(""Ifna(QUERY($A$3:$I$2000, """"select A where B="""" & $K112))""),"""")","=IFERROR(__xludf.DUMMYFUNCTION(""Ifna(QUERY($A$3:$I$2000, """"select A where C="""" & $K112))""),"""")","=IFERROR(__xludf.DUMMYFUNCTION(""Ifna(QUERY($A$3:$I$2000, """"select A where D="""" & $K112))""),"""")","=IFERROR(__xludf.DUMMYFUNCTION(""Ifna(QUERY($A$3:$I$2000, """"select A where E="""" & $K112))""),"""")","=IFERROR(__xludf.DUMMYFUNCTION(""Ifna(QUERY($A$3:$I$2000, """"select A where F="""" & $K112))""),"""")","=IFERROR(__xludf.DUMMYFUNCTION(""Ifna(QUERY($A$3:$I$2000, """"select A where G="""" & $K112))""),"""")","=IFERROR(__xludf.DUMMYFUNCTION(""Ifna(QUERY($A$3:$I$2000, """"select A where H="""" & $K112))""),"""")","=IFERROR(__xludf.DUMMYFUNCTION(""Ifna(QUERY($A$3:$I$2000, """"select A where I="""" & $K112))""),"""")",,,,,,,,,
,,,,,,,,,,111.0,"=IFERROR(__xludf.DUMMYFUNCTION(""Ifna(QUERY($A$3:$I$2000, """"select A where B="""" & $K113))""),"""")","=IFERROR(__xludf.DUMMYFUNCTION(""Ifna(QUERY($A$3:$I$2000, """"select A where C="""" & $K113))""),"""")","=IFERROR(__xludf.DUMMYFUNCTION(""Ifna(QUERY($A$3:$I$2000, """"select A where D="""" & $K113))""),"""")","=IFERROR(__xludf.DUMMYFUNCTION(""Ifna(QUERY($A$3:$I$2000, """"select A where E="""" & $K113))""),"""")","=IFERROR(__xludf.DUMMYFUNCTION(""Ifna(QUERY($A$3:$I$2000, """"select A where F="""" & $K113))""),"""")","=IFERROR(__xludf.DUMMYFUNCTION(""Ifna(QUERY($A$3:$I$2000, """"select A where G="""" & $K113))""),"""")","=IFERROR(__xludf.DUMMYFUNCTION(""Ifna(QUERY($A$3:$I$2000, """"select A where H="""" & $K113))""),"""")","=IFERROR(__xludf.DUMMYFUNCTION(""Ifna(QUERY($A$3:$I$2000, """"select A where I="""" & $K113))""),25.0)",,,,,,,,,
,,,,,,,,,,112.0,"=IFERROR(__xludf.DUMMYFUNCTION(""Ifna(QUERY($A$3:$I$2000, """"select A where B="""" & $K114))""),"""")","=IFERROR(__xludf.DUMMYFUNCTION(""Ifna(QUERY($A$3:$I$2000, """"select A where C="""" & $K114))""),"""")","=IFERROR(__xludf.DUMMYFUNCTION(""Ifna(QUERY($A$3:$I$2000, """"select A where D="""" & $K114))""),"""")","=IFERROR(__xludf.DUMMYFUNCTION(""Ifna(QUERY($A$3:$I$2000, """"select A where E="""" & $K114))""),"""")","=IFERROR(__xludf.DUMMYFUNCTION(""Ifna(QUERY($A$3:$I$2000, """"select A where F="""" & $K114))""),"""")","=IFERROR(__xludf.DUMMYFUNCTION(""Ifna(QUERY($A$3:$I$2000, """"select A where G="""" & $K114))""),"""")","=IFERROR(__xludf.DUMMYFUNCTION(""Ifna(QUERY($A$3:$I$2000, """"select A where H="""" & $K114))""),"""")","=IFERROR(__xludf.DUMMYFUNCTION(""Ifna(QUERY($A$3:$I$2000, """"select A where I="""" & $K114))""),"""")",,,,,,,,,
,,,,,,,,,,113.0,"=IFERROR(__xludf.DUMMYFUNCTION(""Ifna(QUERY($A$3:$I$2000, """"select A where B="""" & $K115))""),"""")","=IFERROR(__xludf.DUMMYFUNCTION(""Ifna(QUERY($A$3:$I$2000, """"select A where C="""" & $K115))""),"""")","=IFERROR(__xludf.DUMMYFUNCTION(""Ifna(QUERY($A$3:$I$2000, """"select A where D="""" & $K115))""),"""")","=IFERROR(__xludf.DUMMYFUNCTION(""Ifna(QUERY($A$3:$I$2000, """"select A where E="""" & $K115))""),"""")","=IFERROR(__xludf.DUMMYFUNCTION(""Ifna(QUERY($A$3:$I$2000, """"select A where F="""" & $K115))""),"""")","=IFERROR(__xludf.DUMMYFUNCTION(""Ifna(QUERY($A$3:$I$2000, """"select A where G="""" & $K115))""),"""")","=IFERROR(__xludf.DUMMYFUNCTION(""Ifna(QUERY($A$3:$I$2000, """"select A where H="""" & $K115))""),"""")","=IFERROR(__xludf.DUMMYFUNCTION(""Ifna(QUERY($A$3:$I$2000, """"select A where I="""" & $K115))""),"""")",,,,,,,,,
,,,,,,,,,,114.0,"=IFERROR(__xludf.DUMMYFUNCTION(""Ifna(QUERY($A$3:$I$2000, """"select A where B="""" & $K116))""),"""")","=IFERROR(__xludf.DUMMYFUNCTION(""Ifna(QUERY($A$3:$I$2000, """"select A where C="""" & $K116))""),"""")","=IFERROR(__xludf.DUMMYFUNCTION(""Ifna(QUERY($A$3:$I$2000, """"select A where D="""" & $K116))""),"""")","=IFERROR(__xludf.DUMMYFUNCTION(""Ifna(QUERY($A$3:$I$2000, """"select A where E="""" & $K116))""),"""")","=IFERROR(__xludf.DUMMYFUNCTION(""Ifna(QUERY($A$3:$I$2000, """"select A where F="""" & $K116))""),"""")","=IFERROR(__xludf.DUMMYFUNCTION(""Ifna(QUERY($A$3:$I$2000, """"select A where G="""" & $K116))""),"""")","=IFERROR(__xludf.DUMMYFUNCTION(""Ifna(QUERY($A$3:$I$2000, """"select A where H="""" & $K116))""),"""")","=IFERROR(__xludf.DUMMYFUNCTION(""Ifna(QUERY($A$3:$I$2000, """"select A where I="""" & $K116))""),"""")",,,,,,,,,
,,,,,,,,,,115.0,"=IFERROR(__xludf.DUMMYFUNCTION(""Ifna(QUERY($A$3:$I$2000, """"select A where B="""" & $K117))""),"""")","=IFERROR(__xludf.DUMMYFUNCTION(""Ifna(QUERY($A$3:$I$2000, """"select A where C="""" & $K117))""),"""")","=IFERROR(__xludf.DUMMYFUNCTION(""Ifna(QUERY($A$3:$I$2000, """"select A where D="""" & $K117))""),"""")","=IFERROR(__xludf.DUMMYFUNCTION(""Ifna(QUERY($A$3:$I$2000, """"select A where E="""" & $K117))""),"""")","=IFERROR(__xludf.DUMMYFUNCTION(""Ifna(QUERY($A$3:$I$2000, """"select A where F="""" & $K117))""),"""")","=IFERROR(__xludf.DUMMYFUNCTION(""Ifna(QUERY($A$3:$I$2000, """"select A where G="""" & $K117))""),"""")","=IFERROR(__xludf.DUMMYFUNCTION(""Ifna(QUERY($A$3:$I$2000, """"select A where H="""" & $K117))""),"""")","=IFERROR(__xludf.DUMMYFUNCTION(""Ifna(QUERY($A$3:$I$2000, """"select A where I="""" & $K117))""),24.0)",,,,,,,,,
,,,,,,,,,,116.0,"=IFERROR(__xludf.DUMMYFUNCTION(""Ifna(QUERY($A$3:$I$2000, """"select A where B="""" & $K118))""),"""")","=IFERROR(__xludf.DUMMYFUNCTION(""Ifna(QUERY($A$3:$I$2000, """"select A where C="""" & $K118))""),"""")","=IFERROR(__xludf.DUMMYFUNCTION(""Ifna(QUERY($A$3:$I$2000, """"select A where D="""" & $K118))""),"""")","=IFERROR(__xludf.DUMMYFUNCTION(""Ifna(QUERY($A$3:$I$2000, """"select A where E="""" & $K118))""),"""")","=IFERROR(__xludf.DUMMYFUNCTION(""Ifna(QUERY($A$3:$I$2000, """"select A where F="""" & $K118))""),"""")","=IFERROR(__xludf.DUMMYFUNCTION(""Ifna(QUERY($A$3:$I$2000, """"select A where G="""" & $K118))""),"""")","=IFERROR(__xludf.DUMMYFUNCTION(""Ifna(QUERY($A$3:$I$2000, """"select A where H="""" & $K118))""),4.0)","=IFERROR(__xludf.DUMMYFUNCTION(""Ifna(QUERY($A$3:$I$2000, """"select A where I="""" & $K118))""),"""")",,,,,,,,,
,,,,,,,,,,117.0,"=IFERROR(__xludf.DUMMYFUNCTION(""Ifna(QUERY($A$3:$I$2000, """"select A where B="""" & $K119))""),"""")","=IFERROR(__xludf.DUMMYFUNCTION(""Ifna(QUERY($A$3:$I$2000, """"select A where C="""" & $K119))""),"""")","=IFERROR(__xludf.DUMMYFUNCTION(""Ifna(QUERY($A$3:$I$2000, """"select A where D="""" & $K119))""),"""")","=IFERROR(__xludf.DUMMYFUNCTION(""Ifna(QUERY($A$3:$I$2000, """"select A where E="""" & $K119))""),"""")","=IFERROR(__xludf.DUMMYFUNCTION(""Ifna(QUERY($A$3:$I$2000, """"select A where F="""" & $K119))""),"""")","=IFERROR(__xludf.DUMMYFUNCTION(""Ifna(QUERY($A$3:$I$2000, """"select A where G="""" & $K119))""),"""")","=IFERROR(__xludf.DUMMYFUNCTION(""Ifna(QUERY($A$3:$I$2000, """"select A where H="""" & $K119))""),"""")","=IFERROR(__xludf.DUMMYFUNCTION(""Ifna(QUERY($A$3:$I$2000, """"select A where I="""" & $K119))""),"""")",,,,,,,,,
,,,,,,,,,,118.0,"=IFERROR(__xludf.DUMMYFUNCTION(""Ifna(QUERY($A$3:$I$2000, """"select A where B="""" & $K120))""),"""")","=IFERROR(__xludf.DUMMYFUNCTION(""Ifna(QUERY($A$3:$I$2000, """"select A where C="""" & $K120))""),"""")","=IFERROR(__xludf.DUMMYFUNCTION(""Ifna(QUERY($A$3:$I$2000, """"select A where D="""" & $K120))""),"""")","=IFERROR(__xludf.DUMMYFUNCTION(""Ifna(QUERY($A$3:$I$2000, """"select A where E="""" & $K120))""),"""")","=IFERROR(__xludf.DUMMYFUNCTION(""Ifna(QUERY($A$3:$I$2000, """"select A where F="""" & $K120))""),"""")","=IFERROR(__xludf.DUMMYFUNCTION(""Ifna(QUERY($A$3:$I$2000, """"select A where G="""" & $K120))""),"""")","=IFERROR(__xludf.DUMMYFUNCTION(""Ifna(QUERY($A$3:$I$2000, """"select A where H="""" & $K120))""),"""")","=IFERROR(__xludf.DUMMYFUNCTION(""Ifna(QUERY($A$3:$I$2000, """"select A where I="""" & $K120))""),23.0)",,,,,,,,,
,,,,,,,,,,119.0,"=IFERROR(__xludf.DUMMYFUNCTION(""Ifna(QUERY($A$3:$I$2000, """"select A where B="""" & $K121))""),"""")","=IFERROR(__xludf.DUMMYFUNCTION(""Ifna(QUERY($A$3:$I$2000, """"select A where C="""" & $K121))""),"""")","=IFERROR(__xludf.DUMMYFUNCTION(""Ifna(QUERY($A$3:$I$2000, """"select A where D="""" & $K121))""),"""")","=IFERROR(__xludf.DUMMYFUNCTION(""Ifna(QUERY($A$3:$I$2000, """"select A where E="""" & $K121))""),"""")","=IFERROR(__xludf.DUMMYFUNCTION(""Ifna(QUERY($A$3:$I$2000, """"select A where F="""" & $K121))""),"""")","=IFERROR(__xludf.DUMMYFUNCTION(""Ifna(QUERY($A$3:$I$2000, """"select A where G="""" & $K121))""),"""")","=IFERROR(__xludf.DUMMYFUNCTION(""Ifna(QUERY($A$3:$I$2000, """"select A where H="""" & $K121))""),"""")","=IFERROR(__xludf.DUMMYFUNCTION(""Ifna(QUERY($A$3:$I$2000, """"select A where I="""" & $K121))""),"""")",,,,,,,,,
,,,,,,,,,,120.0,"=IFERROR(__xludf.DUMMYFUNCTION(""Ifna(QUERY($A$3:$I$2000, """"select A where B="""" & $K122))""),"""")","=IFERROR(__xludf.DUMMYFUNCTION(""Ifna(QUERY($A$3:$I$2000, """"select A where C="""" & $K122))""),"""")","=IFERROR(__xludf.DUMMYFUNCTION(""Ifna(QUERY($A$3:$I$2000, """"select A where D="""" & $K122))""),"""")","=IFERROR(__xludf.DUMMYFUNCTION(""Ifna(QUERY($A$3:$I$2000, """"select A where E="""" & $K122))""),"""")","=IFERROR(__xludf.DUMMYFUNCTION(""Ifna(QUERY($A$3:$I$2000, """"select A where F="""" & $K122))""),"""")","=IFERROR(__xludf.DUMMYFUNCTION(""Ifna(QUERY($A$3:$I$2000, """"select A where G="""" & $K122))""),"""")","=IFERROR(__xludf.DUMMYFUNCTION(""Ifna(QUERY($A$3:$I$2000, """"select A where H="""" & $K122))""),"""")","=IFERROR(__xludf.DUMMYFUNCTION(""Ifna(QUERY($A$3:$I$2000, """"select A where I="""" & $K122))""),"""")",,,,,,,,,
,,,,,,,,,,121.0,"=IFERROR(__xludf.DUMMYFUNCTION(""Ifna(QUERY($A$3:$I$2000, """"select A where B="""" & $K123))""),"""")","=IFERROR(__xludf.DUMMYFUNCTION(""Ifna(QUERY($A$3:$I$2000, """"select A where C="""" & $K123))""),"""")","=IFERROR(__xludf.DUMMYFUNCTION(""Ifna(QUERY($A$3:$I$2000, """"select A where D="""" & $K123))""),"""")","=IFERROR(__xludf.DUMMYFUNCTION(""Ifna(QUERY($A$3:$I$2000, """"select A where E="""" & $K123))""),"""")","=IFERROR(__xludf.DUMMYFUNCTION(""Ifna(QUERY($A$3:$I$2000, """"select A where F="""" & $K123))""),"""")","=IFERROR(__xludf.DUMMYFUNCTION(""Ifna(QUERY($A$3:$I$2000, """"select A where G="""" & $K123))""),"""")","=IFERROR(__xludf.DUMMYFUNCTION(""Ifna(QUERY($A$3:$I$2000, """"select A where H="""" & $K123))""),3.0)","=IFERROR(__xludf.DUMMYFUNCTION(""Ifna(QUERY($A$3:$I$2000, """"select A where I="""" & $K123))""),"""")",,,,,,,,,
,,,,,,,,,,122.0,"=IFERROR(__xludf.DUMMYFUNCTION(""Ifna(QUERY($A$3:$I$2000, """"select A where B="""" & $K124))""),"""")","=IFERROR(__xludf.DUMMYFUNCTION(""Ifna(QUERY($A$3:$I$2000, """"select A where C="""" & $K124))""),"""")","=IFERROR(__xludf.DUMMYFUNCTION(""Ifna(QUERY($A$3:$I$2000, """"select A where D="""" & $K124))""),"""")","=IFERROR(__xludf.DUMMYFUNCTION(""Ifna(QUERY($A$3:$I$2000, """"select A where E="""" & $K124))""),"""")","=IFERROR(__xludf.DUMMYFUNCTION(""Ifna(QUERY($A$3:$I$2000, """"select A where F="""" & $K124))""),"""")","=IFERROR(__xludf.DUMMYFUNCTION(""Ifna(QUERY($A$3:$I$2000, """"select A where G="""" & $K124))""),"""")","=IFERROR(__xludf.DUMMYFUNCTION(""Ifna(QUERY($A$3:$I$2000, """"select A where H="""" & $K124))""),"""")","=IFERROR(__xludf.DUMMYFUNCTION(""Ifna(QUERY($A$3:$I$2000, """"select A where I="""" & $K124))""),22.0)",,,,,,,,,
,,,,,,,,,,123.0,"=IFERROR(__xludf.DUMMYFUNCTION(""Ifna(QUERY($A$3:$I$2000, """"select A where B="""" & $K125))""),"""")","=IFERROR(__xludf.DUMMYFUNCTION(""Ifna(QUERY($A$3:$I$2000, """"select A where C="""" & $K125))""),"""")","=IFERROR(__xludf.DUMMYFUNCTION(""Ifna(QUERY($A$3:$I$2000, """"select A where D="""" & $K125))""),"""")","=IFERROR(__xludf.DUMMYFUNCTION(""Ifna(QUERY($A$3:$I$2000, """"select A where E="""" & $K125))""),"""")","=IFERROR(__xludf.DUMMYFUNCTION(""Ifna(QUERY($A$3:$I$2000, """"select A where F="""" & $K125))""),"""")","=IFERROR(__xludf.DUMMYFUNCTION(""Ifna(QUERY($A$3:$I$2000, """"select A where G="""" & $K125))""),"""")","=IFERROR(__xludf.DUMMYFUNCTION(""Ifna(QUERY($A$3:$I$2000, """"select A where H="""" & $K125))""),"""")","=IFERROR(__xludf.DUMMYFUNCTION(""Ifna(QUERY($A$3:$I$2000, """"select A where I="""" & $K125))""),"""")",,,,,,,,,
,,,,,,,,,,124.0,"=IFERROR(__xludf.DUMMYFUNCTION(""Ifna(QUERY($A$3:$I$2000, """"select A where B="""" & $K126))""),"""")","=IFERROR(__xludf.DUMMYFUNCTION(""Ifna(QUERY($A$3:$I$2000, """"select A where C="""" & $K126))""),"""")","=IFERROR(__xludf.DUMMYFUNCTION(""Ifna(QUERY($A$3:$I$2000, """"select A where D="""" & $K126))""),"""")","=IFERROR(__xludf.DUMMYFUNCTION(""Ifna(QUERY($A$3:$I$2000, """"select A where E="""" & $K126))""),"""")","=IFERROR(__xludf.DUMMYFUNCTION(""Ifna(QUERY($A$3:$I$2000, """"select A where F="""" & $K126))""),"""")","=IFERROR(__xludf.DUMMYFUNCTION(""Ifna(QUERY($A$3:$I$2000, """"select A where G="""" & $K126))""),"""")","=IFERROR(__xludf.DUMMYFUNCTION(""Ifna(QUERY($A$3:$I$2000, """"select A where H="""" & $K126))""),"""")","=IFERROR(__xludf.DUMMYFUNCTION(""Ifna(QUERY($A$3:$I$2000, """"select A where I="""" & $K126))""),"""")",,,,,,,,,
,,,,,,,,,,125.0,"=IFERROR(__xludf.DUMMYFUNCTION(""Ifna(QUERY($A$3:$I$2000, """"select A where B="""" & $K127))""),"""")","=IFERROR(__xludf.DUMMYFUNCTION(""Ifna(QUERY($A$3:$I$2000, """"select A where C="""" & $K127))""),"""")","=IFERROR(__xludf.DUMMYFUNCTION(""Ifna(QUERY($A$3:$I$2000, """"select A where D="""" & $K127))""),"""")","=IFERROR(__xludf.DUMMYFUNCTION(""Ifna(QUERY($A$3:$I$2000, """"select A where E="""" & $K127))""),"""")","=IFERROR(__xludf.DUMMYFUNCTION(""Ifna(QUERY($A$3:$I$2000, """"select A where F="""" & $K127))""),"""")","=IFERROR(__xludf.DUMMYFUNCTION(""Ifna(QUERY($A$3:$I$2000, """"select A where G="""" & $K127))""),"""")","=IFERROR(__xludf.DUMMYFUNCTION(""Ifna(QUERY($A$3:$I$2000, """"select A where H="""" & $K127))""),"""")","=IFERROR(__xludf.DUMMYFUNCTION(""Ifna(QUERY($A$3:$I$2000, """"select A where I="""" & $K127))""),"""")",,,,,,,,,
,,,,,,,,,,126.0,"=IFERROR(__xludf.DUMMYFUNCTION(""Ifna(QUERY($A$3:$I$2000, """"select A where B="""" & $K128))""),"""")","=IFERROR(__xludf.DUMMYFUNCTION(""Ifna(QUERY($A$3:$I$2000, """"select A where C="""" & $K128))""),"""")","=IFERROR(__xludf.DUMMYFUNCTION(""Ifna(QUERY($A$3:$I$2000, """"select A where D="""" & $K128))""),"""")","=IFERROR(__xludf.DUMMYFUNCTION(""Ifna(QUERY($A$3:$I$2000, """"select A where E="""" & $K128))""),"""")","=IFERROR(__xludf.DUMMYFUNCTION(""Ifna(QUERY($A$3:$I$2000, """"select A where F="""" & $K128))""),"""")","=IFERROR(__xludf.DUMMYFUNCTION(""Ifna(QUERY($A$3:$I$2000, """"select A where G="""" & $K128))""),"""")","=IFERROR(__xludf.DUMMYFUNCTION(""Ifna(QUERY($A$3:$I$2000, """"select A where H="""" & $K128))""),"""")","=IFERROR(__xludf.DUMMYFUNCTION(""Ifna(QUERY($A$3:$I$2000, """"select A where I="""" & $K128))""),21.0)",,,,,,,,,
,,,,,,,,,,127.0,"=IFERROR(__xludf.DUMMYFUNCTION(""Ifna(QUERY($A$3:$I$2000, """"select A where B="""" & $K129))""),"""")","=IFERROR(__xludf.DUMMYFUNCTION(""Ifna(QUERY($A$3:$I$2000, """"select A where C="""" & $K129))""),"""")","=IFERROR(__xludf.DUMMYFUNCTION(""Ifna(QUERY($A$3:$I$2000, """"select A where D="""" & $K129))""),"""")","=IFERROR(__xludf.DUMMYFUNCTION(""Ifna(QUERY($A$3:$I$2000, """"select A where E="""" & $K129))""),"""")","=IFERROR(__xludf.DUMMYFUNCTION(""Ifna(QUERY($A$3:$I$2000, """"select A where F="""" & $K129))""),"""")","=IFERROR(__xludf.DUMMYFUNCTION(""Ifna(QUERY($A$3:$I$2000, """"select A where G="""" & $K129))""),"""")","=IFERROR(__xludf.DUMMYFUNCTION(""Ifna(QUERY($A$3:$I$2000, """"select A where H="""" & $K129))""),2.0)","=IFERROR(__xludf.DUMMYFUNCTION(""Ifna(QUERY($A$3:$I$2000, """"select A where I="""" & $K129))""),"""")",,,,,,,,,
,,,,,,,,,,128.0,"=IFERROR(__xludf.DUMMYFUNCTION(""Ifna(QUERY($A$3:$I$2000, """"select A where B="""" & $K130))""),"""")","=IFERROR(__xludf.DUMMYFUNCTION(""Ifna(QUERY($A$3:$I$2000, """"select A where C="""" & $K130))""),"""")","=IFERROR(__xludf.DUMMYFUNCTION(""Ifna(QUERY($A$3:$I$2000, """"select A where D="""" & $K130))""),"""")","=IFERROR(__xludf.DUMMYFUNCTION(""Ifna(QUERY($A$3:$I$2000, """"select A where E="""" & $K130))""),"""")","=IFERROR(__xludf.DUMMYFUNCTION(""Ifna(QUERY($A$3:$I$2000, """"select A where F="""" & $K130))""),"""")","=IFERROR(__xludf.DUMMYFUNCTION(""Ifna(QUERY($A$3:$I$2000, """"select A where G="""" & $K130))""),"""")","=IFERROR(__xludf.DUMMYFUNCTION(""Ifna(QUERY($A$3:$I$2000, """"select A where H="""" & $K130))""),1.0)","=IFERROR(__xludf.DUMMYFUNCTION(""Ifna(QUERY($A$3:$I$2000, """"select A where I="""" & $K130))""),"""")",,,,,,,,,
,,,,,,,,,,129.0,"=IFERROR(__xludf.DUMMYFUNCTION(""Ifna(QUERY($A$3:$I$2000, """"select A where B="""" & $K131))""),"""")","=IFERROR(__xludf.DUMMYFUNCTION(""Ifna(QUERY($A$3:$I$2000, """"select A where C="""" & $K131))""),"""")","=IFERROR(__xludf.DUMMYFUNCTION(""Ifna(QUERY($A$3:$I$2000, """"select A where D="""" & $K131))""),"""")","=IFERROR(__xludf.DUMMYFUNCTION(""Ifna(QUERY($A$3:$I$2000, """"select A where E="""" & $K131))""),"""")","=IFERROR(__xludf.DUMMYFUNCTION(""Ifna(QUERY($A$3:$I$2000, """"select A where F="""" & $K131))""),"""")","=IFERROR(__xludf.DUMMYFUNCTION(""Ifna(QUERY($A$3:$I$2000, """"select A where G="""" & $K131))""),"""")","=IFERROR(__xludf.DUMMYFUNCTION(""Ifna(QUERY($A$3:$I$2000, """"select A where H="""" & $K131))""),"""")","=IFERROR(__xludf.DUMMYFUNCTION(""Ifna(QUERY($A$3:$I$2000, """"select A where I="""" & $K131))""),"""")",,,,,,,,,
,,,,,,,,,,130.0,"=IFERROR(__xludf.DUMMYFUNCTION(""Ifna(QUERY($A$3:$I$2000, """"select A where B="""" & $K132))""),"""")","=IFERROR(__xludf.DUMMYFUNCTION(""Ifna(QUERY($A$3:$I$2000, """"select A where C="""" & $K132))""),"""")","=IFERROR(__xludf.DUMMYFUNCTION(""Ifna(QUERY($A$3:$I$2000, """"select A where D="""" & $K132))""),"""")","=IFERROR(__xludf.DUMMYFUNCTION(""Ifna(QUERY($A$3:$I$2000, """"select A where E="""" & $K132))""),"""")","=IFERROR(__xludf.DUMMYFUNCTION(""Ifna(QUERY($A$3:$I$2000, """"select A where F="""" & $K132))""),"""")","=IFERROR(__xludf.DUMMYFUNCTION(""Ifna(QUERY($A$3:$I$2000, """"select A where G="""" & $K132))""),"""")","=IFERROR(__xludf.DUMMYFUNCTION(""Ifna(QUERY($A$3:$I$2000, """"select A where H="""" & $K132))""),"""")","=IFERROR(__xludf.DUMMYFUNCTION(""Ifna(QUERY($A$3:$I$2000, """"select A where I="""" & $K132))""),20.0)",,,,,,,,,
,,,,,,,,,,131.0,"=IFERROR(__xludf.DUMMYFUNCTION(""Ifna(QUERY($A$3:$I$2000, """"select A where B="""" & $K133))""),"""")","=IFERROR(__xludf.DUMMYFUNCTION(""Ifna(QUERY($A$3:$I$2000, """"select A where C="""" & $K133))""),"""")","=IFERROR(__xludf.DUMMYFUNCTION(""Ifna(QUERY($A$3:$I$2000, """"select A where D="""" & $K133))""),"""")","=IFERROR(__xludf.DUMMYFUNCTION(""Ifna(QUERY($A$3:$I$2000, """"select A where E="""" & $K133))""),"""")","=IFERROR(__xludf.DUMMYFUNCTION(""Ifna(QUERY($A$3:$I$2000, """"select A where F="""" & $K133))""),"""")","=IFERROR(__xludf.DUMMYFUNCTION(""Ifna(QUERY($A$3:$I$2000, """"select A where G="""" & $K133))""),"""")","=IFERROR(__xludf.DUMMYFUNCTION(""Ifna(QUERY($A$3:$I$2000, """"select A where H="""" & $K133))""),"""")","=IFERROR(__xludf.DUMMYFUNCTION(""Ifna(QUERY($A$3:$I$2000, """"select A where I="""" & $K133))""),"""")",,,,,,,,,
,,,,,,,,,,132.0,"=IFERROR(__xludf.DUMMYFUNCTION(""Ifna(QUERY($A$3:$I$2000, """"select A where B="""" & $K134))""),"""")","=IFERROR(__xludf.DUMMYFUNCTION(""Ifna(QUERY($A$3:$I$2000, """"select A where C="""" & $K134))""),"""")","=IFERROR(__xludf.DUMMYFUNCTION(""Ifna(QUERY($A$3:$I$2000, """"select A where D="""" & $K134))""),"""")","=IFERROR(__xludf.DUMMYFUNCTION(""Ifna(QUERY($A$3:$I$2000, """"select A where E="""" & $K134))""),"""")","=IFERROR(__xludf.DUMMYFUNCTION(""Ifna(QUERY($A$3:$I$2000, """"select A where F="""" & $K134))""),"""")","=IFERROR(__xludf.DUMMYFUNCTION(""Ifna(QUERY($A$3:$I$2000, """"select A where G="""" & $K134))""),"""")","=IFERROR(__xludf.DUMMYFUNCTION(""Ifna(QUERY($A$3:$I$2000, """"select A where H="""" & $K134))""),"""")","=IFERROR(__xludf.DUMMYFUNCTION(""Ifna(QUERY($A$3:$I$2000, """"select A where I="""" & $K134))""),"""")",,,,,,,,,
,,,,,,,,,,133.0,"=IFERROR(__xludf.DUMMYFUNCTION(""Ifna(QUERY($A$3:$I$2000, """"select A where B="""" & $K135))""),"""")","=IFERROR(__xludf.DUMMYFUNCTION(""Ifna(QUERY($A$3:$I$2000, """"select A where C="""" & $K135))""),"""")","=IFERROR(__xludf.DUMMYFUNCTION(""Ifna(QUERY($A$3:$I$2000, """"select A where D="""" & $K135))""),"""")","=IFERROR(__xludf.DUMMYFUNCTION(""Ifna(QUERY($A$3:$I$2000, """"select A where E="""" & $K135))""),"""")","=IFERROR(__xludf.DUMMYFUNCTION(""Ifna(QUERY($A$3:$I$2000, """"select A where F="""" & $K135))""),"""")","=IFERROR(__xludf.DUMMYFUNCTION(""Ifna(QUERY($A$3:$I$2000, """"select A where G="""" & $K135))""),"""")","=IFERROR(__xludf.DUMMYFUNCTION(""Ifna(QUERY($A$3:$I$2000, """"select A where H="""" & $K135))""),"""")","=IFERROR(__xludf.DUMMYFUNCTION(""Ifna(QUERY($A$3:$I$2000, """"select A where I="""" & $K135))""),"""")",,,,,,,,,
,,,,,,,,,,134.0,"=IFERROR(__xludf.DUMMYFUNCTION(""Ifna(QUERY($A$3:$I$2000, """"select A where B="""" & $K136))""),"""")","=IFERROR(__xludf.DUMMYFUNCTION(""Ifna(QUERY($A$3:$I$2000, """"select A where C="""" & $K136))""),"""")","=IFERROR(__xludf.DUMMYFUNCTION(""Ifna(QUERY($A$3:$I$2000, """"select A where D="""" & $K136))""),"""")","=IFERROR(__xludf.DUMMYFUNCTION(""Ifna(QUERY($A$3:$I$2000, """"select A where E="""" & $K136))""),"""")","=IFERROR(__xludf.DUMMYFUNCTION(""Ifna(QUERY($A$3:$I$2000, """"select A where F="""" & $K136))""),"""")","=IFERROR(__xludf.DUMMYFUNCTION(""Ifna(QUERY($A$3:$I$2000, """"select A where G="""" & $K136))""),"""")","=IFERROR(__xludf.DUMMYFUNCTION(""Ifna(QUERY($A$3:$I$2000, """"select A where H="""" & $K136))""),"""")","=IFERROR(__xludf.DUMMYFUNCTION(""Ifna(QUERY($A$3:$I$2000, """"select A where I="""" & $K136))""),"""")",,,,,,,,,
,,,,,,,,,,135.0,"=IFERROR(__xludf.DUMMYFUNCTION(""Ifna(QUERY($A$3:$I$2000, """"select A where B="""" & $K137))""),"""")","=IFERROR(__xludf.DUMMYFUNCTION(""Ifna(QUERY($A$3:$I$2000, """"select A where C="""" & $K137))""),"""")","=IFERROR(__xludf.DUMMYFUNCTION(""Ifna(QUERY($A$3:$I$2000, """"select A where D="""" & $K137))""),"""")","=IFERROR(__xludf.DUMMYFUNCTION(""Ifna(QUERY($A$3:$I$2000, """"select A where E="""" & $K137))""),"""")","=IFERROR(__xludf.DUMMYFUNCTION(""Ifna(QUERY($A$3:$I$2000, """"select A where F="""" & $K137))""),"""")","=IFERROR(__xludf.DUMMYFUNCTION(""Ifna(QUERY($A$3:$I$2000, """"select A where G="""" & $K137))""),"""")","=IFERROR(__xludf.DUMMYFUNCTION(""Ifna(QUERY($A$3:$I$2000, """"select A where H="""" & $K137))""),"""")","=IFERROR(__xludf.DUMMYFUNCTION(""Ifna(QUERY($A$3:$I$2000, """"select A where I="""" & $K137))""),19.0)",,,,,,,,,
,,,,,,,,,,136.0,"=IFERROR(__xludf.DUMMYFUNCTION(""Ifna(QUERY($A$3:$I$2000, """"select A where B="""" & $K138))""),"""")","=IFERROR(__xludf.DUMMYFUNCTION(""Ifna(QUERY($A$3:$I$2000, """"select A where C="""" & $K138))""),"""")","=IFERROR(__xludf.DUMMYFUNCTION(""Ifna(QUERY($A$3:$I$2000, """"select A where D="""" & $K138))""),"""")","=IFERROR(__xludf.DUMMYFUNCTION(""Ifna(QUERY($A$3:$I$2000, """"select A where E="""" & $K138))""),"""")","=IFERROR(__xludf.DUMMYFUNCTION(""Ifna(QUERY($A$3:$I$2000, """"select A where F="""" & $K138))""),"""")","=IFERROR(__xludf.DUMMYFUNCTION(""Ifna(QUERY($A$3:$I$2000, """"select A where G="""" & $K138))""),"""")","=IFERROR(__xludf.DUMMYFUNCTION(""Ifna(QUERY($A$3:$I$2000, """"select A where H="""" & $K138))""),"""")","=IFERROR(__xludf.DUMMYFUNCTION(""Ifna(QUERY($A$3:$I$2000, """"select A where I="""" & $K138))""),"""")",,,,,,,,,
,,,,,,,,,,137.0,"=IFERROR(__xludf.DUMMYFUNCTION(""Ifna(QUERY($A$3:$I$2000, """"select A where B="""" & $K139))""),"""")","=IFERROR(__xludf.DUMMYFUNCTION(""Ifna(QUERY($A$3:$I$2000, """"select A where C="""" & $K139))""),"""")","=IFERROR(__xludf.DUMMYFUNCTION(""Ifna(QUERY($A$3:$I$2000, """"select A where D="""" & $K139))""),"""")","=IFERROR(__xludf.DUMMYFUNCTION(""Ifna(QUERY($A$3:$I$2000, """"select A where E="""" & $K139))""),"""")","=IFERROR(__xludf.DUMMYFUNCTION(""Ifna(QUERY($A$3:$I$2000, """"select A where F="""" & $K139))""),"""")","=IFERROR(__xludf.DUMMYFUNCTION(""Ifna(QUERY($A$3:$I$2000, """"select A where G="""" & $K139))""),"""")","=IFERROR(__xludf.DUMMYFUNCTION(""Ifna(QUERY($A$3:$I$2000, """"select A where H="""" & $K139))""),"""")","=IFERROR(__xludf.DUMMYFUNCTION(""Ifna(QUERY($A$3:$I$2000, """"select A where I="""" & $K139))""),"""")",,,,,,,,,
,,,,,,,,,,138.0,"=IFERROR(__xludf.DUMMYFUNCTION(""Ifna(QUERY($A$3:$I$2000, """"select A where B="""" & $K140))""),"""")","=IFERROR(__xludf.DUMMYFUNCTION(""Ifna(QUERY($A$3:$I$2000, """"select A where C="""" & $K140))""),"""")","=IFERROR(__xludf.DUMMYFUNCTION(""Ifna(QUERY($A$3:$I$2000, """"select A where D="""" & $K140))""),"""")","=IFERROR(__xludf.DUMMYFUNCTION(""Ifna(QUERY($A$3:$I$2000, """"select A where E="""" & $K140))""),"""")","=IFERROR(__xludf.DUMMYFUNCTION(""Ifna(QUERY($A$3:$I$2000, """"select A where F="""" & $K140))""),"""")","=IFERROR(__xludf.DUMMYFUNCTION(""Ifna(QUERY($A$3:$I$2000, """"select A where G="""" & $K140))""),"""")","=IFERROR(__xludf.DUMMYFUNCTION(""Ifna(QUERY($A$3:$I$2000, """"select A where H="""" & $K140))""),"""")","=IFERROR(__xludf.DUMMYFUNCTION(""Ifna(QUERY($A$3:$I$2000, """"select A where I="""" & $K140))""),"""")",,,,,,,,,
,,,,,,,,,,139.0,"=IFERROR(__xludf.DUMMYFUNCTION(""Ifna(QUERY($A$3:$I$2000, """"select A where B="""" & $K141))""),"""")","=IFERROR(__xludf.DUMMYFUNCTION(""Ifna(QUERY($A$3:$I$2000, """"select A where C="""" & $K141))""),"""")","=IFERROR(__xludf.DUMMYFUNCTION(""Ifna(QUERY($A$3:$I$2000, """"select A where D="""" & $K141))""),"""")","=IFERROR(__xludf.DUMMYFUNCTION(""Ifna(QUERY($A$3:$I$2000, """"select A where E="""" & $K141))""),"""")","=IFERROR(__xludf.DUMMYFUNCTION(""Ifna(QUERY($A$3:$I$2000, """"select A where F="""" & $K141))""),"""")","=IFERROR(__xludf.DUMMYFUNCTION(""Ifna(QUERY($A$3:$I$2000, """"select A where G="""" & $K141))""),"""")","=IFERROR(__xludf.DUMMYFUNCTION(""Ifna(QUERY($A$3:$I$2000, """"select A where H="""" & $K141))""),"""")","=IFERROR(__xludf.DUMMYFUNCTION(""Ifna(QUERY($A$3:$I$2000, """"select A where I="""" & $K141))""),18.0)",,,,,,,,,
,,,,,,,,,,140.0,"=IFERROR(__xludf.DUMMYFUNCTION(""Ifna(QUERY($A$3:$I$2000, """"select A where B="""" & $K142))""),"""")","=IFERROR(__xludf.DUMMYFUNCTION(""Ifna(QUERY($A$3:$I$2000, """"select A where C="""" & $K142))""),"""")","=IFERROR(__xludf.DUMMYFUNCTION(""Ifna(QUERY($A$3:$I$2000, """"select A where D="""" & $K142))""),"""")","=IFERROR(__xludf.DUMMYFUNCTION(""Ifna(QUERY($A$3:$I$2000, """"select A where E="""" & $K142))""),"""")","=IFERROR(__xludf.DUMMYFUNCTION(""Ifna(QUERY($A$3:$I$2000, """"select A where F="""" & $K142))""),"""")","=IFERROR(__xludf.DUMMYFUNCTION(""Ifna(QUERY($A$3:$I$2000, """"select A where G="""" & $K142))""),"""")","=IFERROR(__xludf.DUMMYFUNCTION(""Ifna(QUERY($A$3:$I$2000, """"select A where H="""" & $K142))""),"""")","=IFERROR(__xludf.DUMMYFUNCTION(""Ifna(QUERY($A$3:$I$2000, """"select A where I="""" & $K142))""),"""")",,,,,,,,,
,,,,,,,,,,141.0,"=IFERROR(__xludf.DUMMYFUNCTION(""Ifna(QUERY($A$3:$I$2000, """"select A where B="""" & $K143))""),"""")","=IFERROR(__xludf.DUMMYFUNCTION(""Ifna(QUERY($A$3:$I$2000, """"select A where C="""" & $K143))""),"""")","=IFERROR(__xludf.DUMMYFUNCTION(""Ifna(QUERY($A$3:$I$2000, """"select A where D="""" & $K143))""),"""")","=IFERROR(__xludf.DUMMYFUNCTION(""Ifna(QUERY($A$3:$I$2000, """"select A where E="""" & $K143))""),"""")","=IFERROR(__xludf.DUMMYFUNCTION(""Ifna(QUERY($A$3:$I$2000, """"select A where F="""" & $K143))""),"""")","=IFERROR(__xludf.DUMMYFUNCTION(""Ifna(QUERY($A$3:$I$2000, """"select A where G="""" & $K143))""),"""")","=IFERROR(__xludf.DUMMYFUNCTION(""Ifna(QUERY($A$3:$I$2000, """"select A where H="""" & $K143))""),"""")","=IFERROR(__xludf.DUMMYFUNCTION(""Ifna(QUERY($A$3:$I$2000, """"select A where I="""" & $K143))""),"""")",,,,,,,,,
,,,,,,,,,,142.0,"=IFERROR(__xludf.DUMMYFUNCTION(""Ifna(QUERY($A$3:$I$2000, """"select A where B="""" & $K144))""),"""")","=IFERROR(__xludf.DUMMYFUNCTION(""Ifna(QUERY($A$3:$I$2000, """"select A where C="""" & $K144))""),"""")","=IFERROR(__xludf.DUMMYFUNCTION(""Ifna(QUERY($A$3:$I$2000, """"select A where D="""" & $K144))""),"""")","=IFERROR(__xludf.DUMMYFUNCTION(""Ifna(QUERY($A$3:$I$2000, """"select A where E="""" & $K144))""),"""")","=IFERROR(__xludf.DUMMYFUNCTION(""Ifna(QUERY($A$3:$I$2000, """"select A where F="""" & $K144))""),"""")","=IFERROR(__xludf.DUMMYFUNCTION(""Ifna(QUERY($A$3:$I$2000, """"select A where G="""" & $K144))""),"""")","=IFERROR(__xludf.DUMMYFUNCTION(""Ifna(QUERY($A$3:$I$2000, """"select A where H="""" & $K144))""),"""")","=IFERROR(__xludf.DUMMYFUNCTION(""Ifna(QUERY($A$3:$I$2000, """"select A where I="""" & $K144))""),17.0)",,,,,,,,,
,,,,,,,,,,143.0,"=IFERROR(__xludf.DUMMYFUNCTION(""Ifna(QUERY($A$3:$I$2000, """"select A where B="""" & $K145))""),"""")","=IFERROR(__xludf.DUMMYFUNCTION(""Ifna(QUERY($A$3:$I$2000, """"select A where C="""" & $K145))""),"""")","=IFERROR(__xludf.DUMMYFUNCTION(""Ifna(QUERY($A$3:$I$2000, """"select A where D="""" & $K145))""),"""")","=IFERROR(__xludf.DUMMYFUNCTION(""Ifna(QUERY($A$3:$I$2000, """"select A where E="""" & $K145))""),"""")","=IFERROR(__xludf.DUMMYFUNCTION(""Ifna(QUERY($A$3:$I$2000, """"select A where F="""" & $K145))""),"""")","=IFERROR(__xludf.DUMMYFUNCTION(""Ifna(QUERY($A$3:$I$2000, """"select A where G="""" & $K145))""),"""")","=IFERROR(__xludf.DUMMYFUNCTION(""Ifna(QUERY($A$3:$I$2000, """"select A where H="""" & $K145))""),"""")","=IFERROR(__xludf.DUMMYFUNCTION(""Ifna(QUERY($A$3:$I$2000, """"select A where I="""" & $K145))""),"""")",,,,,,,,,
,,,,,,,,,,144.0,"=IFERROR(__xludf.DUMMYFUNCTION(""Ifna(QUERY($A$3:$I$2000, """"select A where B="""" & $K146))""),"""")","=IFERROR(__xludf.DUMMYFUNCTION(""Ifna(QUERY($A$3:$I$2000, """"select A where C="""" & $K146))""),"""")","=IFERROR(__xludf.DUMMYFUNCTION(""Ifna(QUERY($A$3:$I$2000, """"select A where D="""" & $K146))""),"""")","=IFERROR(__xludf.DUMMYFUNCTION(""Ifna(QUERY($A$3:$I$2000, """"select A where E="""" & $K146))""),"""")","=IFERROR(__xludf.DUMMYFUNCTION(""Ifna(QUERY($A$3:$I$2000, """"select A where F="""" & $K146))""),"""")","=IFERROR(__xludf.DUMMYFUNCTION(""Ifna(QUERY($A$3:$I$2000, """"select A where G="""" & $K146))""),"""")","=IFERROR(__xludf.DUMMYFUNCTION(""Ifna(QUERY($A$3:$I$2000, """"select A where H="""" & $K146))""),"""")","=IFERROR(__xludf.DUMMYFUNCTION(""Ifna(QUERY($A$3:$I$2000, """"select A where I="""" & $K146))""),"""")",,,,,,,,,
,,,,,,,,,,145.0,"=IFERROR(__xludf.DUMMYFUNCTION(""Ifna(QUERY($A$3:$I$2000, """"select A where B="""" & $K147))""),"""")","=IFERROR(__xludf.DUMMYFUNCTION(""Ifna(QUERY($A$3:$I$2000, """"select A where C="""" & $K147))""),"""")","=IFERROR(__xludf.DUMMYFUNCTION(""Ifna(QUERY($A$3:$I$2000, """"select A where D="""" & $K147))""),"""")","=IFERROR(__xludf.DUMMYFUNCTION(""Ifna(QUERY($A$3:$I$2000, """"select A where E="""" & $K147))""),"""")","=IFERROR(__xludf.DUMMYFUNCTION(""Ifna(QUERY($A$3:$I$2000, """"select A where F="""" & $K147))""),"""")","=IFERROR(__xludf.DUMMYFUNCTION(""Ifna(QUERY($A$3:$I$2000, """"select A where G="""" & $K147))""),"""")","=IFERROR(__xludf.DUMMYFUNCTION(""Ifna(QUERY($A$3:$I$2000, """"select A where H="""" & $K147))""),"""")","=IFERROR(__xludf.DUMMYFUNCTION(""Ifna(QUERY($A$3:$I$2000, """"select A where I="""" & $K147))""),"""")",,,,,,,,,
,,,,,,,,,,146.0,"=IFERROR(__xludf.DUMMYFUNCTION(""Ifna(QUERY($A$3:$I$2000, """"select A where B="""" & $K148))""),"""")","=IFERROR(__xludf.DUMMYFUNCTION(""Ifna(QUERY($A$3:$I$2000, """"select A where C="""" & $K148))""),"""")","=IFERROR(__xludf.DUMMYFUNCTION(""Ifna(QUERY($A$3:$I$2000, """"select A where D="""" & $K148))""),"""")","=IFERROR(__xludf.DUMMYFUNCTION(""Ifna(QUERY($A$3:$I$2000, """"select A where E="""" & $K148))""),"""")","=IFERROR(__xludf.DUMMYFUNCTION(""Ifna(QUERY($A$3:$I$2000, """"select A where F="""" & $K148))""),"""")","=IFERROR(__xludf.DUMMYFUNCTION(""Ifna(QUERY($A$3:$I$2000, """"select A where G="""" & $K148))""),"""")","=IFERROR(__xludf.DUMMYFUNCTION(""Ifna(QUERY($A$3:$I$2000, """"select A where H="""" & $K148))""),"""")","=IFERROR(__xludf.DUMMYFUNCTION(""Ifna(QUERY($A$3:$I$2000, """"select A where I="""" & $K148))""),"""")",,,,,,,,,
,,,,,,,,,,147.0,"=IFERROR(__xludf.DUMMYFUNCTION(""Ifna(QUERY($A$3:$I$2000, """"select A where B="""" & $K149))""),"""")","=IFERROR(__xludf.DUMMYFUNCTION(""Ifna(QUERY($A$3:$I$2000, """"select A where C="""" & $K149))""),"""")","=IFERROR(__xludf.DUMMYFUNCTION(""Ifna(QUERY($A$3:$I$2000, """"select A where D="""" & $K149))""),"""")","=IFERROR(__xludf.DUMMYFUNCTION(""Ifna(QUERY($A$3:$I$2000, """"select A where E="""" & $K149))""),"""")","=IFERROR(__xludf.DUMMYFUNCTION(""Ifna(QUERY($A$3:$I$2000, """"select A where F="""" & $K149))""),"""")","=IFERROR(__xludf.DUMMYFUNCTION(""Ifna(QUERY($A$3:$I$2000, """"select A where G="""" & $K149))""),"""")","=IFERROR(__xludf.DUMMYFUNCTION(""Ifna(QUERY($A$3:$I$2000, """"select A where H="""" & $K149))""),"""")","=IFERROR(__xludf.DUMMYFUNCTION(""Ifna(QUERY($A$3:$I$2000, """"select A where I="""" & $K149))""),"""")",,,,,,,,,
,,,,,,,,,,148.0,"=IFERROR(__xludf.DUMMYFUNCTION(""Ifna(QUERY($A$3:$I$2000, """"select A where B="""" & $K150))""),"""")","=IFERROR(__xludf.DUMMYFUNCTION(""Ifna(QUERY($A$3:$I$2000, """"select A where C="""" & $K150))""),"""")","=IFERROR(__xludf.DUMMYFUNCTION(""Ifna(QUERY($A$3:$I$2000, """"select A where D="""" & $K150))""),"""")","=IFERROR(__xludf.DUMMYFUNCTION(""Ifna(QUERY($A$3:$I$2000, """"select A where E="""" & $K150))""),"""")","=IFERROR(__xludf.DUMMYFUNCTION(""Ifna(QUERY($A$3:$I$2000, """"select A where F="""" & $K150))""),"""")","=IFERROR(__xludf.DUMMYFUNCTION(""Ifna(QUERY($A$3:$I$2000, """"select A where G="""" & $K150))""),"""")","=IFERROR(__xludf.DUMMYFUNCTION(""Ifna(QUERY($A$3:$I$2000, """"select A where H="""" & $K150))""),"""")","=IFERROR(__xludf.DUMMYFUNCTION(""Ifna(QUERY($A$3:$I$2000, """"select A where I="""" & $K150))""),16.0)",,,,,,,,,
,,,,,,,,,,149.0,"=IFERROR(__xludf.DUMMYFUNCTION(""Ifna(QUERY($A$3:$I$2000, """"select A where B="""" & $K151))""),"""")","=IFERROR(__xludf.DUMMYFUNCTION(""Ifna(QUERY($A$3:$I$2000, """"select A where C="""" & $K151))""),"""")","=IFERROR(__xludf.DUMMYFUNCTION(""Ifna(QUERY($A$3:$I$2000, """"select A where D="""" & $K151))""),"""")","=IFERROR(__xludf.DUMMYFUNCTION(""Ifna(QUERY($A$3:$I$2000, """"select A where E="""" & $K151))""),"""")","=IFERROR(__xludf.DUMMYFUNCTION(""Ifna(QUERY($A$3:$I$2000, """"select A where F="""" & $K151))""),"""")","=IFERROR(__xludf.DUMMYFUNCTION(""Ifna(QUERY($A$3:$I$2000, """"select A where G="""" & $K151))""),"""")","=IFERROR(__xludf.DUMMYFUNCTION(""Ifna(QUERY($A$3:$I$2000, """"select A where H="""" & $K151))""),"""")","=IFERROR(__xludf.DUMMYFUNCTION(""Ifna(QUERY($A$3:$I$2000, """"select A where I="""" & $K151))""),"""")",,,,,,,,,
,,,,,,,,,,150.0,"=IFERROR(__xludf.DUMMYFUNCTION(""Ifna(QUERY($A$3:$I$2000, """"select A where B="""" & $K152))""),"""")","=IFERROR(__xludf.DUMMYFUNCTION(""Ifna(QUERY($A$3:$I$2000, """"select A where C="""" & $K152))""),"""")","=IFERROR(__xludf.DUMMYFUNCTION(""Ifna(QUERY($A$3:$I$2000, """"select A where D="""" & $K152))""),"""")","=IFERROR(__xludf.DUMMYFUNCTION(""Ifna(QUERY($A$3:$I$2000, """"select A where E="""" & $K152))""),"""")","=IFERROR(__xludf.DUMMYFUNCTION(""Ifna(QUERY($A$3:$I$2000, """"select A where F="""" & $K152))""),"""")","=IFERROR(__xludf.DUMMYFUNCTION(""Ifna(QUERY($A$3:$I$2000, """"select A where G="""" & $K152))""),"""")","=IFERROR(__xludf.DUMMYFUNCTION(""Ifna(QUERY($A$3:$I$2000, """"select A where H="""" & $K152))""),"""")","=IFERROR(__xludf.DUMMYFUNCTION(""Ifna(QUERY($A$3:$I$2000, """"select A where I="""" & $K152))""),"""")",,,,,,,,,
,,,,,,,,,,151.0,"=IFERROR(__xludf.DUMMYFUNCTION(""Ifna(QUERY($A$3:$I$2000, """"select A where B="""" & $K153))""),"""")","=IFERROR(__xludf.DUMMYFUNCTION(""Ifna(QUERY($A$3:$I$2000, """"select A where C="""" & $K153))""),"""")","=IFERROR(__xludf.DUMMYFUNCTION(""Ifna(QUERY($A$3:$I$2000, """"select A where D="""" & $K153))""),"""")","=IFERROR(__xludf.DUMMYFUNCTION(""Ifna(QUERY($A$3:$I$2000, """"select A where E="""" & $K153))""),"""")","=IFERROR(__xludf.DUMMYFUNCTION(""Ifna(QUERY($A$3:$I$2000, """"select A where F="""" & $K153))""),"""")","=IFERROR(__xludf.DUMMYFUNCTION(""Ifna(QUERY($A$3:$I$2000, """"select A where G="""" & $K153))""),"""")","=IFERROR(__xludf.DUMMYFUNCTION(""Ifna(QUERY($A$3:$I$2000, """"select A where H="""" & $K153))""),"""")","=IFERROR(__xludf.DUMMYFUNCTION(""Ifna(QUERY($A$3:$I$2000, """"select A where I="""" & $K153))""),"""")",,,,,,,,,
,,,,,,,,,,152.0,"=IFERROR(__xludf.DUMMYFUNCTION(""Ifna(QUERY($A$3:$I$2000, """"select A where B="""" & $K154))""),"""")","=IFERROR(__xludf.DUMMYFUNCTION(""Ifna(QUERY($A$3:$I$2000, """"select A where C="""" & $K154))""),"""")","=IFERROR(__xludf.DUMMYFUNCTION(""Ifna(QUERY($A$3:$I$2000, """"select A where D="""" & $K154))""),"""")","=IFERROR(__xludf.DUMMYFUNCTION(""Ifna(QUERY($A$3:$I$2000, """"select A where E="""" & $K154))""),"""")","=IFERROR(__xludf.DUMMYFUNCTION(""Ifna(QUERY($A$3:$I$2000, """"select A where F="""" & $K154))""),"""")","=IFERROR(__xludf.DUMMYFUNCTION(""Ifna(QUERY($A$3:$I$2000, """"select A where G="""" & $K154))""),"""")","=IFERROR(__xludf.DUMMYFUNCTION(""Ifna(QUERY($A$3:$I$2000, """"select A where H="""" & $K154))""),"""")","=IFERROR(__xludf.DUMMYFUNCTION(""Ifna(QUERY($A$3:$I$2000, """"select A where I="""" & $K154))""),"""")",,,,,,,,,
,,,,,,,,,,153.0,"=IFERROR(__xludf.DUMMYFUNCTION(""Ifna(QUERY($A$3:$I$2000, """"select A where B="""" & $K155))""),"""")","=IFERROR(__xludf.DUMMYFUNCTION(""Ifna(QUERY($A$3:$I$2000, """"select A where C="""" & $K155))""),"""")","=IFERROR(__xludf.DUMMYFUNCTION(""Ifna(QUERY($A$3:$I$2000, """"select A where D="""" & $K155))""),"""")","=IFERROR(__xludf.DUMMYFUNCTION(""Ifna(QUERY($A$3:$I$2000, """"select A where E="""" & $K155))""),"""")","=IFERROR(__xludf.DUMMYFUNCTION(""Ifna(QUERY($A$3:$I$2000, """"select A where F="""" & $K155))""),"""")","=IFERROR(__xludf.DUMMYFUNCTION(""Ifna(QUERY($A$3:$I$2000, """"select A where G="""" & $K155))""),"""")","=IFERROR(__xludf.DUMMYFUNCTION(""Ifna(QUERY($A$3:$I$2000, """"select A where H="""" & $K155))""),"""")","=IFERROR(__xludf.DUMMYFUNCTION(""Ifna(QUERY($A$3:$I$2000, """"select A where I="""" & $K155))""),15.0)",,,,,,,,,
,,,,,,,,,,154.0,"=IFERROR(__xludf.DUMMYFUNCTION(""Ifna(QUERY($A$3:$I$2000, """"select A where B="""" & $K156))""),"""")","=IFERROR(__xludf.DUMMYFUNCTION(""Ifna(QUERY($A$3:$I$2000, """"select A where C="""" & $K156))""),"""")","=IFERROR(__xludf.DUMMYFUNCTION(""Ifna(QUERY($A$3:$I$2000, """"select A where D="""" & $K156))""),"""")","=IFERROR(__xludf.DUMMYFUNCTION(""Ifna(QUERY($A$3:$I$2000, """"select A where E="""" & $K156))""),"""")","=IFERROR(__xludf.DUMMYFUNCTION(""Ifna(QUERY($A$3:$I$2000, """"select A where F="""" & $K156))""),"""")","=IFERROR(__xludf.DUMMYFUNCTION(""Ifna(QUERY($A$3:$I$2000, """"select A where G="""" & $K156))""),"""")","=IFERROR(__xludf.DUMMYFUNCTION(""Ifna(QUERY($A$3:$I$2000, """"select A where H="""" & $K156))""),"""")","=IFERROR(__xludf.DUMMYFUNCTION(""Ifna(QUERY($A$3:$I$2000, """"select A where I="""" & $K156))""),"""")",,,,,,,,,
,,,,,,,,,,155.0,"=IFERROR(__xludf.DUMMYFUNCTION(""Ifna(QUERY($A$3:$I$2000, """"select A where B="""" & $K157))""),"""")","=IFERROR(__xludf.DUMMYFUNCTION(""Ifna(QUERY($A$3:$I$2000, """"select A where C="""" & $K157))""),"""")","=IFERROR(__xludf.DUMMYFUNCTION(""Ifna(QUERY($A$3:$I$2000, """"select A where D="""" & $K157))""),"""")","=IFERROR(__xludf.DUMMYFUNCTION(""Ifna(QUERY($A$3:$I$2000, """"select A where E="""" & $K157))""),"""")","=IFERROR(__xludf.DUMMYFUNCTION(""Ifna(QUERY($A$3:$I$2000, """"select A where F="""" & $K157))""),"""")","=IFERROR(__xludf.DUMMYFUNCTION(""Ifna(QUERY($A$3:$I$2000, """"select A where G="""" & $K157))""),"""")","=IFERROR(__xludf.DUMMYFUNCTION(""Ifna(QUERY($A$3:$I$2000, """"select A where H="""" & $K157))""),"""")","=IFERROR(__xludf.DUMMYFUNCTION(""Ifna(QUERY($A$3:$I$2000, """"select A where I="""" & $K157))""),"""")",,,,,,,,,
,,,,,,,,,,156.0,"=IFERROR(__xludf.DUMMYFUNCTION(""Ifna(QUERY($A$3:$I$2000, """"select A where B="""" & $K158))""),"""")","=IFERROR(__xludf.DUMMYFUNCTION(""Ifna(QUERY($A$3:$I$2000, """"select A where C="""" & $K158))""),"""")","=IFERROR(__xludf.DUMMYFUNCTION(""Ifna(QUERY($A$3:$I$2000, """"select A where D="""" & $K158))""),"""")","=IFERROR(__xludf.DUMMYFUNCTION(""Ifna(QUERY($A$3:$I$2000, """"select A where E="""" & $K158))""),"""")","=IFERROR(__xludf.DUMMYFUNCTION(""Ifna(QUERY($A$3:$I$2000, """"select A where F="""" & $K158))""),"""")","=IFERROR(__xludf.DUMMYFUNCTION(""Ifna(QUERY($A$3:$I$2000, """"select A where G="""" & $K158))""),"""")","=IFERROR(__xludf.DUMMYFUNCTION(""Ifna(QUERY($A$3:$I$2000, """"select A where H="""" & $K158))""),"""")","=IFERROR(__xludf.DUMMYFUNCTION(""Ifna(QUERY($A$3:$I$2000, """"select A where I="""" & $K158))""),"""")",,,,,,,,,
,,,,,,,,,,157.0,"=IFERROR(__xludf.DUMMYFUNCTION(""Ifna(QUERY($A$3:$I$2000, """"select A where B="""" & $K159))""),"""")","=IFERROR(__xludf.DUMMYFUNCTION(""Ifna(QUERY($A$3:$I$2000, """"select A where C="""" & $K159))""),"""")","=IFERROR(__xludf.DUMMYFUNCTION(""Ifna(QUERY($A$3:$I$2000, """"select A where D="""" & $K159))""),"""")","=IFERROR(__xludf.DUMMYFUNCTION(""Ifna(QUERY($A$3:$I$2000, """"select A where E="""" & $K159))""),"""")","=IFERROR(__xludf.DUMMYFUNCTION(""Ifna(QUERY($A$3:$I$2000, """"select A where F="""" & $K159))""),"""")","=IFERROR(__xludf.DUMMYFUNCTION(""Ifna(QUERY($A$3:$I$2000, """"select A where G="""" & $K159))""),"""")","=IFERROR(__xludf.DUMMYFUNCTION(""Ifna(QUERY($A$3:$I$2000, """"select A where H="""" & $K159))""),"""")","=IFERROR(__xludf.DUMMYFUNCTION(""Ifna(QUERY($A$3:$I$2000, """"select A where I="""" & $K159))""),"""")",,,,,,,,,
,,,,,,,,,,158.0,"=IFERROR(__xludf.DUMMYFUNCTION(""Ifna(QUERY($A$3:$I$2000, """"select A where B="""" & $K160))""),"""")","=IFERROR(__xludf.DUMMYFUNCTION(""Ifna(QUERY($A$3:$I$2000, """"select A where C="""" & $K160))""),"""")","=IFERROR(__xludf.DUMMYFUNCTION(""Ifna(QUERY($A$3:$I$2000, """"select A where D="""" & $K160))""),"""")","=IFERROR(__xludf.DUMMYFUNCTION(""Ifna(QUERY($A$3:$I$2000, """"select A where E="""" & $K160))""),"""")","=IFERROR(__xludf.DUMMYFUNCTION(""Ifna(QUERY($A$3:$I$2000, """"select A where F="""" & $K160))""),"""")","=IFERROR(__xludf.DUMMYFUNCTION(""Ifna(QUERY($A$3:$I$2000, """"select A where G="""" & $K160))""),"""")","=IFERROR(__xludf.DUMMYFUNCTION(""Ifna(QUERY($A$3:$I$2000, """"select A where H="""" & $K160))""),"""")","=IFERROR(__xludf.DUMMYFUNCTION(""Ifna(QUERY($A$3:$I$2000, """"select A where I="""" & $K160))""),"""")",,,,,,,,,
,,,,,,,,,,159.0,"=IFERROR(__xludf.DUMMYFUNCTION(""Ifna(QUERY($A$3:$I$2000, """"select A where B="""" & $K161))""),"""")","=IFERROR(__xludf.DUMMYFUNCTION(""Ifna(QUERY($A$3:$I$2000, """"select A where C="""" & $K161))""),"""")","=IFERROR(__xludf.DUMMYFUNCTION(""Ifna(QUERY($A$3:$I$2000, """"select A where D="""" & $K161))""),"""")","=IFERROR(__xludf.DUMMYFUNCTION(""Ifna(QUERY($A$3:$I$2000, """"select A where E="""" & $K161))""),"""")","=IFERROR(__xludf.DUMMYFUNCTION(""Ifna(QUERY($A$3:$I$2000, """"select A where F="""" & $K161))""),"""")","=IFERROR(__xludf.DUMMYFUNCTION(""Ifna(QUERY($A$3:$I$2000, """"select A where G="""" & $K161))""),"""")","=IFERROR(__xludf.DUMMYFUNCTION(""Ifna(QUERY($A$3:$I$2000, """"select A where H="""" & $K161))""),"""")","=IFERROR(__xludf.DUMMYFUNCTION(""Ifna(QUERY($A$3:$I$2000, """"select A where I="""" & $K161))""),14.0)",,,,,,,,,
,,,,,,,,,,160.0,"=IFERROR(__xludf.DUMMYFUNCTION(""Ifna(QUERY($A$3:$I$2000, """"select A where B="""" & $K162))""),"""")","=IFERROR(__xludf.DUMMYFUNCTION(""Ifna(QUERY($A$3:$I$2000, """"select A where C="""" & $K162))""),"""")","=IFERROR(__xludf.DUMMYFUNCTION(""Ifna(QUERY($A$3:$I$2000, """"select A where D="""" & $K162))""),"""")","=IFERROR(__xludf.DUMMYFUNCTION(""Ifna(QUERY($A$3:$I$2000, """"select A where E="""" & $K162))""),"""")","=IFERROR(__xludf.DUMMYFUNCTION(""Ifna(QUERY($A$3:$I$2000, """"select A where F="""" & $K162))""),"""")","=IFERROR(__xludf.DUMMYFUNCTION(""Ifna(QUERY($A$3:$I$2000, """"select A where G="""" & $K162))""),"""")","=IFERROR(__xludf.DUMMYFUNCTION(""Ifna(QUERY($A$3:$I$2000, """"select A where H="""" & $K162))""),"""")","=IFERROR(__xludf.DUMMYFUNCTION(""Ifna(QUERY($A$3:$I$2000, """"select A where I="""" & $K162))""),"""")",,,,,,,,,
,,,,,,,,,,161.0,"=IFERROR(__xludf.DUMMYFUNCTION(""Ifna(QUERY($A$3:$I$2000, """"select A where B="""" & $K163))""),"""")","=IFERROR(__xludf.DUMMYFUNCTION(""Ifna(QUERY($A$3:$I$2000, """"select A where C="""" & $K163))""),"""")","=IFERROR(__xludf.DUMMYFUNCTION(""Ifna(QUERY($A$3:$I$2000, """"select A where D="""" & $K163))""),"""")","=IFERROR(__xludf.DUMMYFUNCTION(""Ifna(QUERY($A$3:$I$2000, """"select A where E="""" & $K163))""),"""")","=IFERROR(__xludf.DUMMYFUNCTION(""Ifna(QUERY($A$3:$I$2000, """"select A where F="""" & $K163))""),"""")","=IFERROR(__xludf.DUMMYFUNCTION(""Ifna(QUERY($A$3:$I$2000, """"select A where G="""" & $K163))""),"""")","=IFERROR(__xludf.DUMMYFUNCTION(""Ifna(QUERY($A$3:$I$2000, """"select A where H="""" & $K163))""),"""")","=IFERROR(__xludf.DUMMYFUNCTION(""Ifna(QUERY($A$3:$I$2000, """"select A where I="""" & $K163))""),"""")",,,,,,,,,
,,,,,,,,,,162.0,"=IFERROR(__xludf.DUMMYFUNCTION(""Ifna(QUERY($A$3:$I$2000, """"select A where B="""" & $K164))""),"""")","=IFERROR(__xludf.DUMMYFUNCTION(""Ifna(QUERY($A$3:$I$2000, """"select A where C="""" & $K164))""),"""")","=IFERROR(__xludf.DUMMYFUNCTION(""Ifna(QUERY($A$3:$I$2000, """"select A where D="""" & $K164))""),"""")","=IFERROR(__xludf.DUMMYFUNCTION(""Ifna(QUERY($A$3:$I$2000, """"select A where E="""" & $K164))""),"""")","=IFERROR(__xludf.DUMMYFUNCTION(""Ifna(QUERY($A$3:$I$2000, """"select A where F="""" & $K164))""),"""")","=IFERROR(__xludf.DUMMYFUNCTION(""Ifna(QUERY($A$3:$I$2000, """"select A where G="""" & $K164))""),"""")","=IFERROR(__xludf.DUMMYFUNCTION(""Ifna(QUERY($A$3:$I$2000, """"select A where H="""" & $K164))""),"""")","=IFERROR(__xludf.DUMMYFUNCTION(""Ifna(QUERY($A$3:$I$2000, """"select A where I="""" & $K164))""),"""")",,,,,,,,,
,,,,,,,,,,163.0,"=IFERROR(__xludf.DUMMYFUNCTION(""Ifna(QUERY($A$3:$I$2000, """"select A where B="""" & $K165))""),"""")","=IFERROR(__xludf.DUMMYFUNCTION(""Ifna(QUERY($A$3:$I$2000, """"select A where C="""" & $K165))""),"""")","=IFERROR(__xludf.DUMMYFUNCTION(""Ifna(QUERY($A$3:$I$2000, """"select A where D="""" & $K165))""),"""")","=IFERROR(__xludf.DUMMYFUNCTION(""Ifna(QUERY($A$3:$I$2000, """"select A where E="""" & $K165))""),"""")","=IFERROR(__xludf.DUMMYFUNCTION(""Ifna(QUERY($A$3:$I$2000, """"select A where F="""" & $K165))""),"""")","=IFERROR(__xludf.DUMMYFUNCTION(""Ifna(QUERY($A$3:$I$2000, """"select A where G="""" & $K165))""),"""")","=IFERROR(__xludf.DUMMYFUNCTION(""Ifna(QUERY($A$3:$I$2000, """"select A where H="""" & $K165))""),"""")","=IFERROR(__xludf.DUMMYFUNCTION(""Ifna(QUERY($A$3:$I$2000, """"select A where I="""" & $K165))""),"""")",,,,,,,,,
,,,,,,,,,,164.0,"=IFERROR(__xludf.DUMMYFUNCTION(""Ifna(QUERY($A$3:$I$2000, """"select A where B="""" & $K166))""),"""")","=IFERROR(__xludf.DUMMYFUNCTION(""Ifna(QUERY($A$3:$I$2000, """"select A where C="""" & $K166))""),"""")","=IFERROR(__xludf.DUMMYFUNCTION(""Ifna(QUERY($A$3:$I$2000, """"select A where D="""" & $K166))""),"""")","=IFERROR(__xludf.DUMMYFUNCTION(""Ifna(QUERY($A$3:$I$2000, """"select A where E="""" & $K166))""),"""")","=IFERROR(__xludf.DUMMYFUNCTION(""Ifna(QUERY($A$3:$I$2000, """"select A where F="""" & $K166))""),"""")","=IFERROR(__xludf.DUMMYFUNCTION(""Ifna(QUERY($A$3:$I$2000, """"select A where G="""" & $K166))""),"""")","=IFERROR(__xludf.DUMMYFUNCTION(""Ifna(QUERY($A$3:$I$2000, """"select A where H="""" & $K166))""),"""")","=IFERROR(__xludf.DUMMYFUNCTION(""Ifna(QUERY($A$3:$I$2000, """"select A where I="""" & $K166))""),"""")",,,,,,,,,
,,,,,,,,,,165.0,"=IFERROR(__xludf.DUMMYFUNCTION(""Ifna(QUERY($A$3:$I$2000, """"select A where B="""" & $K167))""),"""")","=IFERROR(__xludf.DUMMYFUNCTION(""Ifna(QUERY($A$3:$I$2000, """"select A where C="""" & $K167))""),"""")","=IFERROR(__xludf.DUMMYFUNCTION(""Ifna(QUERY($A$3:$I$2000, """"select A where D="""" & $K167))""),"""")","=IFERROR(__xludf.DUMMYFUNCTION(""Ifna(QUERY($A$3:$I$2000, """"select A where E="""" & $K167))""),"""")","=IFERROR(__xludf.DUMMYFUNCTION(""Ifna(QUERY($A$3:$I$2000, """"select A where F="""" & $K167))""),"""")","=IFERROR(__xludf.DUMMYFUNCTION(""Ifna(QUERY($A$3:$I$2000, """"select A where G="""" & $K167))""),"""")","=IFERROR(__xludf.DUMMYFUNCTION(""Ifna(QUERY($A$3:$I$2000, """"select A where H="""" & $K167))""),"""")","=IFERROR(__xludf.DUMMYFUNCTION(""Ifna(QUERY($A$3:$I$2000, """"select A where I="""" & $K167))""),13.0)",,,,,,,,,
,,,,,,,,,,166.0,"=IFERROR(__xludf.DUMMYFUNCTION(""Ifna(QUERY($A$3:$I$2000, """"select A where B="""" & $K168))""),"""")","=IFERROR(__xludf.DUMMYFUNCTION(""Ifna(QUERY($A$3:$I$2000, """"select A where C="""" & $K168))""),"""")","=IFERROR(__xludf.DUMMYFUNCTION(""Ifna(QUERY($A$3:$I$2000, """"select A where D="""" & $K168))""),"""")","=IFERROR(__xludf.DUMMYFUNCTION(""Ifna(QUERY($A$3:$I$2000, """"select A where E="""" & $K168))""),"""")","=IFERROR(__xludf.DUMMYFUNCTION(""Ifna(QUERY($A$3:$I$2000, """"select A where F="""" & $K168))""),"""")","=IFERROR(__xludf.DUMMYFUNCTION(""Ifna(QUERY($A$3:$I$2000, """"select A where G="""" & $K168))""),"""")","=IFERROR(__xludf.DUMMYFUNCTION(""Ifna(QUERY($A$3:$I$2000, """"select A where H="""" & $K168))""),"""")","=IFERROR(__xludf.DUMMYFUNCTION(""Ifna(QUERY($A$3:$I$2000, """"select A where I="""" & $K168))""),"""")",,,,,,,,,
,,,,,,,,,,167.0,"=IFERROR(__xludf.DUMMYFUNCTION(""Ifna(QUERY($A$3:$I$2000, """"select A where B="""" & $K169))""),"""")","=IFERROR(__xludf.DUMMYFUNCTION(""Ifna(QUERY($A$3:$I$2000, """"select A where C="""" & $K169))""),"""")","=IFERROR(__xludf.DUMMYFUNCTION(""Ifna(QUERY($A$3:$I$2000, """"select A where D="""" & $K169))""),"""")","=IFERROR(__xludf.DUMMYFUNCTION(""Ifna(QUERY($A$3:$I$2000, """"select A where E="""" & $K169))""),"""")","=IFERROR(__xludf.DUMMYFUNCTION(""Ifna(QUERY($A$3:$I$2000, """"select A where F="""" & $K169))""),"""")","=IFERROR(__xludf.DUMMYFUNCTION(""Ifna(QUERY($A$3:$I$2000, """"select A where G="""" & $K169))""),"""")","=IFERROR(__xludf.DUMMYFUNCTION(""Ifna(QUERY($A$3:$I$2000, """"select A where H="""" & $K169))""),"""")","=IFERROR(__xludf.DUMMYFUNCTION(""Ifna(QUERY($A$3:$I$2000, """"select A where I="""" & $K169))""),"""")",,,,,,,,,
,,,,,,,,,,168.0,"=IFERROR(__xludf.DUMMYFUNCTION(""Ifna(QUERY($A$3:$I$2000, """"select A where B="""" & $K170))""),"""")","=IFERROR(__xludf.DUMMYFUNCTION(""Ifna(QUERY($A$3:$I$2000, """"select A where C="""" & $K170))""),"""")","=IFERROR(__xludf.DUMMYFUNCTION(""Ifna(QUERY($A$3:$I$2000, """"select A where D="""" & $K170))""),"""")","=IFERROR(__xludf.DUMMYFUNCTION(""Ifna(QUERY($A$3:$I$2000, """"select A where E="""" & $K170))""),"""")","=IFERROR(__xludf.DUMMYFUNCTION(""Ifna(QUERY($A$3:$I$2000, """"select A where F="""" & $K170))""),"""")","=IFERROR(__xludf.DUMMYFUNCTION(""Ifna(QUERY($A$3:$I$2000, """"select A where G="""" & $K170))""),"""")","=IFERROR(__xludf.DUMMYFUNCTION(""Ifna(QUERY($A$3:$I$2000, """"select A where H="""" & $K170))""),"""")","=IFERROR(__xludf.DUMMYFUNCTION(""Ifna(QUERY($A$3:$I$2000, """"select A where I="""" & $K170))""),"""")",,,,,,,,,
,,,,,,,,,,169.0,"=IFERROR(__xludf.DUMMYFUNCTION(""Ifna(QUERY($A$3:$I$2000, """"select A where B="""" & $K171))""),"""")","=IFERROR(__xludf.DUMMYFUNCTION(""Ifna(QUERY($A$3:$I$2000, """"select A where C="""" & $K171))""),"""")","=IFERROR(__xludf.DUMMYFUNCTION(""Ifna(QUERY($A$3:$I$2000, """"select A where D="""" & $K171))""),"""")","=IFERROR(__xludf.DUMMYFUNCTION(""Ifna(QUERY($A$3:$I$2000, """"select A where E="""" & $K171))""),"""")","=IFERROR(__xludf.DUMMYFUNCTION(""Ifna(QUERY($A$3:$I$2000, """"select A where F="""" & $K171))""),"""")","=IFERROR(__xludf.DUMMYFUNCTION(""Ifna(QUERY($A$3:$I$2000, """"select A where G="""" & $K171))""),"""")","=IFERROR(__xludf.DUMMYFUNCTION(""Ifna(QUERY($A$3:$I$2000, """"select A where H="""" & $K171))""),"""")","=IFERROR(__xludf.DUMMYFUNCTION(""Ifna(QUERY($A$3:$I$2000, """"select A where I="""" & $K171))""),"""")",,,,,,,,,
,,,,,,,,,,170.0,"=IFERROR(__xludf.DUMMYFUNCTION(""Ifna(QUERY($A$3:$I$2000, """"select A where B="""" & $K172))""),"""")","=IFERROR(__xludf.DUMMYFUNCTION(""Ifna(QUERY($A$3:$I$2000, """"select A where C="""" & $K172))""),"""")","=IFERROR(__xludf.DUMMYFUNCTION(""Ifna(QUERY($A$3:$I$2000, """"select A where D="""" & $K172))""),"""")","=IFERROR(__xludf.DUMMYFUNCTION(""Ifna(QUERY($A$3:$I$2000, """"select A where E="""" & $K172))""),"""")","=IFERROR(__xludf.DUMMYFUNCTION(""Ifna(QUERY($A$3:$I$2000, """"select A where F="""" & $K172))""),"""")","=IFERROR(__xludf.DUMMYFUNCTION(""Ifna(QUERY($A$3:$I$2000, """"select A where G="""" & $K172))""),"""")","=IFERROR(__xludf.DUMMYFUNCTION(""Ifna(QUERY($A$3:$I$2000, """"select A where H="""" & $K172))""),"""")","=IFERROR(__xludf.DUMMYFUNCTION(""Ifna(QUERY($A$3:$I$2000, """"select A where I="""" & $K172))""),12.0)",,,,,,,,,
,,,,,,,,,,171.0,"=IFERROR(__xludf.DUMMYFUNCTION(""Ifna(QUERY($A$3:$I$2000, """"select A where B="""" & $K173))""),"""")","=IFERROR(__xludf.DUMMYFUNCTION(""Ifna(QUERY($A$3:$I$2000, """"select A where C="""" & $K173))""),"""")","=IFERROR(__xludf.DUMMYFUNCTION(""Ifna(QUERY($A$3:$I$2000, """"select A where D="""" & $K173))""),"""")","=IFERROR(__xludf.DUMMYFUNCTION(""Ifna(QUERY($A$3:$I$2000, """"select A where E="""" & $K173))""),"""")","=IFERROR(__xludf.DUMMYFUNCTION(""Ifna(QUERY($A$3:$I$2000, """"select A where F="""" & $K173))""),"""")","=IFERROR(__xludf.DUMMYFUNCTION(""Ifna(QUERY($A$3:$I$2000, """"select A where G="""" & $K173))""),"""")","=IFERROR(__xludf.DUMMYFUNCTION(""Ifna(QUERY($A$3:$I$2000, """"select A where H="""" & $K173))""),"""")","=IFERROR(__xludf.DUMMYFUNCTION(""Ifna(QUERY($A$3:$I$2000, """"select A where I="""" & $K173))""),"""")",,,,,,,,,
,,,,,,,,,,172.0,"=IFERROR(__xludf.DUMMYFUNCTION(""Ifna(QUERY($A$3:$I$2000, """"select A where B="""" & $K174))""),"""")","=IFERROR(__xludf.DUMMYFUNCTION(""Ifna(QUERY($A$3:$I$2000, """"select A where C="""" & $K174))""),"""")","=IFERROR(__xludf.DUMMYFUNCTION(""Ifna(QUERY($A$3:$I$2000, """"select A where D="""" & $K174))""),"""")","=IFERROR(__xludf.DUMMYFUNCTION(""Ifna(QUERY($A$3:$I$2000, """"select A where E="""" & $K174))""),"""")","=IFERROR(__xludf.DUMMYFUNCTION(""Ifna(QUERY($A$3:$I$2000, """"select A where F="""" & $K174))""),"""")","=IFERROR(__xludf.DUMMYFUNCTION(""Ifna(QUERY($A$3:$I$2000, """"select A where G="""" & $K174))""),"""")","=IFERROR(__xludf.DUMMYFUNCTION(""Ifna(QUERY($A$3:$I$2000, """"select A where H="""" & $K174))""),"""")","=IFERROR(__xludf.DUMMYFUNCTION(""Ifna(QUERY($A$3:$I$2000, """"select A where I="""" & $K174))""),"""")",,,,,,,,,
,,,,,,,,,,173.0,"=IFERROR(__xludf.DUMMYFUNCTION(""Ifna(QUERY($A$3:$I$2000, """"select A where B="""" & $K175))""),"""")","=IFERROR(__xludf.DUMMYFUNCTION(""Ifna(QUERY($A$3:$I$2000, """"select A where C="""" & $K175))""),"""")","=IFERROR(__xludf.DUMMYFUNCTION(""Ifna(QUERY($A$3:$I$2000, """"select A where D="""" & $K175))""),"""")","=IFERROR(__xludf.DUMMYFUNCTION(""Ifna(QUERY($A$3:$I$2000, """"select A where E="""" & $K175))""),"""")","=IFERROR(__xludf.DUMMYFUNCTION(""Ifna(QUERY($A$3:$I$2000, """"select A where F="""" & $K175))""),"""")","=IFERROR(__xludf.DUMMYFUNCTION(""Ifna(QUERY($A$3:$I$2000, """"select A where G="""" & $K175))""),"""")","=IFERROR(__xludf.DUMMYFUNCTION(""Ifna(QUERY($A$3:$I$2000, """"select A where H="""" & $K175))""),"""")","=IFERROR(__xludf.DUMMYFUNCTION(""Ifna(QUERY($A$3:$I$2000, """"select A where I="""" & $K175))""),"""")",,,,,,,,,
,,,,,,,,,,174.0,"=IFERROR(__xludf.DUMMYFUNCTION(""Ifna(QUERY($A$3:$I$2000, """"select A where B="""" & $K176))""),"""")","=IFERROR(__xludf.DUMMYFUNCTION(""Ifna(QUERY($A$3:$I$2000, """"select A where C="""" & $K176))""),"""")","=IFERROR(__xludf.DUMMYFUNCTION(""Ifna(QUERY($A$3:$I$2000, """"select A where D="""" & $K176))""),"""")","=IFERROR(__xludf.DUMMYFUNCTION(""Ifna(QUERY($A$3:$I$2000, """"select A where E="""" & $K176))""),"""")","=IFERROR(__xludf.DUMMYFUNCTION(""Ifna(QUERY($A$3:$I$2000, """"select A where F="""" & $K176))""),"""")","=IFERROR(__xludf.DUMMYFUNCTION(""Ifna(QUERY($A$3:$I$2000, """"select A where G="""" & $K176))""),"""")","=IFERROR(__xludf.DUMMYFUNCTION(""Ifna(QUERY($A$3:$I$2000, """"select A where H="""" & $K176))""),"""")","=IFERROR(__xludf.DUMMYFUNCTION(""Ifna(QUERY($A$3:$I$2000, """"select A where I="""" & $K176))""),"""")",,,,,,,,,
,,,,,,,,,,175.0,"=IFERROR(__xludf.DUMMYFUNCTION(""Ifna(QUERY($A$3:$I$2000, """"select A where B="""" & $K177))""),"""")","=IFERROR(__xludf.DUMMYFUNCTION(""Ifna(QUERY($A$3:$I$2000, """"select A where C="""" & $K177))""),"""")","=IFERROR(__xludf.DUMMYFUNCTION(""Ifna(QUERY($A$3:$I$2000, """"select A where D="""" & $K177))""),"""")","=IFERROR(__xludf.DUMMYFUNCTION(""Ifna(QUERY($A$3:$I$2000, """"select A where E="""" & $K177))""),"""")","=IFERROR(__xludf.DUMMYFUNCTION(""Ifna(QUERY($A$3:$I$2000, """"select A where F="""" & $K177))""),"""")","=IFERROR(__xludf.DUMMYFUNCTION(""Ifna(QUERY($A$3:$I$2000, """"select A where G="""" & $K177))""),"""")","=IFERROR(__xludf.DUMMYFUNCTION(""Ifna(QUERY($A$3:$I$2000, """"select A where H="""" & $K177))""),"""")","=IFERROR(__xludf.DUMMYFUNCTION(""Ifna(QUERY($A$3:$I$2000, """"select A where I="""" & $K177))""),"""")",,,,,,,,,
,,,,,,,,,,176.0,"=IFERROR(__xludf.DUMMYFUNCTION(""Ifna(QUERY($A$3:$I$2000, """"select A where B="""" & $K178))""),"""")","=IFERROR(__xludf.DUMMYFUNCTION(""Ifna(QUERY($A$3:$I$2000, """"select A where C="""" & $K178))""),"""")","=IFERROR(__xludf.DUMMYFUNCTION(""Ifna(QUERY($A$3:$I$2000, """"select A where D="""" & $K178))""),"""")","=IFERROR(__xludf.DUMMYFUNCTION(""Ifna(QUERY($A$3:$I$2000, """"select A where E="""" & $K178))""),"""")","=IFERROR(__xludf.DUMMYFUNCTION(""Ifna(QUERY($A$3:$I$2000, """"select A where F="""" & $K178))""),"""")","=IFERROR(__xludf.DUMMYFUNCTION(""Ifna(QUERY($A$3:$I$2000, """"select A where G="""" & $K178))""),"""")","=IFERROR(__xludf.DUMMYFUNCTION(""Ifna(QUERY($A$3:$I$2000, """"select A where H="""" & $K178))""),"""")","=IFERROR(__xludf.DUMMYFUNCTION(""Ifna(QUERY($A$3:$I$2000, """"select A where I="""" & $K178))""),11.0)",,,,,,,,,
,,,,,,,,,,177.0,"=IFERROR(__xludf.DUMMYFUNCTION(""Ifna(QUERY($A$3:$I$2000, """"select A where B="""" & $K179))""),"""")","=IFERROR(__xludf.DUMMYFUNCTION(""Ifna(QUERY($A$3:$I$2000, """"select A where C="""" & $K179))""),"""")","=IFERROR(__xludf.DUMMYFUNCTION(""Ifna(QUERY($A$3:$I$2000, """"select A where D="""" & $K179))""),"""")","=IFERROR(__xludf.DUMMYFUNCTION(""Ifna(QUERY($A$3:$I$2000, """"select A where E="""" & $K179))""),"""")","=IFERROR(__xludf.DUMMYFUNCTION(""Ifna(QUERY($A$3:$I$2000, """"select A where F="""" & $K179))""),"""")","=IFERROR(__xludf.DUMMYFUNCTION(""Ifna(QUERY($A$3:$I$2000, """"select A where G="""" & $K179))""),"""")","=IFERROR(__xludf.DUMMYFUNCTION(""Ifna(QUERY($A$3:$I$2000, """"select A where H="""" & $K179))""),"""")","=IFERROR(__xludf.DUMMYFUNCTION(""Ifna(QUERY($A$3:$I$2000, """"select A where I="""" & $K179))""),"""")",,,,,,,,,
,,,,,,,,,,178.0,"=IFERROR(__xludf.DUMMYFUNCTION(""Ifna(QUERY($A$3:$I$2000, """"select A where B="""" & $K180))""),"""")","=IFERROR(__xludf.DUMMYFUNCTION(""Ifna(QUERY($A$3:$I$2000, """"select A where C="""" & $K180))""),"""")","=IFERROR(__xludf.DUMMYFUNCTION(""Ifna(QUERY($A$3:$I$2000, """"select A where D="""" & $K180))""),"""")","=IFERROR(__xludf.DUMMYFUNCTION(""Ifna(QUERY($A$3:$I$2000, """"select A where E="""" & $K180))""),"""")","=IFERROR(__xludf.DUMMYFUNCTION(""Ifna(QUERY($A$3:$I$2000, """"select A where F="""" & $K180))""),"""")","=IFERROR(__xludf.DUMMYFUNCTION(""Ifna(QUERY($A$3:$I$2000, """"select A where G="""" & $K180))""),"""")","=IFERROR(__xludf.DUMMYFUNCTION(""Ifna(QUERY($A$3:$I$2000, """"select A where H="""" & $K180))""),"""")","=IFERROR(__xludf.DUMMYFUNCTION(""Ifna(QUERY($A$3:$I$2000, """"select A where I="""" & $K180))""),"""")",,,,,,,,,
,,,,,,,,,,179.0,"=IFERROR(__xludf.DUMMYFUNCTION(""Ifna(QUERY($A$3:$I$2000, """"select A where B="""" & $K181))""),"""")","=IFERROR(__xludf.DUMMYFUNCTION(""Ifna(QUERY($A$3:$I$2000, """"select A where C="""" & $K181))""),"""")","=IFERROR(__xludf.DUMMYFUNCTION(""Ifna(QUERY($A$3:$I$2000, """"select A where D="""" & $K181))""),"""")","=IFERROR(__xludf.DUMMYFUNCTION(""Ifna(QUERY($A$3:$I$2000, """"select A where E="""" & $K181))""),"""")","=IFERROR(__xludf.DUMMYFUNCTION(""Ifna(QUERY($A$3:$I$2000, """"select A where F="""" & $K181))""),"""")","=IFERROR(__xludf.DUMMYFUNCTION(""Ifna(QUERY($A$3:$I$2000, """"select A where G="""" & $K181))""),"""")","=IFERROR(__xludf.DUMMYFUNCTION(""Ifna(QUERY($A$3:$I$2000, """"select A where H="""" & $K181))""),"""")","=IFERROR(__xludf.DUMMYFUNCTION(""Ifna(QUERY($A$3:$I$2000, """"select A where I="""" & $K181))""),"""")",,,,,,,,,
,,,,,,,,,,180.0,"=IFERROR(__xludf.DUMMYFUNCTION(""Ifna(QUERY($A$3:$I$2000, """"select A where B="""" & $K182))""),"""")","=IFERROR(__xludf.DUMMYFUNCTION(""Ifna(QUERY($A$3:$I$2000, """"select A where C="""" & $K182))""),"""")","=IFERROR(__xludf.DUMMYFUNCTION(""Ifna(QUERY($A$3:$I$2000, """"select A where D="""" & $K182))""),"""")","=IFERROR(__xludf.DUMMYFUNCTION(""Ifna(QUERY($A$3:$I$2000, """"select A where E="""" & $K182))""),"""")","=IFERROR(__xludf.DUMMYFUNCTION(""Ifna(QUERY($A$3:$I$2000, """"select A where F="""" & $K182))""),"""")","=IFERROR(__xludf.DUMMYFUNCTION(""Ifna(QUERY($A$3:$I$2000, """"select A where G="""" & $K182))""),"""")","=IFERROR(__xludf.DUMMYFUNCTION(""Ifna(QUERY($A$3:$I$2000, """"select A where H="""" & $K182))""),"""")","=IFERROR(__xludf.DUMMYFUNCTION(""Ifna(QUERY($A$3:$I$2000, """"select A where I="""" & $K182))""),"""")",,,,,,,,,
,,,,,,,,,,181.0,"=IFERROR(__xludf.DUMMYFUNCTION(""Ifna(QUERY($A$3:$I$2000, """"select A where B="""" & $K183))""),"""")","=IFERROR(__xludf.DUMMYFUNCTION(""Ifna(QUERY($A$3:$I$2000, """"select A where C="""" & $K183))""),"""")","=IFERROR(__xludf.DUMMYFUNCTION(""Ifna(QUERY($A$3:$I$2000, """"select A where D="""" & $K183))""),"""")","=IFERROR(__xludf.DUMMYFUNCTION(""Ifna(QUERY($A$3:$I$2000, """"select A where E="""" & $K183))""),"""")","=IFERROR(__xludf.DUMMYFUNCTION(""Ifna(QUERY($A$3:$I$2000, """"select A where F="""" & $K183))""),"""")","=IFERROR(__xludf.DUMMYFUNCTION(""Ifna(QUERY($A$3:$I$2000, """"select A where G="""" & $K183))""),"""")","=IFERROR(__xludf.DUMMYFUNCTION(""Ifna(QUERY($A$3:$I$2000, """"select A where H="""" & $K183))""),"""")","=IFERROR(__xludf.DUMMYFUNCTION(""Ifna(QUERY($A$3:$I$2000, """"select A where I="""" & $K183))""),"""")",,,,,,,,,
,,,,,,,,,,182.0,"=IFERROR(__xludf.DUMMYFUNCTION(""Ifna(QUERY($A$3:$I$2000, """"select A where B="""" & $K184))""),"""")","=IFERROR(__xludf.DUMMYFUNCTION(""Ifna(QUERY($A$3:$I$2000, """"select A where C="""" & $K184))""),"""")","=IFERROR(__xludf.DUMMYFUNCTION(""Ifna(QUERY($A$3:$I$2000, """"select A where D="""" & $K184))""),"""")","=IFERROR(__xludf.DUMMYFUNCTION(""Ifna(QUERY($A$3:$I$2000, """"select A where E="""" & $K184))""),"""")","=IFERROR(__xludf.DUMMYFUNCTION(""Ifna(QUERY($A$3:$I$2000, """"select A where F="""" & $K184))""),"""")","=IFERROR(__xludf.DUMMYFUNCTION(""Ifna(QUERY($A$3:$I$2000, """"select A where G="""" & $K184))""),"""")","=IFERROR(__xludf.DUMMYFUNCTION(""Ifna(QUERY($A$3:$I$2000, """"select A where H="""" & $K184))""),"""")","=IFERROR(__xludf.DUMMYFUNCTION(""Ifna(QUERY($A$3:$I$2000, """"select A where I="""" & $K184))""),10.0)",,,,,,,,,
,,,,,,,,,,183.0,"=IFERROR(__xludf.DUMMYFUNCTION(""Ifna(QUERY($A$3:$I$2000, """"select A where B="""" & $K185))""),"""")","=IFERROR(__xludf.DUMMYFUNCTION(""Ifna(QUERY($A$3:$I$2000, """"select A where C="""" & $K185))""),"""")","=IFERROR(__xludf.DUMMYFUNCTION(""Ifna(QUERY($A$3:$I$2000, """"select A where D="""" & $K185))""),"""")","=IFERROR(__xludf.DUMMYFUNCTION(""Ifna(QUERY($A$3:$I$2000, """"select A where E="""" & $K185))""),"""")","=IFERROR(__xludf.DUMMYFUNCTION(""Ifna(QUERY($A$3:$I$2000, """"select A where F="""" & $K185))""),"""")","=IFERROR(__xludf.DUMMYFUNCTION(""Ifna(QUERY($A$3:$I$2000, """"select A where G="""" & $K185))""),"""")","=IFERROR(__xludf.DUMMYFUNCTION(""Ifna(QUERY($A$3:$I$2000, """"select A where H="""" & $K185))""),"""")","=IFERROR(__xludf.DUMMYFUNCTION(""Ifna(QUERY($A$3:$I$2000, """"select A where I="""" & $K185))""),"""")",,,,,,,,,
,,,,,,,,,,184.0,"=IFERROR(__xludf.DUMMYFUNCTION(""Ifna(QUERY($A$3:$I$2000, """"select A where B="""" & $K186))""),"""")","=IFERROR(__xludf.DUMMYFUNCTION(""Ifna(QUERY($A$3:$I$2000, """"select A where C="""" & $K186))""),"""")","=IFERROR(__xludf.DUMMYFUNCTION(""Ifna(QUERY($A$3:$I$2000, """"select A where D="""" & $K186))""),"""")","=IFERROR(__xludf.DUMMYFUNCTION(""Ifna(QUERY($A$3:$I$2000, """"select A where E="""" & $K186))""),"""")","=IFERROR(__xludf.DUMMYFUNCTION(""Ifna(QUERY($A$3:$I$2000, """"select A where F="""" & $K186))""),"""")","=IFERROR(__xludf.DUMMYFUNCTION(""Ifna(QUERY($A$3:$I$2000, """"select A where G="""" & $K186))""),"""")","=IFERROR(__xludf.DUMMYFUNCTION(""Ifna(QUERY($A$3:$I$2000, """"select A where H="""" & $K186))""),"""")","=IFERROR(__xludf.DUMMYFUNCTION(""Ifna(QUERY($A$3:$I$2000, """"select A where I="""" & $K186))""),"""")",,,,,,,,,
,,,,,,,,,,185.0,"=IFERROR(__xludf.DUMMYFUNCTION(""Ifna(QUERY($A$3:$I$2000, """"select A where B="""" & $K187))""),"""")","=IFERROR(__xludf.DUMMYFUNCTION(""Ifna(QUERY($A$3:$I$2000, """"select A where C="""" & $K187))""),"""")","=IFERROR(__xludf.DUMMYFUNCTION(""Ifna(QUERY($A$3:$I$2000, """"select A where D="""" & $K187))""),"""")","=IFERROR(__xludf.DUMMYFUNCTION(""Ifna(QUERY($A$3:$I$2000, """"select A where E="""" & $K187))""),"""")","=IFERROR(__xludf.DUMMYFUNCTION(""Ifna(QUERY($A$3:$I$2000, """"select A where F="""" & $K187))""),"""")","=IFERROR(__xludf.DUMMYFUNCTION(""Ifna(QUERY($A$3:$I$2000, """"select A where G="""" & $K187))""),"""")","=IFERROR(__xludf.DUMMYFUNCTION(""Ifna(QUERY($A$3:$I$2000, """"select A where H="""" & $K187))""),"""")","=IFERROR(__xludf.DUMMYFUNCTION(""Ifna(QUERY($A$3:$I$2000, """"select A where I="""" & $K187))""),"""")",,,,,,,,,
,,,,,,,,,,186.0,"=IFERROR(__xludf.DUMMYFUNCTION(""Ifna(QUERY($A$3:$I$2000, """"select A where B="""" & $K188))""),"""")","=IFERROR(__xludf.DUMMYFUNCTION(""Ifna(QUERY($A$3:$I$2000, """"select A where C="""" & $K188))""),"""")","=IFERROR(__xludf.DUMMYFUNCTION(""Ifna(QUERY($A$3:$I$2000, """"select A where D="""" & $K188))""),"""")","=IFERROR(__xludf.DUMMYFUNCTION(""Ifna(QUERY($A$3:$I$2000, """"select A where E="""" & $K188))""),"""")","=IFERROR(__xludf.DUMMYFUNCTION(""Ifna(QUERY($A$3:$I$2000, """"select A where F="""" & $K188))""),"""")","=IFERROR(__xludf.DUMMYFUNCTION(""Ifna(QUERY($A$3:$I$2000, """"select A where G="""" & $K188))""),"""")","=IFERROR(__xludf.DUMMYFUNCTION(""Ifna(QUERY($A$3:$I$2000, """"select A where H="""" & $K188))""),"""")","=IFERROR(__xludf.DUMMYFUNCTION(""Ifna(QUERY($A$3:$I$2000, """"select A where I="""" & $K188))""),"""")",,,,,,,,,
,,,,,,,,,,187.0,"=IFERROR(__xludf.DUMMYFUNCTION(""Ifna(QUERY($A$3:$I$2000, """"select A where B="""" & $K189))""),"""")","=IFERROR(__xludf.DUMMYFUNCTION(""Ifna(QUERY($A$3:$I$2000, """"select A where C="""" & $K189))""),"""")","=IFERROR(__xludf.DUMMYFUNCTION(""Ifna(QUERY($A$3:$I$2000, """"select A where D="""" & $K189))""),"""")","=IFERROR(__xludf.DUMMYFUNCTION(""Ifna(QUERY($A$3:$I$2000, """"select A where E="""" & $K189))""),"""")","=IFERROR(__xludf.DUMMYFUNCTION(""Ifna(QUERY($A$3:$I$2000, """"select A where F="""" & $K189))""),"""")","=IFERROR(__xludf.DUMMYFUNCTION(""Ifna(QUERY($A$3:$I$2000, """"select A where G="""" & $K189))""),"""")","=IFERROR(__xludf.DUMMYFUNCTION(""Ifna(QUERY($A$3:$I$2000, """"select A where H="""" & $K189))""),"""")","=IFERROR(__xludf.DUMMYFUNCTION(""Ifna(QUERY($A$3:$I$2000, """"select A where I="""" & $K189))""),"""")",,,,,,,,,
,,,,,,,,,,188.0,"=IFERROR(__xludf.DUMMYFUNCTION(""Ifna(QUERY($A$3:$I$2000, """"select A where B="""" & $K190))""),"""")","=IFERROR(__xludf.DUMMYFUNCTION(""Ifna(QUERY($A$3:$I$2000, """"select A where C="""" & $K190))""),"""")","=IFERROR(__xludf.DUMMYFUNCTION(""Ifna(QUERY($A$3:$I$2000, """"select A where D="""" & $K190))""),"""")","=IFERROR(__xludf.DUMMYFUNCTION(""Ifna(QUERY($A$3:$I$2000, """"select A where E="""" & $K190))""),"""")","=IFERROR(__xludf.DUMMYFUNCTION(""Ifna(QUERY($A$3:$I$2000, """"select A where F="""" & $K190))""),"""")","=IFERROR(__xludf.DUMMYFUNCTION(""Ifna(QUERY($A$3:$I$2000, """"select A where G="""" & $K190))""),"""")","=IFERROR(__xludf.DUMMYFUNCTION(""Ifna(QUERY($A$3:$I$2000, """"select A where H="""" & $K190))""),"""")","=IFERROR(__xludf.DUMMYFUNCTION(""Ifna(QUERY($A$3:$I$2000, """"select A where I="""" & $K190))""),"""")",,,,,,,,,
,,,,,,,,,,189.0,"=IFERROR(__xludf.DUMMYFUNCTION(""Ifna(QUERY($A$3:$I$2000, """"select A where B="""" & $K191))""),"""")","=IFERROR(__xludf.DUMMYFUNCTION(""Ifna(QUERY($A$3:$I$2000, """"select A where C="""" & $K191))""),"""")","=IFERROR(__xludf.DUMMYFUNCTION(""Ifna(QUERY($A$3:$I$2000, """"select A where D="""" & $K191))""),"""")","=IFERROR(__xludf.DUMMYFUNCTION(""Ifna(QUERY($A$3:$I$2000, """"select A where E="""" & $K191))""),"""")","=IFERROR(__xludf.DUMMYFUNCTION(""Ifna(QUERY($A$3:$I$2000, """"select A where F="""" & $K191))""),"""")","=IFERROR(__xludf.DUMMYFUNCTION(""Ifna(QUERY($A$3:$I$2000, """"select A where G="""" & $K191))""),"""")","=IFERROR(__xludf.DUMMYFUNCTION(""Ifna(QUERY($A$3:$I$2000, """"select A where H="""" & $K191))""),"""")","=IFERROR(__xludf.DUMMYFUNCTION(""Ifna(QUERY($A$3:$I$2000, """"select A where I="""" & $K191))""),"""")",,,,,,,,,
,,,,,,,,,,190.0,"=IFERROR(__xludf.DUMMYFUNCTION(""Ifna(QUERY($A$3:$I$2000, """"select A where B="""" & $K192))""),"""")","=IFERROR(__xludf.DUMMYFUNCTION(""Ifna(QUERY($A$3:$I$2000, """"select A where C="""" & $K192))""),"""")","=IFERROR(__xludf.DUMMYFUNCTION(""Ifna(QUERY($A$3:$I$2000, """"select A where D="""" & $K192))""),"""")","=IFERROR(__xludf.DUMMYFUNCTION(""Ifna(QUERY($A$3:$I$2000, """"select A where E="""" & $K192))""),"""")","=IFERROR(__xludf.DUMMYFUNCTION(""Ifna(QUERY($A$3:$I$2000, """"select A where F="""" & $K192))""),"""")","=IFERROR(__xludf.DUMMYFUNCTION(""Ifna(QUERY($A$3:$I$2000, """"select A where G="""" & $K192))""),"""")","=IFERROR(__xludf.DUMMYFUNCTION(""Ifna(QUERY($A$3:$I$2000, """"select A where H="""" & $K192))""),"""")","=IFERROR(__xludf.DUMMYFUNCTION(""Ifna(QUERY($A$3:$I$2000, """"select A where I="""" & $K192))""),"""")",,,,,,,,,
,,,,,,,,,,191.0,"=IFERROR(__xludf.DUMMYFUNCTION(""Ifna(QUERY($A$3:$I$2000, """"select A where B="""" & $K193))""),"""")","=IFERROR(__xludf.DUMMYFUNCTION(""Ifna(QUERY($A$3:$I$2000, """"select A where C="""" & $K193))""),"""")","=IFERROR(__xludf.DUMMYFUNCTION(""Ifna(QUERY($A$3:$I$2000, """"select A where D="""" & $K193))""),"""")","=IFERROR(__xludf.DUMMYFUNCTION(""Ifna(QUERY($A$3:$I$2000, """"select A where E="""" & $K193))""),"""")","=IFERROR(__xludf.DUMMYFUNCTION(""Ifna(QUERY($A$3:$I$2000, """"select A where F="""" & $K193))""),"""")","=IFERROR(__xludf.DUMMYFUNCTION(""Ifna(QUERY($A$3:$I$2000, """"select A where G="""" & $K193))""),"""")","=IFERROR(__xludf.DUMMYFUNCTION(""Ifna(QUERY($A$3:$I$2000, """"select A where H="""" & $K193))""),"""")","=IFERROR(__xludf.DUMMYFUNCTION(""Ifna(QUERY($A$3:$I$2000, """"select A where I="""" & $K193))""),"""")",,,,,,,,,
,,,,,,,,,,192.0,"=IFERROR(__xludf.DUMMYFUNCTION(""Ifna(QUERY($A$3:$I$2000, """"select A where B="""" & $K194))""),"""")","=IFERROR(__xludf.DUMMYFUNCTION(""Ifna(QUERY($A$3:$I$2000, """"select A where C="""" & $K194))""),"""")","=IFERROR(__xludf.DUMMYFUNCTION(""Ifna(QUERY($A$3:$I$2000, """"select A where D="""" & $K194))""),"""")","=IFERROR(__xludf.DUMMYFUNCTION(""Ifna(QUERY($A$3:$I$2000, """"select A where E="""" & $K194))""),"""")","=IFERROR(__xludf.DUMMYFUNCTION(""Ifna(QUERY($A$3:$I$2000, """"select A where F="""" & $K194))""),"""")","=IFERROR(__xludf.DUMMYFUNCTION(""Ifna(QUERY($A$3:$I$2000, """"select A where G="""" & $K194))""),"""")","=IFERROR(__xludf.DUMMYFUNCTION(""Ifna(QUERY($A$3:$I$2000, """"select A where H="""" & $K194))""),"""")","=IFERROR(__xludf.DUMMYFUNCTION(""Ifna(QUERY($A$3:$I$2000, """"select A where I="""" & $K194))""),"""")",,,,,,,,,
,,,,,,,,,,193.0,"=IFERROR(__xludf.DUMMYFUNCTION(""Ifna(QUERY($A$3:$I$2000, """"select A where B="""" & $K195))""),"""")","=IFERROR(__xludf.DUMMYFUNCTION(""Ifna(QUERY($A$3:$I$2000, """"select A where C="""" & $K195))""),"""")","=IFERROR(__xludf.DUMMYFUNCTION(""Ifna(QUERY($A$3:$I$2000, """"select A where D="""" & $K195))""),"""")","=IFERROR(__xludf.DUMMYFUNCTION(""Ifna(QUERY($A$3:$I$2000, """"select A where E="""" & $K195))""),"""")","=IFERROR(__xludf.DUMMYFUNCTION(""Ifna(QUERY($A$3:$I$2000, """"select A where F="""" & $K195))""),"""")","=IFERROR(__xludf.DUMMYFUNCTION(""Ifna(QUERY($A$3:$I$2000, """"select A where G="""" & $K195))""),"""")","=IFERROR(__xludf.DUMMYFUNCTION(""Ifna(QUERY($A$3:$I$2000, """"select A where H="""" & $K195))""),"""")","=IFERROR(__xludf.DUMMYFUNCTION(""Ifna(QUERY($A$3:$I$2000, """"select A where I="""" & $K195))""),"""")",,,,,,,,,
,,,,,,,,,,194.0,"=IFERROR(__xludf.DUMMYFUNCTION(""Ifna(QUERY($A$3:$I$2000, """"select A where B="""" & $K196))""),"""")","=IFERROR(__xludf.DUMMYFUNCTION(""Ifna(QUERY($A$3:$I$2000, """"select A where C="""" & $K196))""),"""")","=IFERROR(__xludf.DUMMYFUNCTION(""Ifna(QUERY($A$3:$I$2000, """"select A where D="""" & $K196))""),"""")","=IFERROR(__xludf.DUMMYFUNCTION(""Ifna(QUERY($A$3:$I$2000, """"select A where E="""" & $K196))""),"""")","=IFERROR(__xludf.DUMMYFUNCTION(""Ifna(QUERY($A$3:$I$2000, """"select A where F="""" & $K196))""),"""")","=IFERROR(__xludf.DUMMYFUNCTION(""Ifna(QUERY($A$3:$I$2000, """"select A where G="""" & $K196))""),"""")","=IFERROR(__xludf.DUMMYFUNCTION(""Ifna(QUERY($A$3:$I$2000, """"select A where H="""" & $K196))""),"""")","=IFERROR(__xludf.DUMMYFUNCTION(""Ifna(QUERY($A$3:$I$2000, """"select A where I="""" & $K196))""),"""")",,,,,,,,,
,,,,,,,,,,195.0,"=IFERROR(__xludf.DUMMYFUNCTION(""Ifna(QUERY($A$3:$I$2000, """"select A where B="""" & $K197))""),"""")","=IFERROR(__xludf.DUMMYFUNCTION(""Ifna(QUERY($A$3:$I$2000, """"select A where C="""" & $K197))""),"""")","=IFERROR(__xludf.DUMMYFUNCTION(""Ifna(QUERY($A$3:$I$2000, """"select A where D="""" & $K197))""),"""")","=IFERROR(__xludf.DUMMYFUNCTION(""Ifna(QUERY($A$3:$I$2000, """"select A where E="""" & $K197))""),"""")","=IFERROR(__xludf.DUMMYFUNCTION(""Ifna(QUERY($A$3:$I$2000, """"select A where F="""" & $K197))""),"""")","=IFERROR(__xludf.DUMMYFUNCTION(""Ifna(QUERY($A$3:$I$2000, """"select A where G="""" & $K197))""),"""")","=IFERROR(__xludf.DUMMYFUNCTION(""Ifna(QUERY($A$3:$I$2000, """"select A where H="""" & $K197))""),"""")","=IFERROR(__xludf.DUMMYFUNCTION(""Ifna(QUERY($A$3:$I$2000, """"select A where I="""" & $K197))""),"""")",,,,,,,,,
,,,,,,,,,,196.0,"=IFERROR(__xludf.DUMMYFUNCTION(""Ifna(QUERY($A$3:$I$2000, """"select A where B="""" & $K198))""),"""")","=IFERROR(__xludf.DUMMYFUNCTION(""Ifna(QUERY($A$3:$I$2000, """"select A where C="""" & $K198))""),"""")","=IFERROR(__xludf.DUMMYFUNCTION(""Ifna(QUERY($A$3:$I$2000, """"select A where D="""" & $K198))""),"""")","=IFERROR(__xludf.DUMMYFUNCTION(""Ifna(QUERY($A$3:$I$2000, """"select A where E="""" & $K198))""),"""")","=IFERROR(__xludf.DUMMYFUNCTION(""Ifna(QUERY($A$3:$I$2000, """"select A where F="""" & $K198))""),"""")","=IFERROR(__xludf.DUMMYFUNCTION(""Ifna(QUERY($A$3:$I$2000, """"select A where G="""" & $K198))""),"""")","=IFERROR(__xludf.DUMMYFUNCTION(""Ifna(QUERY($A$3:$I$2000, """"select A where H="""" & $K198))""),"""")","=IFERROR(__xludf.DUMMYFUNCTION(""Ifna(QUERY($A$3:$I$2000, """"select A where I="""" & $K198))""),"""")",,,,,,,,,
,,,,,,,,,,197.0,"=IFERROR(__xludf.DUMMYFUNCTION(""Ifna(QUERY($A$3:$I$2000, """"select A where B="""" & $K199))""),"""")","=IFERROR(__xludf.DUMMYFUNCTION(""Ifna(QUERY($A$3:$I$2000, """"select A where C="""" & $K199))""),"""")","=IFERROR(__xludf.DUMMYFUNCTION(""Ifna(QUERY($A$3:$I$2000, """"select A where D="""" & $K199))""),"""")","=IFERROR(__xludf.DUMMYFUNCTION(""Ifna(QUERY($A$3:$I$2000, """"select A where E="""" & $K199))""),"""")","=IFERROR(__xludf.DUMMYFUNCTION(""Ifna(QUERY($A$3:$I$2000, """"select A where F="""" & $K199))""),"""")","=IFERROR(__xludf.DUMMYFUNCTION(""Ifna(QUERY($A$3:$I$2000, """"select A where G="""" & $K199))""),"""")","=IFERROR(__xludf.DUMMYFUNCTION(""Ifna(QUERY($A$3:$I$2000, """"select A where H="""" & $K199))""),"""")","=IFERROR(__xludf.DUMMYFUNCTION(""Ifna(QUERY($A$3:$I$2000, """"select A where I="""" & $K199))""),"""")",,,,,,,,,
,,,,,,,,,,198.0,"=IFERROR(__xludf.DUMMYFUNCTION(""Ifna(QUERY($A$3:$I$2000, """"select A where B="""" & $K200))""),"""")","=IFERROR(__xludf.DUMMYFUNCTION(""Ifna(QUERY($A$3:$I$2000, """"select A where C="""" & $K200))""),"""")","=IFERROR(__xludf.DUMMYFUNCTION(""Ifna(QUERY($A$3:$I$2000, """"select A where D="""" & $K200))""),"""")","=IFERROR(__xludf.DUMMYFUNCTION(""Ifna(QUERY($A$3:$I$2000, """"select A where E="""" & $K200))""),"""")","=IFERROR(__xludf.DUMMYFUNCTION(""Ifna(QUERY($A$3:$I$2000, """"select A where F="""" & $K200))""),"""")","=IFERROR(__xludf.DUMMYFUNCTION(""Ifna(QUERY($A$3:$I$2000, """"select A where G="""" & $K200))""),"""")","=IFERROR(__xludf.DUMMYFUNCTION(""Ifna(QUERY($A$3:$I$2000, """"select A where H="""" & $K200))""),"""")","=IFERROR(__xludf.DUMMYFUNCTION(""Ifna(QUERY($A$3:$I$2000, """"select A where I="""" & $K200))""),9.0)",,,,,,,,,
,,,,,,,,,,199.0,"=IFERROR(__xludf.DUMMYFUNCTION(""Ifna(QUERY($A$3:$I$2000, """"select A where B="""" & $K201))""),"""")","=IFERROR(__xludf.DUMMYFUNCTION(""Ifna(QUERY($A$3:$I$2000, """"select A where C="""" & $K201))""),"""")","=IFERROR(__xludf.DUMMYFUNCTION(""Ifna(QUERY($A$3:$I$2000, """"select A where D="""" & $K201))""),"""")","=IFERROR(__xludf.DUMMYFUNCTION(""Ifna(QUERY($A$3:$I$2000, """"select A where E="""" & $K201))""),"""")","=IFERROR(__xludf.DUMMYFUNCTION(""Ifna(QUERY($A$3:$I$2000, """"select A where F="""" & $K201))""),"""")","=IFERROR(__xludf.DUMMYFUNCTION(""Ifna(QUERY($A$3:$I$2000, """"select A where G="""" & $K201))""),"""")","=IFERROR(__xludf.DUMMYFUNCTION(""Ifna(QUERY($A$3:$I$2000, """"select A where H="""" & $K201))""),"""")","=IFERROR(__xludf.DUMMYFUNCTION(""Ifna(QUERY($A$3:$I$2000, """"select A where I="""" & $K201))""),"""")",,,,,,,,,
,,,,,,,,,,200.0,"=IFERROR(__xludf.DUMMYFUNCTION(""Ifna(QUERY($A$3:$I$2000, """"select A where B="""" & $K202))""),"""")","=IFERROR(__xludf.DUMMYFUNCTION(""Ifna(QUERY($A$3:$I$2000, """"select A where C="""" & $K202))""),"""")","=IFERROR(__xludf.DUMMYFUNCTION(""Ifna(QUERY($A$3:$I$2000, """"select A where D="""" & $K202))""),"""")","=IFERROR(__xludf.DUMMYFUNCTION(""Ifna(QUERY($A$3:$I$2000, """"select A where E="""" & $K202))""),"""")","=IFERROR(__xludf.DUMMYFUNCTION(""Ifna(QUERY($A$3:$I$2000, """"select A where F="""" & $K202))""),"""")","=IFERROR(__xludf.DUMMYFUNCTION(""Ifna(QUERY($A$3:$I$2000, """"select A where G="""" & $K202))""),"""")","=IFERROR(__xludf.DUMMYFUNCTION(""Ifna(QUERY($A$3:$I$2000, """"select A where H="""" & $K202))""),"""")","=IFERROR(__xludf.DUMMYFUNCTION(""Ifna(QUERY($A$3:$I$2000, """"select A where I="""" & $K202))""),"""")",,,,,,,,,
,,,,,,,,,,201.0,"=IFERROR(__xludf.DUMMYFUNCTION(""Ifna(QUERY($A$3:$I$2000, """"select A where B="""" & $K203))""),"""")","=IFERROR(__xludf.DUMMYFUNCTION(""Ifna(QUERY($A$3:$I$2000, """"select A where C="""" & $K203))""),"""")","=IFERROR(__xludf.DUMMYFUNCTION(""Ifna(QUERY($A$3:$I$2000, """"select A where D="""" & $K203))""),"""")","=IFERROR(__xludf.DUMMYFUNCTION(""Ifna(QUERY($A$3:$I$2000, """"select A where E="""" & $K203))""),"""")","=IFERROR(__xludf.DUMMYFUNCTION(""Ifna(QUERY($A$3:$I$2000, """"select A where F="""" & $K203))""),"""")","=IFERROR(__xludf.DUMMYFUNCTION(""Ifna(QUERY($A$3:$I$2000, """"select A where G="""" & $K203))""),"""")","=IFERROR(__xludf.DUMMYFUNCTION(""Ifna(QUERY($A$3:$I$2000, """"select A where H="""" & $K203))""),"""")","=IFERROR(__xludf.DUMMYFUNCTION(""Ifna(QUERY($A$3:$I$2000, """"select A where I="""" & $K203))""),"""")",,,,,,,,,
,,,,,,,,,,202.0,"=IFERROR(__xludf.DUMMYFUNCTION(""Ifna(QUERY($A$3:$I$2000, """"select A where B="""" & $K204))""),"""")","=IFERROR(__xludf.DUMMYFUNCTION(""Ifna(QUERY($A$3:$I$2000, """"select A where C="""" & $K204))""),"""")","=IFERROR(__xludf.DUMMYFUNCTION(""Ifna(QUERY($A$3:$I$2000, """"select A where D="""" & $K204))""),"""")","=IFERROR(__xludf.DUMMYFUNCTION(""Ifna(QUERY($A$3:$I$2000, """"select A where E="""" & $K204))""),"""")","=IFERROR(__xludf.DUMMYFUNCTION(""Ifna(QUERY($A$3:$I$2000, """"select A where F="""" & $K204))""),"""")","=IFERROR(__xludf.DUMMYFUNCTION(""Ifna(QUERY($A$3:$I$2000, """"select A where G="""" & $K204))""),"""")","=IFERROR(__xludf.DUMMYFUNCTION(""Ifna(QUERY($A$3:$I$2000, """"select A where H="""" & $K204))""),"""")","=IFERROR(__xludf.DUMMYFUNCTION(""Ifna(QUERY($A$3:$I$2000, """"select A where I="""" & $K204))""),"""")",,,,,,,,,
,,,,,,,,,,203.0,"=IFERROR(__xludf.DUMMYFUNCTION(""Ifna(QUERY($A$3:$I$2000, """"select A where B="""" & $K205))""),"""")","=IFERROR(__xludf.DUMMYFUNCTION(""Ifna(QUERY($A$3:$I$2000, """"select A where C="""" & $K205))""),"""")","=IFERROR(__xludf.DUMMYFUNCTION(""Ifna(QUERY($A$3:$I$2000, """"select A where D="""" & $K205))""),"""")","=IFERROR(__xludf.DUMMYFUNCTION(""Ifna(QUERY($A$3:$I$2000, """"select A where E="""" & $K205))""),"""")","=IFERROR(__xludf.DUMMYFUNCTION(""Ifna(QUERY($A$3:$I$2000, """"select A where F="""" & $K205))""),"""")","=IFERROR(__xludf.DUMMYFUNCTION(""Ifna(QUERY($A$3:$I$2000, """"select A where G="""" & $K205))""),"""")","=IFERROR(__xludf.DUMMYFUNCTION(""Ifna(QUERY($A$3:$I$2000, """"select A where H="""" & $K205))""),"""")","=IFERROR(__xludf.DUMMYFUNCTION(""Ifna(QUERY($A$3:$I$2000, """"select A where I="""" & $K205))""),"""")",,,,,,,,,
,,,,,,,,,,204.0,"=IFERROR(__xludf.DUMMYFUNCTION(""Ifna(QUERY($A$3:$I$2000, """"select A where B="""" & $K206))""),"""")","=IFERROR(__xludf.DUMMYFUNCTION(""Ifna(QUERY($A$3:$I$2000, """"select A where C="""" & $K206))""),"""")","=IFERROR(__xludf.DUMMYFUNCTION(""Ifna(QUERY($A$3:$I$2000, """"select A where D="""" & $K206))""),"""")","=IFERROR(__xludf.DUMMYFUNCTION(""Ifna(QUERY($A$3:$I$2000, """"select A where E="""" & $K206))""),"""")","=IFERROR(__xludf.DUMMYFUNCTION(""Ifna(QUERY($A$3:$I$2000, """"select A where F="""" & $K206))""),"""")","=IFERROR(__xludf.DUMMYFUNCTION(""Ifna(QUERY($A$3:$I$2000, """"select A where G="""" & $K206))""),"""")","=IFERROR(__xludf.DUMMYFUNCTION(""Ifna(QUERY($A$3:$I$2000, """"select A where H="""" & $K206))""),"""")","=IFERROR(__xludf.DUMMYFUNCTION(""Ifna(QUERY($A$3:$I$2000, """"select A where I="""" & $K206))""),"""")",,,,,,,,,
,,,,,,,,,,205.0,"=IFERROR(__xludf.DUMMYFUNCTION(""Ifna(QUERY($A$3:$I$2000, """"select A where B="""" & $K207))""),"""")","=IFERROR(__xludf.DUMMYFUNCTION(""Ifna(QUERY($A$3:$I$2000, """"select A where C="""" & $K207))""),"""")","=IFERROR(__xludf.DUMMYFUNCTION(""Ifna(QUERY($A$3:$I$2000, """"select A where D="""" & $K207))""),"""")","=IFERROR(__xludf.DUMMYFUNCTION(""Ifna(QUERY($A$3:$I$2000, """"select A where E="""" & $K207))""),"""")","=IFERROR(__xludf.DUMMYFUNCTION(""Ifna(QUERY($A$3:$I$2000, """"select A where F="""" & $K207))""),"""")","=IFERROR(__xludf.DUMMYFUNCTION(""Ifna(QUERY($A$3:$I$2000, """"select A where G="""" & $K207))""),"""")","=IFERROR(__xludf.DUMMYFUNCTION(""Ifna(QUERY($A$3:$I$2000, """"select A where H="""" & $K207))""),"""")","=IFERROR(__xludf.DUMMYFUNCTION(""Ifna(QUERY($A$3:$I$2000, """"select A where I="""" & $K207))""),"""")",,,,,,,,,
,,,,,,,,,,206.0,"=IFERROR(__xludf.DUMMYFUNCTION(""Ifna(QUERY($A$3:$I$2000, """"select A where B="""" & $K208))""),"""")","=IFERROR(__xludf.DUMMYFUNCTION(""Ifna(QUERY($A$3:$I$2000, """"select A where C="""" & $K208))""),"""")","=IFERROR(__xludf.DUMMYFUNCTION(""Ifna(QUERY($A$3:$I$2000, """"select A where D="""" & $K208))""),"""")","=IFERROR(__xludf.DUMMYFUNCTION(""Ifna(QUERY($A$3:$I$2000, """"select A where E="""" & $K208))""),"""")","=IFERROR(__xludf.DUMMYFUNCTION(""Ifna(QUERY($A$3:$I$2000, """"select A where F="""" & $K208))""),"""")","=IFERROR(__xludf.DUMMYFUNCTION(""Ifna(QUERY($A$3:$I$2000, """"select A where G="""" & $K208))""),"""")","=IFERROR(__xludf.DUMMYFUNCTION(""Ifna(QUERY($A$3:$I$2000, """"select A where H="""" & $K208))""),"""")","=IFERROR(__xludf.DUMMYFUNCTION(""Ifna(QUERY($A$3:$I$2000, """"select A where I="""" & $K208))""),8.0)",,,,,,,,,
,,,,,,,,,,207.0,"=IFERROR(__xludf.DUMMYFUNCTION(""Ifna(QUERY($A$3:$I$2000, """"select A where B="""" & $K209))""),"""")","=IFERROR(__xludf.DUMMYFUNCTION(""Ifna(QUERY($A$3:$I$2000, """"select A where C="""" & $K209))""),"""")","=IFERROR(__xludf.DUMMYFUNCTION(""Ifna(QUERY($A$3:$I$2000, """"select A where D="""" & $K209))""),"""")","=IFERROR(__xludf.DUMMYFUNCTION(""Ifna(QUERY($A$3:$I$2000, """"select A where E="""" & $K209))""),"""")","=IFERROR(__xludf.DUMMYFUNCTION(""Ifna(QUERY($A$3:$I$2000, """"select A where F="""" & $K209))""),"""")","=IFERROR(__xludf.DUMMYFUNCTION(""Ifna(QUERY($A$3:$I$2000, """"select A where G="""" & $K209))""),"""")","=IFERROR(__xludf.DUMMYFUNCTION(""Ifna(QUERY($A$3:$I$2000, """"select A where H="""" & $K209))""),"""")","=IFERROR(__xludf.DUMMYFUNCTION(""Ifna(QUERY($A$3:$I$2000, """"select A where I="""" & $K209))""),"""")",,,,,,,,,
,,,,,,,,,,208.0,"=IFERROR(__xludf.DUMMYFUNCTION(""Ifna(QUERY($A$3:$I$2000, """"select A where B="""" & $K210))""),"""")","=IFERROR(__xludf.DUMMYFUNCTION(""Ifna(QUERY($A$3:$I$2000, """"select A where C="""" & $K210))""),"""")","=IFERROR(__xludf.DUMMYFUNCTION(""Ifna(QUERY($A$3:$I$2000, """"select A where D="""" & $K210))""),"""")","=IFERROR(__xludf.DUMMYFUNCTION(""Ifna(QUERY($A$3:$I$2000, """"select A where E="""" & $K210))""),"""")","=IFERROR(__xludf.DUMMYFUNCTION(""Ifna(QUERY($A$3:$I$2000, """"select A where F="""" & $K210))""),"""")","=IFERROR(__xludf.DUMMYFUNCTION(""Ifna(QUERY($A$3:$I$2000, """"select A where G="""" & $K210))""),"""")","=IFERROR(__xludf.DUMMYFUNCTION(""Ifna(QUERY($A$3:$I$2000, """"select A where H="""" & $K210))""),"""")","=IFERROR(__xludf.DUMMYFUNCTION(""Ifna(QUERY($A$3:$I$2000, """"select A where I="""" & $K210))""),"""")",,,,,,,,,
,,,,,,,,,,209.0,"=IFERROR(__xludf.DUMMYFUNCTION(""Ifna(QUERY($A$3:$I$2000, """"select A where B="""" & $K211))""),"""")","=IFERROR(__xludf.DUMMYFUNCTION(""Ifna(QUERY($A$3:$I$2000, """"select A where C="""" & $K211))""),"""")","=IFERROR(__xludf.DUMMYFUNCTION(""Ifna(QUERY($A$3:$I$2000, """"select A where D="""" & $K211))""),"""")","=IFERROR(__xludf.DUMMYFUNCTION(""Ifna(QUERY($A$3:$I$2000, """"select A where E="""" & $K211))""),"""")","=IFERROR(__xludf.DUMMYFUNCTION(""Ifna(QUERY($A$3:$I$2000, """"select A where F="""" & $K211))""),"""")","=IFERROR(__xludf.DUMMYFUNCTION(""Ifna(QUERY($A$3:$I$2000, """"select A where G="""" & $K211))""),"""")","=IFERROR(__xludf.DUMMYFUNCTION(""Ifna(QUERY($A$3:$I$2000, """"select A where H="""" & $K211))""),"""")","=IFERROR(__xludf.DUMMYFUNCTION(""Ifna(QUERY($A$3:$I$2000, """"select A where I="""" & $K211))""),"""")",,,,,,,,,
,,,,,,,,,,210.0,"=IFERROR(__xludf.DUMMYFUNCTION(""Ifna(QUERY($A$3:$I$2000, """"select A where B="""" & $K212))""),"""")","=IFERROR(__xludf.DUMMYFUNCTION(""Ifna(QUERY($A$3:$I$2000, """"select A where C="""" & $K212))""),"""")","=IFERROR(__xludf.DUMMYFUNCTION(""Ifna(QUERY($A$3:$I$2000, """"select A where D="""" & $K212))""),"""")","=IFERROR(__xludf.DUMMYFUNCTION(""Ifna(QUERY($A$3:$I$2000, """"select A where E="""" & $K212))""),"""")","=IFERROR(__xludf.DUMMYFUNCTION(""Ifna(QUERY($A$3:$I$2000, """"select A where F="""" & $K212))""),"""")","=IFERROR(__xludf.DUMMYFUNCTION(""Ifna(QUERY($A$3:$I$2000, """"select A where G="""" & $K212))""),"""")","=IFERROR(__xludf.DUMMYFUNCTION(""Ifna(QUERY($A$3:$I$2000, """"select A where H="""" & $K212))""),"""")","=IFERROR(__xludf.DUMMYFUNCTION(""Ifna(QUERY($A$3:$I$2000, """"select A where I="""" & $K212))""),"""")",,,,,,,,,
,,,,,,,,,,211.0,"=IFERROR(__xludf.DUMMYFUNCTION(""Ifna(QUERY($A$3:$I$2000, """"select A where B="""" & $K213))""),"""")","=IFERROR(__xludf.DUMMYFUNCTION(""Ifna(QUERY($A$3:$I$2000, """"select A where C="""" & $K213))""),"""")","=IFERROR(__xludf.DUMMYFUNCTION(""Ifna(QUERY($A$3:$I$2000, """"select A where D="""" & $K213))""),"""")","=IFERROR(__xludf.DUMMYFUNCTION(""Ifna(QUERY($A$3:$I$2000, """"select A where E="""" & $K213))""),"""")","=IFERROR(__xludf.DUMMYFUNCTION(""Ifna(QUERY($A$3:$I$2000, """"select A where F="""" & $K213))""),"""")","=IFERROR(__xludf.DUMMYFUNCTION(""Ifna(QUERY($A$3:$I$2000, """"select A where G="""" & $K213))""),"""")","=IFERROR(__xludf.DUMMYFUNCTION(""Ifna(QUERY($A$3:$I$2000, """"select A where H="""" & $K213))""),"""")","=IFERROR(__xludf.DUMMYFUNCTION(""Ifna(QUERY($A$3:$I$2000, """"select A where I="""" & $K213))""),"""")",,,,,,,,,
,,,,,,,,,,212.0,"=IFERROR(__xludf.DUMMYFUNCTION(""Ifna(QUERY($A$3:$I$2000, """"select A where B="""" & $K214))""),"""")","=IFERROR(__xludf.DUMMYFUNCTION(""Ifna(QUERY($A$3:$I$2000, """"select A where C="""" & $K214))""),"""")","=IFERROR(__xludf.DUMMYFUNCTION(""Ifna(QUERY($A$3:$I$2000, """"select A where D="""" & $K214))""),"""")","=IFERROR(__xludf.DUMMYFUNCTION(""Ifna(QUERY($A$3:$I$2000, """"select A where E="""" & $K214))""),"""")","=IFERROR(__xludf.DUMMYFUNCTION(""Ifna(QUERY($A$3:$I$2000, """"select A where F="""" & $K214))""),"""")","=IFERROR(__xludf.DUMMYFUNCTION(""Ifna(QUERY($A$3:$I$2000, """"select A where G="""" & $K214))""),"""")","=IFERROR(__xludf.DUMMYFUNCTION(""Ifna(QUERY($A$3:$I$2000, """"select A where H="""" & $K214))""),"""")","=IFERROR(__xludf.DUMMYFUNCTION(""Ifna(QUERY($A$3:$I$2000, """"select A where I="""" & $K214))""),"""")",,,,,,,,,
,,,,,,,,,,213.0,"=IFERROR(__xludf.DUMMYFUNCTION(""Ifna(QUERY($A$3:$I$2000, """"select A where B="""" & $K215))""),"""")","=IFERROR(__xludf.DUMMYFUNCTION(""Ifna(QUERY($A$3:$I$2000, """"select A where C="""" & $K215))""),"""")","=IFERROR(__xludf.DUMMYFUNCTION(""Ifna(QUERY($A$3:$I$2000, """"select A where D="""" & $K215))""),"""")","=IFERROR(__xludf.DUMMYFUNCTION(""Ifna(QUERY($A$3:$I$2000, """"select A where E="""" & $K215))""),"""")","=IFERROR(__xludf.DUMMYFUNCTION(""Ifna(QUERY($A$3:$I$2000, """"select A where F="""" & $K215))""),"""")","=IFERROR(__xludf.DUMMYFUNCTION(""Ifna(QUERY($A$3:$I$2000, """"select A where G="""" & $K215))""),"""")","=IFERROR(__xludf.DUMMYFUNCTION(""Ifna(QUERY($A$3:$I$2000, """"select A where H="""" & $K215))""),"""")","=IFERROR(__xludf.DUMMYFUNCTION(""Ifna(QUERY($A$3:$I$2000, """"select A where I="""" & $K215))""),"""")",,,,,,,,,
,,,,,,,,,,214.0,"=IFERROR(__xludf.DUMMYFUNCTION(""Ifna(QUERY($A$3:$I$2000, """"select A where B="""" & $K216))""),"""")","=IFERROR(__xludf.DUMMYFUNCTION(""Ifna(QUERY($A$3:$I$2000, """"select A where C="""" & $K216))""),"""")","=IFERROR(__xludf.DUMMYFUNCTION(""Ifna(QUERY($A$3:$I$2000, """"select A where D="""" & $K216))""),"""")","=IFERROR(__xludf.DUMMYFUNCTION(""Ifna(QUERY($A$3:$I$2000, """"select A where E="""" & $K216))""),"""")","=IFERROR(__xludf.DUMMYFUNCTION(""Ifna(QUERY($A$3:$I$2000, """"select A where F="""" & $K216))""),"""")","=IFERROR(__xludf.DUMMYFUNCTION(""Ifna(QUERY($A$3:$I$2000, """"select A where G="""" & $K216))""),"""")","=IFERROR(__xludf.DUMMYFUNCTION(""Ifna(QUERY($A$3:$I$2000, """"select A where H="""" & $K216))""),"""")","=IFERROR(__xludf.DUMMYFUNCTION(""Ifna(QUERY($A$3:$I$2000, """"select A where I="""" & $K216))""),7.0)",,,,,,,,,
,,,,,,,,,,215.0,"=IFERROR(__xludf.DUMMYFUNCTION(""Ifna(QUERY($A$3:$I$2000, """"select A where B="""" & $K217))""),"""")","=IFERROR(__xludf.DUMMYFUNCTION(""Ifna(QUERY($A$3:$I$2000, """"select A where C="""" & $K217))""),"""")","=IFERROR(__xludf.DUMMYFUNCTION(""Ifna(QUERY($A$3:$I$2000, """"select A where D="""" & $K217))""),"""")","=IFERROR(__xludf.DUMMYFUNCTION(""Ifna(QUERY($A$3:$I$2000, """"select A where E="""" & $K217))""),"""")","=IFERROR(__xludf.DUMMYFUNCTION(""Ifna(QUERY($A$3:$I$2000, """"select A where F="""" & $K217))""),"""")","=IFERROR(__xludf.DUMMYFUNCTION(""Ifna(QUERY($A$3:$I$2000, """"select A where G="""" & $K217))""),"""")","=IFERROR(__xludf.DUMMYFUNCTION(""Ifna(QUERY($A$3:$I$2000, """"select A where H="""" & $K217))""),"""")","=IFERROR(__xludf.DUMMYFUNCTION(""Ifna(QUERY($A$3:$I$2000, """"select A where I="""" & $K217))""),"""")",,,,,,,,,
,,,,,,,,,,216.0,"=IFERROR(__xludf.DUMMYFUNCTION(""Ifna(QUERY($A$3:$I$2000, """"select A where B="""" & $K218))""),"""")","=IFERROR(__xludf.DUMMYFUNCTION(""Ifna(QUERY($A$3:$I$2000, """"select A where C="""" & $K218))""),"""")","=IFERROR(__xludf.DUMMYFUNCTION(""Ifna(QUERY($A$3:$I$2000, """"select A where D="""" & $K218))""),"""")","=IFERROR(__xludf.DUMMYFUNCTION(""Ifna(QUERY($A$3:$I$2000, """"select A where E="""" & $K218))""),"""")","=IFERROR(__xludf.DUMMYFUNCTION(""Ifna(QUERY($A$3:$I$2000, """"select A where F="""" & $K218))""),"""")","=IFERROR(__xludf.DUMMYFUNCTION(""Ifna(QUERY($A$3:$I$2000, """"select A where G="""" & $K218))""),"""")","=IFERROR(__xludf.DUMMYFUNCTION(""Ifna(QUERY($A$3:$I$2000, """"select A where H="""" & $K218))""),"""")","=IFERROR(__xludf.DUMMYFUNCTION(""Ifna(QUERY($A$3:$I$2000, """"select A where I="""" & $K218))""),"""")",,,,,,,,,
,,,,,,,,,,217.0,"=IFERROR(__xludf.DUMMYFUNCTION(""Ifna(QUERY($A$3:$I$2000, """"select A where B="""" & $K219))""),"""")","=IFERROR(__xludf.DUMMYFUNCTION(""Ifna(QUERY($A$3:$I$2000, """"select A where C="""" & $K219))""),"""")","=IFERROR(__xludf.DUMMYFUNCTION(""Ifna(QUERY($A$3:$I$2000, """"select A where D="""" & $K219))""),"""")","=IFERROR(__xludf.DUMMYFUNCTION(""Ifna(QUERY($A$3:$I$2000, """"select A where E="""" & $K219))""),"""")","=IFERROR(__xludf.DUMMYFUNCTION(""Ifna(QUERY($A$3:$I$2000, """"select A where F="""" & $K219))""),"""")","=IFERROR(__xludf.DUMMYFUNCTION(""Ifna(QUERY($A$3:$I$2000, """"select A where G="""" & $K219))""),"""")","=IFERROR(__xludf.DUMMYFUNCTION(""Ifna(QUERY($A$3:$I$2000, """"select A where H="""" & $K219))""),"""")","=IFERROR(__xludf.DUMMYFUNCTION(""Ifna(QUERY($A$3:$I$2000, """"select A where I="""" & $K219))""),"""")",,,,,,,,,
,,,,,,,,,,218.0,"=IFERROR(__xludf.DUMMYFUNCTION(""Ifna(QUERY($A$3:$I$2000, """"select A where B="""" & $K220))""),"""")","=IFERROR(__xludf.DUMMYFUNCTION(""Ifna(QUERY($A$3:$I$2000, """"select A where C="""" & $K220))""),"""")","=IFERROR(__xludf.DUMMYFUNCTION(""Ifna(QUERY($A$3:$I$2000, """"select A where D="""" & $K220))""),"""")","=IFERROR(__xludf.DUMMYFUNCTION(""Ifna(QUERY($A$3:$I$2000, """"select A where E="""" & $K220))""),"""")","=IFERROR(__xludf.DUMMYFUNCTION(""Ifna(QUERY($A$3:$I$2000, """"select A where F="""" & $K220))""),"""")","=IFERROR(__xludf.DUMMYFUNCTION(""Ifna(QUERY($A$3:$I$2000, """"select A where G="""" & $K220))""),"""")","=IFERROR(__xludf.DUMMYFUNCTION(""Ifna(QUERY($A$3:$I$2000, """"select A where H="""" & $K220))""),"""")","=IFERROR(__xludf.DUMMYFUNCTION(""Ifna(QUERY($A$3:$I$2000, """"select A where I="""" & $K220))""),"""")",,,,,,,,,
,,,,,,,,,,219.0,"=IFERROR(__xludf.DUMMYFUNCTION(""Ifna(QUERY($A$3:$I$2000, """"select A where B="""" & $K221))""),"""")","=IFERROR(__xludf.DUMMYFUNCTION(""Ifna(QUERY($A$3:$I$2000, """"select A where C="""" & $K221))""),"""")","=IFERROR(__xludf.DUMMYFUNCTION(""Ifna(QUERY($A$3:$I$2000, """"select A where D="""" & $K221))""),"""")","=IFERROR(__xludf.DUMMYFUNCTION(""Ifna(QUERY($A$3:$I$2000, """"select A where E="""" & $K221))""),"""")","=IFERROR(__xludf.DUMMYFUNCTION(""Ifna(QUERY($A$3:$I$2000, """"select A where F="""" & $K221))""),"""")","=IFERROR(__xludf.DUMMYFUNCTION(""Ifna(QUERY($A$3:$I$2000, """"select A where G="""" & $K221))""),"""")","=IFERROR(__xludf.DUMMYFUNCTION(""Ifna(QUERY($A$3:$I$2000, """"select A where H="""" & $K221))""),"""")","=IFERROR(__xludf.DUMMYFUNCTION(""Ifna(QUERY($A$3:$I$2000, """"select A where I="""" & $K221))""),"""")",,,,,,,,,
,,,,,,,,,,220.0,"=IFERROR(__xludf.DUMMYFUNCTION(""Ifna(QUERY($A$3:$I$2000, """"select A where B="""" & $K222))""),"""")","=IFERROR(__xludf.DUMMYFUNCTION(""Ifna(QUERY($A$3:$I$2000, """"select A where C="""" & $K222))""),"""")","=IFERROR(__xludf.DUMMYFUNCTION(""Ifna(QUERY($A$3:$I$2000, """"select A where D="""" & $K222))""),"""")","=IFERROR(__xludf.DUMMYFUNCTION(""Ifna(QUERY($A$3:$I$2000, """"select A where E="""" & $K222))""),"""")","=IFERROR(__xludf.DUMMYFUNCTION(""Ifna(QUERY($A$3:$I$2000, """"select A where F="""" & $K222))""),"""")","=IFERROR(__xludf.DUMMYFUNCTION(""Ifna(QUERY($A$3:$I$2000, """"select A where G="""" & $K222))""),"""")","=IFERROR(__xludf.DUMMYFUNCTION(""Ifna(QUERY($A$3:$I$2000, """"select A where H="""" & $K222))""),"""")","=IFERROR(__xludf.DUMMYFUNCTION(""Ifna(QUERY($A$3:$I$2000, """"select A where I="""" & $K222))""),"""")",,,,,,,,,
,,,,,,,,,,221.0,"=IFERROR(__xludf.DUMMYFUNCTION(""Ifna(QUERY($A$3:$I$2000, """"select A where B="""" & $K223))""),"""")","=IFERROR(__xludf.DUMMYFUNCTION(""Ifna(QUERY($A$3:$I$2000, """"select A where C="""" & $K223))""),"""")","=IFERROR(__xludf.DUMMYFUNCTION(""Ifna(QUERY($A$3:$I$2000, """"select A where D="""" & $K223))""),"""")","=IFERROR(__xludf.DUMMYFUNCTION(""Ifna(QUERY($A$3:$I$2000, """"select A where E="""" & $K223))""),"""")","=IFERROR(__xludf.DUMMYFUNCTION(""Ifna(QUERY($A$3:$I$2000, """"select A where F="""" & $K223))""),"""")","=IFERROR(__xludf.DUMMYFUNCTION(""Ifna(QUERY($A$3:$I$2000, """"select A where G="""" & $K223))""),"""")","=IFERROR(__xludf.DUMMYFUNCTION(""Ifna(QUERY($A$3:$I$2000, """"select A where H="""" & $K223))""),"""")","=IFERROR(__xludf.DUMMYFUNCTION(""Ifna(QUERY($A$3:$I$2000, """"select A where I="""" & $K223))""),"""")",,,,,,,,,
,,,,,,,,,,222.0,"=IFERROR(__xludf.DUMMYFUNCTION(""Ifna(QUERY($A$3:$I$2000, """"select A where B="""" & $K224))""),"""")","=IFERROR(__xludf.DUMMYFUNCTION(""Ifna(QUERY($A$3:$I$2000, """"select A where C="""" & $K224))""),"""")","=IFERROR(__xludf.DUMMYFUNCTION(""Ifna(QUERY($A$3:$I$2000, """"select A where D="""" & $K224))""),"""")","=IFERROR(__xludf.DUMMYFUNCTION(""Ifna(QUERY($A$3:$I$2000, """"select A where E="""" & $K224))""),"""")","=IFERROR(__xludf.DUMMYFUNCTION(""Ifna(QUERY($A$3:$I$2000, """"select A where F="""" & $K224))""),"""")","=IFERROR(__xludf.DUMMYFUNCTION(""Ifna(QUERY($A$3:$I$2000, """"select A where G="""" & $K224))""),"""")","=IFERROR(__xludf.DUMMYFUNCTION(""Ifna(QUERY($A$3:$I$2000, """"select A where H="""" & $K224))""),"""")","=IFERROR(__xludf.DUMMYFUNCTION(""Ifna(QUERY($A$3:$I$2000, """"select A where I="""" & $K224))""),"""")",,,,,,,,,
,,,,,,,,,,223.0,"=IFERROR(__xludf.DUMMYFUNCTION(""Ifna(QUERY($A$3:$I$2000, """"select A where B="""" & $K225))""),"""")","=IFERROR(__xludf.DUMMYFUNCTION(""Ifna(QUERY($A$3:$I$2000, """"select A where C="""" & $K225))""),"""")","=IFERROR(__xludf.DUMMYFUNCTION(""Ifna(QUERY($A$3:$I$2000, """"select A where D="""" & $K225))""),"""")","=IFERROR(__xludf.DUMMYFUNCTION(""Ifna(QUERY($A$3:$I$2000, """"select A where E="""" & $K225))""),"""")","=IFERROR(__xludf.DUMMYFUNCTION(""Ifna(QUERY($A$3:$I$2000, """"select A where F="""" & $K225))""),"""")","=IFERROR(__xludf.DUMMYFUNCTION(""Ifna(QUERY($A$3:$I$2000, """"select A where G="""" & $K225))""),"""")","=IFERROR(__xludf.DUMMYFUNCTION(""Ifna(QUERY($A$3:$I$2000, """"select A where H="""" & $K225))""),"""")","=IFERROR(__xludf.DUMMYFUNCTION(""Ifna(QUERY($A$3:$I$2000, """"select A where I="""" & $K225))""),"""")",,,,,,,,,
,,,,,,,,,,224.0,"=IFERROR(__xludf.DUMMYFUNCTION(""Ifna(QUERY($A$3:$I$2000, """"select A where B="""" & $K226))""),"""")","=IFERROR(__xludf.DUMMYFUNCTION(""Ifna(QUERY($A$3:$I$2000, """"select A where C="""" & $K226))""),"""")","=IFERROR(__xludf.DUMMYFUNCTION(""Ifna(QUERY($A$3:$I$2000, """"select A where D="""" & $K226))""),"""")","=IFERROR(__xludf.DUMMYFUNCTION(""Ifna(QUERY($A$3:$I$2000, """"select A where E="""" & $K226))""),"""")","=IFERROR(__xludf.DUMMYFUNCTION(""Ifna(QUERY($A$3:$I$2000, """"select A where F="""" & $K226))""),"""")","=IFERROR(__xludf.DUMMYFUNCTION(""Ifna(QUERY($A$3:$I$2000, """"select A where G="""" & $K226))""),"""")","=IFERROR(__xludf.DUMMYFUNCTION(""Ifna(QUERY($A$3:$I$2000, """"select A where H="""" & $K226))""),"""")","=IFERROR(__xludf.DUMMYFUNCTION(""Ifna(QUERY($A$3:$I$2000, """"select A where I="""" & $K226))""),"""")",,,,,,,,,
,,,,,,,,,,225.0,"=IFERROR(__xludf.DUMMYFUNCTION(""Ifna(QUERY($A$3:$I$2000, """"select A where B="""" & $K227))""),"""")","=IFERROR(__xludf.DUMMYFUNCTION(""Ifna(QUERY($A$3:$I$2000, """"select A where C="""" & $K227))""),"""")","=IFERROR(__xludf.DUMMYFUNCTION(""Ifna(QUERY($A$3:$I$2000, """"select A where D="""" & $K227))""),"""")","=IFERROR(__xludf.DUMMYFUNCTION(""Ifna(QUERY($A$3:$I$2000, """"select A where E="""" & $K227))""),"""")","=IFERROR(__xludf.DUMMYFUNCTION(""Ifna(QUERY($A$3:$I$2000, """"select A where F="""" & $K227))""),"""")","=IFERROR(__xludf.DUMMYFUNCTION(""Ifna(QUERY($A$3:$I$2000, """"select A where G="""" & $K227))""),"""")","=IFERROR(__xludf.DUMMYFUNCTION(""Ifna(QUERY($A$3:$I$2000, """"select A where H="""" & $K227))""),"""")","=IFERROR(__xludf.DUMMYFUNCTION(""Ifna(QUERY($A$3:$I$2000, """"select A where I="""" & $K227))""),6.0)",,,,,,,,,
,,,,,,,,,,226.0,"=IFERROR(__xludf.DUMMYFUNCTION(""Ifna(QUERY($A$3:$I$2000, """"select A where B="""" & $K228))""),"""")","=IFERROR(__xludf.DUMMYFUNCTION(""Ifna(QUERY($A$3:$I$2000, """"select A where C="""" & $K228))""),"""")","=IFERROR(__xludf.DUMMYFUNCTION(""Ifna(QUERY($A$3:$I$2000, """"select A where D="""" & $K228))""),"""")","=IFERROR(__xludf.DUMMYFUNCTION(""Ifna(QUERY($A$3:$I$2000, """"select A where E="""" & $K228))""),"""")","=IFERROR(__xludf.DUMMYFUNCTION(""Ifna(QUERY($A$3:$I$2000, """"select A where F="""" & $K228))""),"""")","=IFERROR(__xludf.DUMMYFUNCTION(""Ifna(QUERY($A$3:$I$2000, """"select A where G="""" & $K228))""),"""")","=IFERROR(__xludf.DUMMYFUNCTION(""Ifna(QUERY($A$3:$I$2000, """"select A where H="""" & $K228))""),"""")","=IFERROR(__xludf.DUMMYFUNCTION(""Ifna(QUERY($A$3:$I$2000, """"select A where I="""" & $K228))""),"""")",,,,,,,,,
,,,,,,,,,,227.0,"=IFERROR(__xludf.DUMMYFUNCTION(""Ifna(QUERY($A$3:$I$2000, """"select A where B="""" & $K229))""),"""")","=IFERROR(__xludf.DUMMYFUNCTION(""Ifna(QUERY($A$3:$I$2000, """"select A where C="""" & $K229))""),"""")","=IFERROR(__xludf.DUMMYFUNCTION(""Ifna(QUERY($A$3:$I$2000, """"select A where D="""" & $K229))""),"""")","=IFERROR(__xludf.DUMMYFUNCTION(""Ifna(QUERY($A$3:$I$2000, """"select A where E="""" & $K229))""),"""")","=IFERROR(__xludf.DUMMYFUNCTION(""Ifna(QUERY($A$3:$I$2000, """"select A where F="""" & $K229))""),"""")","=IFERROR(__xludf.DUMMYFUNCTION(""Ifna(QUERY($A$3:$I$2000, """"select A where G="""" & $K229))""),"""")","=IFERROR(__xludf.DUMMYFUNCTION(""Ifna(QUERY($A$3:$I$2000, """"select A where H="""" & $K229))""),"""")","=IFERROR(__xludf.DUMMYFUNCTION(""Ifna(QUERY($A$3:$I$2000, """"select A where I="""" & $K229))""),"""")",,,,,,,,,
,,,,,,,,,,228.0,"=IFERROR(__xludf.DUMMYFUNCTION(""Ifna(QUERY($A$3:$I$2000, """"select A where B="""" & $K230))""),"""")","=IFERROR(__xludf.DUMMYFUNCTION(""Ifna(QUERY($A$3:$I$2000, """"select A where C="""" & $K230))""),"""")","=IFERROR(__xludf.DUMMYFUNCTION(""Ifna(QUERY($A$3:$I$2000, """"select A where D="""" & $K230))""),"""")","=IFERROR(__xludf.DUMMYFUNCTION(""Ifna(QUERY($A$3:$I$2000, """"select A where E="""" & $K230))""),"""")","=IFERROR(__xludf.DUMMYFUNCTION(""Ifna(QUERY($A$3:$I$2000, """"select A where F="""" & $K230))""),"""")","=IFERROR(__xludf.DUMMYFUNCTION(""Ifna(QUERY($A$3:$I$2000, """"select A where G="""" & $K230))""),"""")","=IFERROR(__xludf.DUMMYFUNCTION(""Ifna(QUERY($A$3:$I$2000, """"select A where H="""" & $K230))""),"""")","=IFERROR(__xludf.DUMMYFUNCTION(""Ifna(QUERY($A$3:$I$2000, """"select A where I="""" & $K230))""),"""")",,,,,,,,,
,,,,,,,,,,229.0,"=IFERROR(__xludf.DUMMYFUNCTION(""Ifna(QUERY($A$3:$I$2000, """"select A where B="""" & $K231))""),"""")","=IFERROR(__xludf.DUMMYFUNCTION(""Ifna(QUERY($A$3:$I$2000, """"select A where C="""" & $K231))""),"""")","=IFERROR(__xludf.DUMMYFUNCTION(""Ifna(QUERY($A$3:$I$2000, """"select A where D="""" & $K231))""),"""")","=IFERROR(__xludf.DUMMYFUNCTION(""Ifna(QUERY($A$3:$I$2000, """"select A where E="""" & $K231))""),"""")","=IFERROR(__xludf.DUMMYFUNCTION(""Ifna(QUERY($A$3:$I$2000, """"select A where F="""" & $K231))""),"""")","=IFERROR(__xludf.DUMMYFUNCTION(""Ifna(QUERY($A$3:$I$2000, """"select A where G="""" & $K231))""),"""")","=IFERROR(__xludf.DUMMYFUNCTION(""Ifna(QUERY($A$3:$I$2000, """"select A where H="""" & $K231))""),"""")","=IFERROR(__xludf.DUMMYFUNCTION(""Ifna(QUERY($A$3:$I$2000, """"select A where I="""" & $K231))""),"""")",,,,,,,,,
,,,,,,,,,,230.0,"=IFERROR(__xludf.DUMMYFUNCTION(""Ifna(QUERY($A$3:$I$2000, """"select A where B="""" & $K232))""),"""")","=IFERROR(__xludf.DUMMYFUNCTION(""Ifna(QUERY($A$3:$I$2000, """"select A where C="""" & $K232))""),"""")","=IFERROR(__xludf.DUMMYFUNCTION(""Ifna(QUERY($A$3:$I$2000, """"select A where D="""" & $K232))""),"""")","=IFERROR(__xludf.DUMMYFUNCTION(""Ifna(QUERY($A$3:$I$2000, """"select A where E="""" & $K232))""),"""")","=IFERROR(__xludf.DUMMYFUNCTION(""Ifna(QUERY($A$3:$I$2000, """"select A where F="""" & $K232))""),"""")","=IFERROR(__xludf.DUMMYFUNCTION(""Ifna(QUERY($A$3:$I$2000, """"select A where G="""" & $K232))""),"""")","=IFERROR(__xludf.DUMMYFUNCTION(""Ifna(QUERY($A$3:$I$2000, """"select A where H="""" & $K232))""),"""")","=IFERROR(__xludf.DUMMYFUNCTION(""Ifna(QUERY($A$3:$I$2000, """"select A where I="""" & $K232))""),"""")",,,,,,,,,
,,,,,,,,,,231.0,"=IFERROR(__xludf.DUMMYFUNCTION(""Ifna(QUERY($A$3:$I$2000, """"select A where B="""" & $K233))""),"""")","=IFERROR(__xludf.DUMMYFUNCTION(""Ifna(QUERY($A$3:$I$2000, """"select A where C="""" & $K233))""),"""")","=IFERROR(__xludf.DUMMYFUNCTION(""Ifna(QUERY($A$3:$I$2000, """"select A where D="""" & $K233))""),"""")","=IFERROR(__xludf.DUMMYFUNCTION(""Ifna(QUERY($A$3:$I$2000, """"select A where E="""" & $K233))""),"""")","=IFERROR(__xludf.DUMMYFUNCTION(""Ifna(QUERY($A$3:$I$2000, """"select A where F="""" & $K233))""),"""")","=IFERROR(__xludf.DUMMYFUNCTION(""Ifna(QUERY($A$3:$I$2000, """"select A where G="""" & $K233))""),"""")","=IFERROR(__xludf.DUMMYFUNCTION(""Ifna(QUERY($A$3:$I$2000, """"select A where H="""" & $K233))""),"""")","=IFERROR(__xludf.DUMMYFUNCTION(""Ifna(QUERY($A$3:$I$2000, """"select A where I="""" & $K233))""),5.0)",,,,,,,,,
,,,,,,,,,,232.0,"=IFERROR(__xludf.DUMMYFUNCTION(""Ifna(QUERY($A$3:$I$2000, """"select A where B="""" & $K234))""),"""")","=IFERROR(__xludf.DUMMYFUNCTION(""Ifna(QUERY($A$3:$I$2000, """"select A where C="""" & $K234))""),"""")","=IFERROR(__xludf.DUMMYFUNCTION(""Ifna(QUERY($A$3:$I$2000, """"select A where D="""" & $K234))""),"""")","=IFERROR(__xludf.DUMMYFUNCTION(""Ifna(QUERY($A$3:$I$2000, """"select A where E="""" & $K234))""),"""")","=IFERROR(__xludf.DUMMYFUNCTION(""Ifna(QUERY($A$3:$I$2000, """"select A where F="""" & $K234))""),"""")","=IFERROR(__xludf.DUMMYFUNCTION(""Ifna(QUERY($A$3:$I$2000, """"select A where G="""" & $K234))""),"""")","=IFERROR(__xludf.DUMMYFUNCTION(""Ifna(QUERY($A$3:$I$2000, """"select A where H="""" & $K234))""),"""")","=IFERROR(__xludf.DUMMYFUNCTION(""Ifna(QUERY($A$3:$I$2000, """"select A where I="""" & $K234))""),"""")",,,,,,,,,
,,,,,,,,,,233.0,"=IFERROR(__xludf.DUMMYFUNCTION(""Ifna(QUERY($A$3:$I$2000, """"select A where B="""" & $K235))""),"""")","=IFERROR(__xludf.DUMMYFUNCTION(""Ifna(QUERY($A$3:$I$2000, """"select A where C="""" & $K235))""),"""")","=IFERROR(__xludf.DUMMYFUNCTION(""Ifna(QUERY($A$3:$I$2000, """"select A where D="""" & $K235))""),"""")","=IFERROR(__xludf.DUMMYFUNCTION(""Ifna(QUERY($A$3:$I$2000, """"select A where E="""" & $K235))""),"""")","=IFERROR(__xludf.DUMMYFUNCTION(""Ifna(QUERY($A$3:$I$2000, """"select A where F="""" & $K235))""),"""")","=IFERROR(__xludf.DUMMYFUNCTION(""Ifna(QUERY($A$3:$I$2000, """"select A where G="""" & $K235))""),"""")","=IFERROR(__xludf.DUMMYFUNCTION(""Ifna(QUERY($A$3:$I$2000, """"select A where H="""" & $K235))""),"""")","=IFERROR(__xludf.DUMMYFUNCTION(""Ifna(QUERY($A$3:$I$2000, """"select A where I="""" & $K235))""),"""")",,,,,,,,,
,,,,,,,,,,234.0,"=IFERROR(__xludf.DUMMYFUNCTION(""Ifna(QUERY($A$3:$I$2000, """"select A where B="""" & $K236))""),"""")","=IFERROR(__xludf.DUMMYFUNCTION(""Ifna(QUERY($A$3:$I$2000, """"select A where C="""" & $K236))""),"""")","=IFERROR(__xludf.DUMMYFUNCTION(""Ifna(QUERY($A$3:$I$2000, """"select A where D="""" & $K236))""),"""")","=IFERROR(__xludf.DUMMYFUNCTION(""Ifna(QUERY($A$3:$I$2000, """"select A where E="""" & $K236))""),"""")","=IFERROR(__xludf.DUMMYFUNCTION(""Ifna(QUERY($A$3:$I$2000, """"select A where F="""" & $K236))""),"""")","=IFERROR(__xludf.DUMMYFUNCTION(""Ifna(QUERY($A$3:$I$2000, """"select A where G="""" & $K236))""),"""")","=IFERROR(__xludf.DUMMYFUNCTION(""Ifna(QUERY($A$3:$I$2000, """"select A where H="""" & $K236))""),"""")","=IFERROR(__xludf.DUMMYFUNCTION(""Ifna(QUERY($A$3:$I$2000, """"select A where I="""" & $K236))""),"""")",,,,,,,,,
,,,,,,,,,,235.0,"=IFERROR(__xludf.DUMMYFUNCTION(""Ifna(QUERY($A$3:$I$2000, """"select A where B="""" & $K237))""),"""")","=IFERROR(__xludf.DUMMYFUNCTION(""Ifna(QUERY($A$3:$I$2000, """"select A where C="""" & $K237))""),"""")","=IFERROR(__xludf.DUMMYFUNCTION(""Ifna(QUERY($A$3:$I$2000, """"select A where D="""" & $K237))""),"""")","=IFERROR(__xludf.DUMMYFUNCTION(""Ifna(QUERY($A$3:$I$2000, """"select A where E="""" & $K237))""),"""")","=IFERROR(__xludf.DUMMYFUNCTION(""Ifna(QUERY($A$3:$I$2000, """"select A where F="""" & $K237))""),"""")","=IFERROR(__xludf.DUMMYFUNCTION(""Ifna(QUERY($A$3:$I$2000, """"select A where G="""" & $K237))""),"""")","=IFERROR(__xludf.DUMMYFUNCTION(""Ifna(QUERY($A$3:$I$2000, """"select A where H="""" & $K237))""),"""")","=IFERROR(__xludf.DUMMYFUNCTION(""Ifna(QUERY($A$3:$I$2000, """"select A where I="""" & $K237))""),"""")",,,,,,,,,
,,,,,,,,,,236.0,"=IFERROR(__xludf.DUMMYFUNCTION(""Ifna(QUERY($A$3:$I$2000, """"select A where B="""" & $K238))""),"""")","=IFERROR(__xludf.DUMMYFUNCTION(""Ifna(QUERY($A$3:$I$2000, """"select A where C="""" & $K238))""),"""")","=IFERROR(__xludf.DUMMYFUNCTION(""Ifna(QUERY($A$3:$I$2000, """"select A where D="""" & $K238))""),"""")","=IFERROR(__xludf.DUMMYFUNCTION(""Ifna(QUERY($A$3:$I$2000, """"select A where E="""" & $K238))""),"""")","=IFERROR(__xludf.DUMMYFUNCTION(""Ifna(QUERY($A$3:$I$2000, """"select A where F="""" & $K238))""),"""")","=IFERROR(__xludf.DUMMYFUNCTION(""Ifna(QUERY($A$3:$I$2000, """"select A where G="""" & $K238))""),"""")","=IFERROR(__xludf.DUMMYFUNCTION(""Ifna(QUERY($A$3:$I$2000, """"select A where H="""" & $K238))""),"""")","=IFERROR(__xludf.DUMMYFUNCTION(""Ifna(QUERY($A$3:$I$2000, """"select A where I="""" & $K238))""),"""")",,,,,,,,,
,,,,,,,,,,237.0,"=IFERROR(__xludf.DUMMYFUNCTION(""Ifna(QUERY($A$3:$I$2000, """"select A where B="""" & $K239))""),"""")","=IFERROR(__xludf.DUMMYFUNCTION(""Ifna(QUERY($A$3:$I$2000, """"select A where C="""" & $K239))""),"""")","=IFERROR(__xludf.DUMMYFUNCTION(""Ifna(QUERY($A$3:$I$2000, """"select A where D="""" & $K239))""),"""")","=IFERROR(__xludf.DUMMYFUNCTION(""Ifna(QUERY($A$3:$I$2000, """"select A where E="""" & $K239))""),"""")","=IFERROR(__xludf.DUMMYFUNCTION(""Ifna(QUERY($A$3:$I$2000, """"select A where F="""" & $K239))""),"""")","=IFERROR(__xludf.DUMMYFUNCTION(""Ifna(QUERY($A$3:$I$2000, """"select A where G="""" & $K239))""),"""")","=IFERROR(__xludf.DUMMYFUNCTION(""Ifna(QUERY($A$3:$I$2000, """"select A where H="""" & $K239))""),"""")","=IFERROR(__xludf.DUMMYFUNCTION(""Ifna(QUERY($A$3:$I$2000, """"select A where I="""" & $K239))""),"""")",,,,,,,,,
,,,,,,,,,,238.0,"=IFERROR(__xludf.DUMMYFUNCTION(""Ifna(QUERY($A$3:$I$2000, """"select A where B="""" & $K240))""),"""")","=IFERROR(__xludf.DUMMYFUNCTION(""Ifna(QUERY($A$3:$I$2000, """"select A where C="""" & $K240))""),"""")","=IFERROR(__xludf.DUMMYFUNCTION(""Ifna(QUERY($A$3:$I$2000, """"select A where D="""" & $K240))""),"""")","=IFERROR(__xludf.DUMMYFUNCTION(""Ifna(QUERY($A$3:$I$2000, """"select A where E="""" & $K240))""),"""")","=IFERROR(__xludf.DUMMYFUNCTION(""Ifna(QUERY($A$3:$I$2000, """"select A where F="""" & $K240))""),"""")","=IFERROR(__xludf.DUMMYFUNCTION(""Ifna(QUERY($A$3:$I$2000, """"select A where G="""" & $K240))""),"""")","=IFERROR(__xludf.DUMMYFUNCTION(""Ifna(QUERY($A$3:$I$2000, """"select A where H="""" & $K240))""),"""")","=IFERROR(__xludf.DUMMYFUNCTION(""Ifna(QUERY($A$3:$I$2000, """"select A where I="""" & $K240))""),"""")",,,,,,,,,
,,,,,,,,,,239.0,"=IFERROR(__xludf.DUMMYFUNCTION(""Ifna(QUERY($A$3:$I$2000, """"select A where B="""" & $K241))""),"""")","=IFERROR(__xludf.DUMMYFUNCTION(""Ifna(QUERY($A$3:$I$2000, """"select A where C="""" & $K241))""),"""")","=IFERROR(__xludf.DUMMYFUNCTION(""Ifna(QUERY($A$3:$I$2000, """"select A where D="""" & $K241))""),"""")","=IFERROR(__xludf.DUMMYFUNCTION(""Ifna(QUERY($A$3:$I$2000, """"select A where E="""" & $K241))""),"""")","=IFERROR(__xludf.DUMMYFUNCTION(""Ifna(QUERY($A$3:$I$2000, """"select A where F="""" & $K241))""),"""")","=IFERROR(__xludf.DUMMYFUNCTION(""Ifna(QUERY($A$3:$I$2000, """"select A where G="""" & $K241))""),"""")","=IFERROR(__xludf.DUMMYFUNCTION(""Ifna(QUERY($A$3:$I$2000, """"select A where H="""" & $K241))""),"""")","=IFERROR(__xludf.DUMMYFUNCTION(""Ifna(QUERY($A$3:$I$2000, """"select A where I="""" & $K241))""),"""")",,,,,,,,,
,,,,,,,,,,240.0,"=IFERROR(__xludf.DUMMYFUNCTION(""Ifna(QUERY($A$3:$I$2000, """"select A where B="""" & $K242))""),"""")","=IFERROR(__xludf.DUMMYFUNCTION(""Ifna(QUERY($A$3:$I$2000, """"select A where C="""" & $K242))""),"""")","=IFERROR(__xludf.DUMMYFUNCTION(""Ifna(QUERY($A$3:$I$2000, """"select A where D="""" & $K242))""),"""")","=IFERROR(__xludf.DUMMYFUNCTION(""Ifna(QUERY($A$3:$I$2000, """"select A where E="""" & $K242))""),"""")","=IFERROR(__xludf.DUMMYFUNCTION(""Ifna(QUERY($A$3:$I$2000, """"select A where F="""" & $K242))""),"""")","=IFERROR(__xludf.DUMMYFUNCTION(""Ifna(QUERY($A$3:$I$2000, """"select A where G="""" & $K242))""),"""")","=IFERROR(__xludf.DUMMYFUNCTION(""Ifna(QUERY($A$3:$I$2000, """"select A where H="""" & $K242))""),"""")","=IFERROR(__xludf.DUMMYFUNCTION(""Ifna(QUERY($A$3:$I$2000, """"select A where I="""" & $K242))""),"""")",,,,,,,,,
,,,,,,,,,,241.0,"=IFERROR(__xludf.DUMMYFUNCTION(""Ifna(QUERY($A$3:$I$2000, """"select A where B="""" & $K243))""),"""")","=IFERROR(__xludf.DUMMYFUNCTION(""Ifna(QUERY($A$3:$I$2000, """"select A where C="""" & $K243))""),"""")","=IFERROR(__xludf.DUMMYFUNCTION(""Ifna(QUERY($A$3:$I$2000, """"select A where D="""" & $K243))""),"""")","=IFERROR(__xludf.DUMMYFUNCTION(""Ifna(QUERY($A$3:$I$2000, """"select A where E="""" & $K243))""),"""")","=IFERROR(__xludf.DUMMYFUNCTION(""Ifna(QUERY($A$3:$I$2000, """"select A where F="""" & $K243))""),"""")","=IFERROR(__xludf.DUMMYFUNCTION(""Ifna(QUERY($A$3:$I$2000, """"select A where G="""" & $K243))""),"""")","=IFERROR(__xludf.DUMMYFUNCTION(""Ifna(QUERY($A$3:$I$2000, """"select A where H="""" & $K243))""),"""")","=IFERROR(__xludf.DUMMYFUNCTION(""Ifna(QUERY($A$3:$I$2000, """"select A where I="""" & $K243))""),"""")",,,,,,,,,
,,,,,,,,,,242.0,"=IFERROR(__xludf.DUMMYFUNCTION(""Ifna(QUERY($A$3:$I$2000, """"select A where B="""" & $K244))""),"""")","=IFERROR(__xludf.DUMMYFUNCTION(""Ifna(QUERY($A$3:$I$2000, """"select A where C="""" & $K244))""),"""")","=IFERROR(__xludf.DUMMYFUNCTION(""Ifna(QUERY($A$3:$I$2000, """"select A where D="""" & $K244))""),"""")","=IFERROR(__xludf.DUMMYFUNCTION(""Ifna(QUERY($A$3:$I$2000, """"select A where E="""" & $K244))""),"""")","=IFERROR(__xludf.DUMMYFUNCTION(""Ifna(QUERY($A$3:$I$2000, """"select A where F="""" & $K244))""),"""")","=IFERROR(__xludf.DUMMYFUNCTION(""Ifna(QUERY($A$3:$I$2000, """"select A where G="""" & $K244))""),"""")","=IFERROR(__xludf.DUMMYFUNCTION(""Ifna(QUERY($A$3:$I$2000, """"select A where H="""" & $K244))""),"""")","=IFERROR(__xludf.DUMMYFUNCTION(""Ifna(QUERY($A$3:$I$2000, """"select A where I="""" & $K244))""),4.0)",,,,,,,,,
,,,,,,,,,,243.0,"=IFERROR(__xludf.DUMMYFUNCTION(""Ifna(QUERY($A$3:$I$2000, """"select A where B="""" & $K245))""),"""")","=IFERROR(__xludf.DUMMYFUNCTION(""Ifna(QUERY($A$3:$I$2000, """"select A where C="""" & $K245))""),"""")","=IFERROR(__xludf.DUMMYFUNCTION(""Ifna(QUERY($A$3:$I$2000, """"select A where D="""" & $K245))""),"""")","=IFERROR(__xludf.DUMMYFUNCTION(""Ifna(QUERY($A$3:$I$2000, """"select A where E="""" & $K245))""),"""")","=IFERROR(__xludf.DUMMYFUNCTION(""Ifna(QUERY($A$3:$I$2000, """"select A where F="""" & $K245))""),"""")","=IFERROR(__xludf.DUMMYFUNCTION(""Ifna(QUERY($A$3:$I$2000, """"select A where G="""" & $K245))""),"""")","=IFERROR(__xludf.DUMMYFUNCTION(""Ifna(QUERY($A$3:$I$2000, """"select A where H="""" & $K245))""),"""")","=IFERROR(__xludf.DUMMYFUNCTION(""Ifna(QUERY($A$3:$I$2000, """"select A where I="""" & $K245))""),"""")",,,,,,,,,
,,,,,,,,,,244.0,"=IFERROR(__xludf.DUMMYFUNCTION(""Ifna(QUERY($A$3:$I$2000, """"select A where B="""" & $K246))""),"""")","=IFERROR(__xludf.DUMMYFUNCTION(""Ifna(QUERY($A$3:$I$2000, """"select A where C="""" & $K246))""),"""")","=IFERROR(__xludf.DUMMYFUNCTION(""Ifna(QUERY($A$3:$I$2000, """"select A where D="""" & $K246))""),"""")","=IFERROR(__xludf.DUMMYFUNCTION(""Ifna(QUERY($A$3:$I$2000, """"select A where E="""" & $K246))""),"""")","=IFERROR(__xludf.DUMMYFUNCTION(""Ifna(QUERY($A$3:$I$2000, """"select A where F="""" & $K246))""),"""")","=IFERROR(__xludf.DUMMYFUNCTION(""Ifna(QUERY($A$3:$I$2000, """"select A where G="""" & $K246))""),"""")","=IFERROR(__xludf.DUMMYFUNCTION(""Ifna(QUERY($A$3:$I$2000, """"select A where H="""" & $K246))""),"""")","=IFERROR(__xludf.DUMMYFUNCTION(""Ifna(QUERY($A$3:$I$2000, """"select A where I="""" & $K246))""),"""")",,,,,,,,,
,,,,,,,,,,245.0,"=IFERROR(__xludf.DUMMYFUNCTION(""Ifna(QUERY($A$3:$I$2000, """"select A where B="""" & $K247))""),"""")","=IFERROR(__xludf.DUMMYFUNCTION(""Ifna(QUERY($A$3:$I$2000, """"select A where C="""" & $K247))""),"""")","=IFERROR(__xludf.DUMMYFUNCTION(""Ifna(QUERY($A$3:$I$2000, """"select A where D="""" & $K247))""),"""")","=IFERROR(__xludf.DUMMYFUNCTION(""Ifna(QUERY($A$3:$I$2000, """"select A where E="""" & $K247))""),"""")","=IFERROR(__xludf.DUMMYFUNCTION(""Ifna(QUERY($A$3:$I$2000, """"select A where F="""" & $K247))""),"""")","=IFERROR(__xludf.DUMMYFUNCTION(""Ifna(QUERY($A$3:$I$2000, """"select A where G="""" & $K247))""),"""")","=IFERROR(__xludf.DUMMYFUNCTION(""Ifna(QUERY($A$3:$I$2000, """"select A where H="""" & $K247))""),"""")","=IFERROR(__xludf.DUMMYFUNCTION(""Ifna(QUERY($A$3:$I$2000, """"select A where I="""" & $K247))""),"""")",,,,,,,,,
,,,,,,,,,,246.0,"=IFERROR(__xludf.DUMMYFUNCTION(""Ifna(QUERY($A$3:$I$2000, """"select A where B="""" & $K248))""),"""")","=IFERROR(__xludf.DUMMYFUNCTION(""Ifna(QUERY($A$3:$I$2000, """"select A where C="""" & $K248))""),"""")","=IFERROR(__xludf.DUMMYFUNCTION(""Ifna(QUERY($A$3:$I$2000, """"select A where D="""" & $K248))""),"""")","=IFERROR(__xludf.DUMMYFUNCTION(""Ifna(QUERY($A$3:$I$2000, """"select A where E="""" & $K248))""),"""")","=IFERROR(__xludf.DUMMYFUNCTION(""Ifna(QUERY($A$3:$I$2000, """"select A where F="""" & $K248))""),"""")","=IFERROR(__xludf.DUMMYFUNCTION(""Ifna(QUERY($A$3:$I$2000, """"select A where G="""" & $K248))""),"""")","=IFERROR(__xludf.DUMMYFUNCTION(""Ifna(QUERY($A$3:$I$2000, """"select A where H="""" & $K248))""),"""")","=IFERROR(__xludf.DUMMYFUNCTION(""Ifna(QUERY($A$3:$I$2000, """"select A where I="""" & $K248))""),"""")",,,,,,,,,
,,,,,,,,,,247.0,"=IFERROR(__xludf.DUMMYFUNCTION(""Ifna(QUERY($A$3:$I$2000, """"select A where B="""" & $K249))""),"""")","=IFERROR(__xludf.DUMMYFUNCTION(""Ifna(QUERY($A$3:$I$2000, """"select A where C="""" & $K249))""),"""")","=IFERROR(__xludf.DUMMYFUNCTION(""Ifna(QUERY($A$3:$I$2000, """"select A where D="""" & $K249))""),"""")","=IFERROR(__xludf.DUMMYFUNCTION(""Ifna(QUERY($A$3:$I$2000, """"select A where E="""" & $K249))""),"""")","=IFERROR(__xludf.DUMMYFUNCTION(""Ifna(QUERY($A$3:$I$2000, """"select A where F="""" & $K249))""),"""")","=IFERROR(__xludf.DUMMYFUNCTION(""Ifna(QUERY($A$3:$I$2000, """"select A where G="""" & $K249))""),"""")","=IFERROR(__xludf.DUMMYFUNCTION(""Ifna(QUERY($A$3:$I$2000, """"select A where H="""" & $K249))""),"""")","=IFERROR(__xludf.DUMMYFUNCTION(""Ifna(QUERY($A$3:$I$2000, """"select A where I="""" & $K249))""),"""")",,,,,,,,,
,,,,,,,,,,248.0,"=IFERROR(__xludf.DUMMYFUNCTION(""Ifna(QUERY($A$3:$I$2000, """"select A where B="""" & $K250))""),"""")","=IFERROR(__xludf.DUMMYFUNCTION(""Ifna(QUERY($A$3:$I$2000, """"select A where C="""" & $K250))""),"""")","=IFERROR(__xludf.DUMMYFUNCTION(""Ifna(QUERY($A$3:$I$2000, """"select A where D="""" & $K250))""),"""")","=IFERROR(__xludf.DUMMYFUNCTION(""Ifna(QUERY($A$3:$I$2000, """"select A where E="""" & $K250))""),"""")","=IFERROR(__xludf.DUMMYFUNCTION(""Ifna(QUERY($A$3:$I$2000, """"select A where F="""" & $K250))""),"""")","=IFERROR(__xludf.DUMMYFUNCTION(""Ifna(QUERY($A$3:$I$2000, """"select A where G="""" & $K250))""),"""")","=IFERROR(__xludf.DUMMYFUNCTION(""Ifna(QUERY($A$3:$I$2000, """"select A where H="""" & $K250))""),"""")","=IFERROR(__xludf.DUMMYFUNCTION(""Ifna(QUERY($A$3:$I$2000, """"select A where I="""" & $K250))""),3.0)",,,,,,,,,
,,,,,,,,,,249.0,"=IFERROR(__xludf.DUMMYFUNCTION(""Ifna(QUERY($A$3:$I$2000, """"select A where B="""" & $K251))""),"""")","=IFERROR(__xludf.DUMMYFUNCTION(""Ifna(QUERY($A$3:$I$2000, """"select A where C="""" & $K251))""),"""")","=IFERROR(__xludf.DUMMYFUNCTION(""Ifna(QUERY($A$3:$I$2000, """"select A where D="""" & $K251))""),"""")","=IFERROR(__xludf.DUMMYFUNCTION(""Ifna(QUERY($A$3:$I$2000, """"select A where E="""" & $K251))""),"""")","=IFERROR(__xludf.DUMMYFUNCTION(""Ifna(QUERY($A$3:$I$2000, """"select A where F="""" & $K251))""),"""")","=IFERROR(__xludf.DUMMYFUNCTION(""Ifna(QUERY($A$3:$I$2000, """"select A where G="""" & $K251))""),"""")","=IFERROR(__xludf.DUMMYFUNCTION(""Ifna(QUERY($A$3:$I$2000, """"select A where H="""" & $K251))""),"""")","=IFERROR(__xludf.DUMMYFUNCTION(""Ifna(QUERY($A$3:$I$2000, """"select A where I="""" & $K251))""),"""")",,,,,,,,,
,,,,,,,,,,250.0,"=IFERROR(__xludf.DUMMYFUNCTION(""Ifna(QUERY($A$3:$I$2000, """"select A where B="""" & $K252))""),"""")","=IFERROR(__xludf.DUMMYFUNCTION(""Ifna(QUERY($A$3:$I$2000, """"select A where C="""" & $K252))""),"""")","=IFERROR(__xludf.DUMMYFUNCTION(""Ifna(QUERY($A$3:$I$2000, """"select A where D="""" & $K252))""),"""")","=IFERROR(__xludf.DUMMYFUNCTION(""Ifna(QUERY($A$3:$I$2000, """"select A where E="""" & $K252))""),"""")","=IFERROR(__xludf.DUMMYFUNCTION(""Ifna(QUERY($A$3:$I$2000, """"select A where F="""" & $K252))""),"""")","=IFERROR(__xludf.DUMMYFUNCTION(""Ifna(QUERY($A$3:$I$2000, """"select A where G="""" & $K252))""),"""")","=IFERROR(__xludf.DUMMYFUNCTION(""Ifna(QUERY($A$3:$I$2000, """"select A where H="""" & $K252))""),"""")","=IFERROR(__xludf.DUMMYFUNCTION(""Ifna(QUERY($A$3:$I$2000, """"select A where I="""" & $K252))""),"""")",,,,,,,,,
,,,,,,,,,,251.0,"=IFERROR(__xludf.DUMMYFUNCTION(""Ifna(QUERY($A$3:$I$2000, """"select A where B="""" & $K253))""),"""")","=IFERROR(__xludf.DUMMYFUNCTION(""Ifna(QUERY($A$3:$I$2000, """"select A where C="""" & $K253))""),"""")","=IFERROR(__xludf.DUMMYFUNCTION(""Ifna(QUERY($A$3:$I$2000, """"select A where D="""" & $K253))""),"""")","=IFERROR(__xludf.DUMMYFUNCTION(""Ifna(QUERY($A$3:$I$2000, """"select A where E="""" & $K253))""),"""")","=IFERROR(__xludf.DUMMYFUNCTION(""Ifna(QUERY($A$3:$I$2000, """"select A where F="""" & $K253))""),"""")","=IFERROR(__xludf.DUMMYFUNCTION(""Ifna(QUERY($A$3:$I$2000, """"select A where G="""" & $K253))""),"""")","=IFERROR(__xludf.DUMMYFUNCTION(""Ifna(QUERY($A$3:$I$2000, """"select A where H="""" & $K253))""),"""")","=IFERROR(__xludf.DUMMYFUNCTION(""Ifna(QUERY($A$3:$I$2000, """"select A where I="""" & $K253))""),"""")",,,,,,,,,
,,,,,,,,,,252.0,"=IFERROR(__xludf.DUMMYFUNCTION(""Ifna(QUERY($A$3:$I$2000, """"select A where B="""" & $K254))""),"""")","=IFERROR(__xludf.DUMMYFUNCTION(""Ifna(QUERY($A$3:$I$2000, """"select A where C="""" & $K254))""),"""")","=IFERROR(__xludf.DUMMYFUNCTION(""Ifna(QUERY($A$3:$I$2000, """"select A where D="""" & $K254))""),"""")","=IFERROR(__xludf.DUMMYFUNCTION(""Ifna(QUERY($A$3:$I$2000, """"select A where E="""" & $K254))""),"""")","=IFERROR(__xludf.DUMMYFUNCTION(""Ifna(QUERY($A$3:$I$2000, """"select A where F="""" & $K254))""),"""")","=IFERROR(__xludf.DUMMYFUNCTION(""Ifna(QUERY($A$3:$I$2000, """"select A where G="""" & $K254))""),"""")","=IFERROR(__xludf.DUMMYFUNCTION(""Ifna(QUERY($A$3:$I$2000, """"select A where H="""" & $K254))""),"""")","=IFERROR(__xludf.DUMMYFUNCTION(""Ifna(QUERY($A$3:$I$2000, """"select A where I="""" & $K254))""),"""")",,,,,,,,,
,,,,,,,,,,253.0,"=IFERROR(__xludf.DUMMYFUNCTION(""Ifna(QUERY($A$3:$I$2000, """"select A where B="""" & $K255))""),"""")","=IFERROR(__xludf.DUMMYFUNCTION(""Ifna(QUERY($A$3:$I$2000, """"select A where C="""" & $K255))""),"""")","=IFERROR(__xludf.DUMMYFUNCTION(""Ifna(QUERY($A$3:$I$2000, """"select A where D="""" & $K255))""),"""")","=IFERROR(__xludf.DUMMYFUNCTION(""Ifna(QUERY($A$3:$I$2000, """"select A where E="""" & $K255))""),"""")","=IFERROR(__xludf.DUMMYFUNCTION(""Ifna(QUERY($A$3:$I$2000, """"select A where F="""" & $K255))""),"""")","=IFERROR(__xludf.DUMMYFUNCTION(""Ifna(QUERY($A$3:$I$2000, """"select A where G="""" & $K255))""),"""")","=IFERROR(__xludf.DUMMYFUNCTION(""Ifna(QUERY($A$3:$I$2000, """"select A where H="""" & $K255))""),"""")","=IFERROR(__xludf.DUMMYFUNCTION(""Ifna(QUERY($A$3:$I$2000, """"select A where I="""" & $K255))""),"""")",,,,,,,,,
,,,,,,,,,,254.0,"=IFERROR(__xludf.DUMMYFUNCTION(""Ifna(QUERY($A$3:$I$2000, """"select A where B="""" & $K256))""),"""")","=IFERROR(__xludf.DUMMYFUNCTION(""Ifna(QUERY($A$3:$I$2000, """"select A where C="""" & $K256))""),"""")","=IFERROR(__xludf.DUMMYFUNCTION(""Ifna(QUERY($A$3:$I$2000, """"select A where D="""" & $K256))""),"""")","=IFERROR(__xludf.DUMMYFUNCTION(""Ifna(QUERY($A$3:$I$2000, """"select A where E="""" & $K256))""),"""")","=IFERROR(__xludf.DUMMYFUNCTION(""Ifna(QUERY($A$3:$I$2000, """"select A where F="""" & $K256))""),"""")","=IFERROR(__xludf.DUMMYFUNCTION(""Ifna(QUERY($A$3:$I$2000, """"select A where G="""" & $K256))""),"""")","=IFERROR(__xludf.DUMMYFUNCTION(""Ifna(QUERY($A$3:$I$2000, """"select A where H="""" & $K256))""),"""")","=IFERROR(__xludf.DUMMYFUNCTION(""Ifna(QUERY($A$3:$I$2000, """"select A where I="""" & $K256))""),"""")",,,,,,,,,
,,,,,,,,,,255.0,"=IFERROR(__xludf.DUMMYFUNCTION(""Ifna(QUERY($A$3:$I$2000, """"select A where B="""" & $K257))""),"""")","=IFERROR(__xludf.DUMMYFUNCTION(""Ifna(QUERY($A$3:$I$2000, """"select A where C="""" & $K257))""),"""")","=IFERROR(__xludf.DUMMYFUNCTION(""Ifna(QUERY($A$3:$I$2000, """"select A where D="""" & $K257))""),"""")","=IFERROR(__xludf.DUMMYFUNCTION(""Ifna(QUERY($A$3:$I$2000, """"select A where E="""" & $K257))""),"""")","=IFERROR(__xludf.DUMMYFUNCTION(""Ifna(QUERY($A$3:$I$2000, """"select A where F="""" & $K257))""),"""")","=IFERROR(__xludf.DUMMYFUNCTION(""Ifna(QUERY($A$3:$I$2000, """"select A where G="""" & $K257))""),"""")","=IFERROR(__xludf.DUMMYFUNCTION(""Ifna(QUERY($A$3:$I$2000, """"select A where H="""" & $K257))""),"""")","=IFERROR(__xludf.DUMMYFUNCTION(""Ifna(QUERY($A$3:$I$2000, """"select A where I="""" & $K257))""),2.0)",,,,,,,,,
,,,,,,,,,,256.0,"=IFERROR(__xludf.DUMMYFUNCTION(""Ifna(QUERY($A$3:$I$2000, """"select A where B="""" & $K258))""),"""")","=IFERROR(__xludf.DUMMYFUNCTION(""Ifna(QUERY($A$3:$I$2000, """"select A where C="""" & $K258))""),"""")","=IFERROR(__xludf.DUMMYFUNCTION(""Ifna(QUERY($A$3:$I$2000, """"select A where D="""" & $K258))""),"""")","=IFERROR(__xludf.DUMMYFUNCTION(""Ifna(QUERY($A$3:$I$2000, """"select A where E="""" & $K258))""),"""")","=IFERROR(__xludf.DUMMYFUNCTION(""Ifna(QUERY($A$3:$I$2000, """"select A where F="""" & $K258))""),"""")","=IFERROR(__xludf.DUMMYFUNCTION(""Ifna(QUERY($A$3:$I$2000, """"select A where G="""" & $K258))""),"""")","=IFERROR(__xludf.DUMMYFUNCTION(""Ifna(QUERY($A$3:$I$2000, """"select A where H="""" & $K258))""),"""")","=IFERROR(__xludf.DUMMYFUNCTION(""Ifna(QUERY($A$3:$I$2000, """"select A where I="""" & $K258))""),1.0)",,,,,,,,,
,,,,,,,,,,257.0,"=IFERROR(__xludf.DUMMYFUNCTION(""Ifna(QUERY($A$3:$I$2000, """"select A where B="""" & $K259))""),"""")","=IFERROR(__xludf.DUMMYFUNCTION(""Ifna(QUERY($A$3:$I$2000, """"select A where C="""" & $K259))""),"""")","=IFERROR(__xludf.DUMMYFUNCTION(""Ifna(QUERY($A$3:$I$2000, """"select A where D="""" & $K259))""),"""")","=IFERROR(__xludf.DUMMYFUNCTION(""Ifna(QUERY($A$3:$I$2000, """"select A where E="""" & $K259))""),"""")","=IFERROR(__xludf.DUMMYFUNCTION(""Ifna(QUERY($A$3:$I$2000, """"select A where F="""" & $K259))""),"""")","=IFERROR(__xludf.DUMMYFUNCTION(""Ifna(QUERY($A$3:$I$2000, """"select A where G="""" & $K259))""),"""")","=IFERROR(__xludf.DUMMYFUNCTION(""Ifna(QUERY($A$3:$I$2000, """"select A where H="""" & $K259))""),"""")","=IFERROR(__xludf.DUMMYFUNCTION(""Ifna(QUERY($A$3:$I$2000, """"select A where I="""" & $K259))""),"""")",,,,,,,,,
,,,,,,,,,,258.0,"=IFERROR(__xludf.DUMMYFUNCTION(""Ifna(QUERY($A$3:$I$2000, """"select A where B="""" & $K260))""),"""")","=IFERROR(__xludf.DUMMYFUNCTION(""Ifna(QUERY($A$3:$I$2000, """"select A where C="""" & $K260))""),"""")","=IFERROR(__xludf.DUMMYFUNCTION(""Ifna(QUERY($A$3:$I$2000, """"select A where D="""" & $K260))""),"""")","=IFERROR(__xludf.DUMMYFUNCTION(""Ifna(QUERY($A$3:$I$2000, """"select A where E="""" & $K260))""),"""")","=IFERROR(__xludf.DUMMYFUNCTION(""Ifna(QUERY($A$3:$I$2000, """"select A where F="""" & $K260))""),"""")","=IFERROR(__xludf.DUMMYFUNCTION(""Ifna(QUERY($A$3:$I$2000, """"select A where G="""" & $K260))""),"""")","=IFERROR(__xludf.DUMMYFUNCTION(""Ifna(QUERY($A$3:$I$2000, """"select A where H="""" & $K260))""),"""")","=IFERROR(__xludf.DUMMYFUNCTION(""Ifna(QUERY($A$3:$I$2000, """"select A where I="""" & $K260))""),"""")",,,,,,,,,
,,,,,,,,,,259.0,"=IFERROR(__xludf.DUMMYFUNCTION(""Ifna(QUERY($A$3:$I$2000, """"select A where B="""" & $K261))""),"""")","=IFERROR(__xludf.DUMMYFUNCTION(""Ifna(QUERY($A$3:$I$2000, """"select A where C="""" & $K261))""),"""")","=IFERROR(__xludf.DUMMYFUNCTION(""Ifna(QUERY($A$3:$I$2000, """"select A where D="""" & $K261))""),"""")","=IFERROR(__xludf.DUMMYFUNCTION(""Ifna(QUERY($A$3:$I$2000, """"select A where E="""" & $K261))""),"""")","=IFERROR(__xludf.DUMMYFUNCTION(""Ifna(QUERY($A$3:$I$2000, """"select A where F="""" & $K261))""),"""")","=IFERROR(__xludf.DUMMYFUNCTION(""Ifna(QUERY($A$3:$I$2000, """"select A where G="""" & $K261))""),"""")","=IFERROR(__xludf.DUMMYFUNCTION(""Ifna(QUERY($A$3:$I$2000, """"select A where H="""" & $K261))""),"""")","=IFERROR(__xludf.DUMMYFUNCTION(""Ifna(QUERY($A$3:$I$2000, """"select A where I="""" & $K261))""),"""")",,,,,,,,,
